team,player
Netherlands,RH Scholte
Netherlands,RN ten Doeschate
Netherlands,Sikander Zulfiqar
Netherlands,A Dutt
Netherlands,SA Edwards
Netherlands,BP Kruger
Netherlands,MMA Jonkman
Netherlands,IJR Zwilling
Netherlands,J Van Der Werf
Netherlands,CN Ackermann
Netherlands,P Molkenboer
Netherlands,C Appel
Netherlands,PJ te Beest
Netherlands,JF Kloppenburg
Netherlands,LP van Troost
Netherlands,M Zwilling
Netherlands,DLS van Bunge
Netherlands,SL Kalis
Netherlands,JL de Mey
Netherlands,J Smits
Netherlands,CG Steenstra Toussaint
Netherlands,C Floyd
Netherlands,Vikramjit Singh
Netherlands,AF Buurman
Netherlands,WF Stelling
Netherlands,DT Doram
Netherlands,K Klein
Netherlands,DJ Reekers
Netherlands,T van der Gugten
Netherlands,PA van Meekeren
Netherlands,T van der Gun
Netherlands,ES Szwarczynski
Netherlands,DJ ter Braak
Netherlands,C de Lange
Netherlands,Musa Ahmed
Netherlands,EN Lynch
Netherlands,MBS Jonkman
Netherlands,RE van der Merwe
Netherlands,LK Bennett
Netherlands,S Khurana
Netherlands,TP Visee
Netherlands,E Schiferli
Netherlands,HWA Landheer
Netherlands,S Bruning
Netherlands,TJ Heggelman
Netherlands,M Levitt
Netherlands,TGJ Gruijters
Netherlands,RG Nijman
Netherlands,AT Nidamanuru
Netherlands,LV van Beek
Netherlands,EE Corder
Netherlands,VAB Tewarie
Netherlands,D Prins
Netherlands,Mohammad Kashif
Netherlands,BD Glover
Netherlands,F Overdijk
Netherlands,Ahsan Malik
Netherlands,AJ Staal
Netherlands,PW Borren
Netherlands,VJ Kingma
Netherlands,CC van Slobbe
Netherlands,R Rijke
Netherlands,NRJ Croes
Netherlands,MIW van den Raad
Netherlands,FEM Van Arkel
Netherlands,Mudassar Bukhari
Netherlands,D van Deventer
Netherlands,HJC Mol
Netherlands,M Landsman
Netherlands,JJ Esmeijer
Netherlands,Adeel Raja
Netherlands,HDJ Siegers
Netherlands,BFW de Leede
Netherlands,F Vermeire
Netherlands,W Barresi
Netherlands,G Bloemen
Netherlands,CJ Erkelens
Netherlands,TJG Pringle
Netherlands,Shariz Ahmad
Netherlands,MM Dekeling
Netherlands,J Pashley
Netherlands,PM Seelaar
Netherlands,DP Nannes
Netherlands,B de Leede
Netherlands,VCE Wattenberg
Netherlands,SJ Myburgh
Netherlands,M Kornet
Netherlands,TLW Cooper
Netherlands,D Hannema
Netherlands,I van der Woning
Netherlands,RP Lefebvre
Netherlands,BN Cooper
Netherlands,M Veringmeier
Netherlands,ELT de Lange
Netherlands,MP O'Dowd
Netherlands,L Egging
Netherlands,JC Hartenhof
Netherlands,AS Tanke
Netherlands,MWA van Nierop
Netherlands,L Hamilton
Netherlands,BE Fletcher
Netherlands,DM Braat
Netherlands,ZB Lion-Cachet
Netherlands,TS Braat
Netherlands,HC Overdijk
Netherlands,J Post
Netherlands,BP Loots
Netherlands,KJJ van Noortwijk
Netherlands,AS van Beuge
Netherlands,S Snater
Netherlands,HW Rambaldo
Netherlands,L Leemhuis
Netherlands,PRP Boissevain
Netherlands,TN de Grooth
Netherlands,B Zuiderent
Netherlands,AH Thomson
Netherlands,CH van Koolwijk
Netherlands,R Klein
Netherlands,AN Kervezee
Netherlands,BA Westdijk
Netherlands,MB van Schelven
Netherlands,MJG Rippon
Netherlands,TBM de Leede
Netherlands,SA Engelbrecht
Netherlands,S Siegers
Netherlands,Mariska Kornet
Netherlands,NA Statham
Netherlands,MEC de Fouw
Netherlands,N Kruger
Netherlands,RI Ahmed
Netherlands,MR Swart
Netherlands,J van Vliet
Netherlands,QWM Gunning
Netherlands,FJ Klaassen
Netherlands,Saqib Zulfiqar
Netherlands,RM van Oosterom
Netherlands,L Klokgieters
Netherlands,LM Hoitink
Kenya,GM Muthui
Kenya,E Otieno
Kenya,JK Kamande
Kenya,KO Otieno
Kenya,S Singh
Kenya,E Waithaka
Kenya,MN Jesani
Kenya,JO Ngoche
Kenya,AY Karim
Kenya,N Mugabe
Kenya,Vraj Patel
Kenya,Sukhdeep Singh
Kenya,Joseph Angara
Kenya,J Ogolla
Kenya,JS Ndanu
Kenya,R Achando
Kenya,AK Shukla
Kenya,V Abuga
Kenya,P Koech
Kenya,RN Patel
Kenya,KV Mehta
Kenya,SR Bhudia
Kenya,BJ Patel
Kenya,ML Patel
Kenya,MO Odumbe
Kenya,IA Karim
Kenya,RR Patel
Kenya,S Wetoto
Kenya,M Ochieng
Kenya,A Muoki
Kenya,S Juma
Kenya,RP Varsani
Kenya,MO Ndandason
Kenya,P Kerai
Kenya,JM Nthenya
Kenya,T Mishra
Kenya,HS Modi
Kenya,RG Aga
Kenya,EB Ringera
Kenya,M Mwangi
Kenya,F Odhiambo
Kenya,M Juma
Kenya,JS Jesani
Kenya,LN Onyango
Kenya,V Ooko
Kenya,TM Odoyo
Kenya,K Ogola
Kenya,HA Varaiya
Kenya,DI Allan
Kenya,RD Shah
Kenya,DS Wesonga
Kenya,F Mutua
Kenya,AW Wambua
Kenya,NN Odhiambo
Kenya,E Wachira
Kenya,M Ngoche
Kenya,DM Gondaria
Kenya,NM Odhiambo
Kenya,K Kaul
Kenya,J Abwom
Kenya,JS Ababu
Kenya,N Hirani
Kenya,AS Luseno
Kenya,RL Bhudia
Kenya,RD Gudhka
Kenya,Vishil Patel
Kenya,AR Gandhi
Kenya,SC Patel
Kenya,SW Kinyua
Kenya,S Gill
Kenya,RK Kaibunga
Kenya,JS Kundi
Kenya,A Wanjira
Kenya,LN Oluoch
Kenya,SR Waters
Kenya,MA Suji
Kenya,ZM Hamisi
Kenya,AO Suji
Kenya,Yash Talati
Kenya,Zahid Abbas
Kenya,SO Tikolo
Kenya,P Sharma
Kenya,PJ Ongondo
Kenya,Tanzeel Sheikh
Kenya,NK Patel
Kenya,M Ndhambi
Kenya,C Muthoni
Kenya,JL Bhimji
Kenya,Q Abel
Kenya,DO Obuya
Kenya,J Otieno
Kenya,L Idambo
Kenya,SO Ngoche
Kenya,M Ahono
Kenya,CO Obuya
Kenya,S Biko
Kenya,MA Ouma
Kenya,MI Khagoitsa
Kenya,AA Obanda
Kenya,D Njoroge
Kenya,Gurdeep Singh
Kenya,J Ajiambo
Kenya,E Ochieng
Kenya,RP Mepani
Kenya,Aarnav Patel
India,Joginder Sharma
India,TU Deshpande
India,SB Bangar
India,L Balaji
India,A Sharma
India,Sandeep Sharma
India,Mandeep Singh
India,KK Ahmed
India,GH Vihari
India,Pankaj Singh
India,Renuka Singh
India,Priya Mishra
India,CV Varun
India,M Mani
India,HV Patel
India,K Gowtham
India,M Kaif
India,Vaishnavi Sharma
India,D Padikkal
India,N Niranjana
India,RP Singh
India,NA Buley
India,Kuldeep Yadav
India,Gurkeerat Singh
India,C Prathyusha
India,R Malhotra
India,RS Gavaskar
India,H Kaur
India,S Sreesanth
India,PS Punia
India,Harshit Rana
India,MC Patel
India,SS Das
India,D Dasgupta
India,PP Shaw
India,S Pandey
India,H Deol
India,R Kanojiya
India,KS Ahuja
India,M Markande
India,P Kumar
India,SN Khan
India,G Sultana
India,S Sriram
India,Z Khan
India,Ishan Kishan
India,Umran Malik
India,S Dube
India,MH Sumra
India,P Roy
India,N David
India,BM Anusha
India,RA Jadeja
India,H Kala
India,JM Sharma
India,RR Pant
India,V Sehwag
India,PP Ojha
India,RD Gaikwad
India,Pratika Rawal
India,PP Chawla
India,M Prasidh Krishna
India,JD Unadkat
India,BB Sran
India,S Nadeem
India,AB Sharma
India,MM Sharma
India,SS Iyer
India,SN Thakur
India,YH Bhatia
India,KS Gautam
India,Shubman Gill
India,SS Upadhyay
India,Raghvi Bist
India,Navdeep Saini
India,SK Raina
India,A Chopra
India,U Chetry
India,CA Pujara
India,KH Pandya
India,N Rana
India,A Kumble
India,W Jaffer
India,N Shree Charani
India,VRV Singh
India,RM Patidar
India,YBK Jaiswal
India,RG Sharma
India,SS Tiwary
India,J Srinath
India,Avesh Khan
India,MR Meshram
India,DP David
India,PG Raut
India,G Kamalini
India,A Mishra
India,YK Pathan
India,A Das
India,MS Kashyap
India,SK Naidu
India,Poonam Yadav
India,DP Vaidya
India,SK Yadav
India,R Dhar
India,SA Yadav
India,NV Ojha
India,R Ashwin
India,UT Yadav
India,RS Gayakwad
India,KV Sharma
India,R Dravid
India,S Naik
India,SV Samson
India,RK Parwin
India,AR Patel
India,A Nehra
India,TR Sadhu
India,K Goud
India,TS Hasabnis
India,L Kumari
India,T Natarajan
India,MP Yadav
India,A Kamboj
India,RD Chahar
India,KR Sen
India,B Sai Sudharsan
India,A Rawat
India,J Goswami
India,AB Dinda
India,V Kohli
India,Ravi Bishnoi
India,MK Pandey
India,MM Patel
India,SN Pradhan
India,M Raj
India,AB Kaur
India,K Anjali Sarvani
India,S Kaul
India,Washington Sundar
India,M Kartik
India,Mohammed Siraj
India,M Mehta
India,Nithish Kumar Reddy
India,S Dhawan
India,HH Pandya
India,S Aravind
India,S Badrinath
India,AA Deshpande
India,V Krishnamurthy
India,AM Rahane
India,Yuvraj Singh
India,M Joshi
India,T Bhatia
India,Harbhajan Singh
India,S Sharma
India,KS Bharat
India,Arshdeep Singh
India,J Yadav
India,RV Uthappa
India,Y Venugopal Rao
India,Sarandeep Singh
India,AT Rayudu
India,R Sharma
India,D Mongia
India,Shivam Mavi
India,A Soni
India,S Ishaque
India,R Dhawan
India,S Rana
India,IK Pathan
India,Meghna Singh
India,MS Dhoni
India,VR Aaron
India,Jai Prakash Yadav
India,MS Gony
India,S Tyagi
India,WP Saha
India,HK Badani
India,N Al Khadeer
India,Tilak Varma
India,I Sharma
India,RP Yadav
India,YS Chahal
India,R Vinay Kumar
India,S Verma
India,Dhruv Jurel
India,M Vijay
India,KV Jain
India,DJ Hooda
India,STR Binny
India,AB Agarkar
India,P Awana
India,RR Powar
India,E Bisht
India,KP Navgire
India,SD Bahadur
India,MK Tiwary
India,A Mukund
India,PA Patel
India,NM Parween
India,S Sandeep Warrier
India,Abhishek Sharma
India,MA Agarwal
India,RM Ghosh
India,R Parag
India,AA Patil
India,J Sharma
India,VR Iyer
India,BS Fulmali
India,B Kumar
India,R Sai Kishore
India,P Vastrakar
India,SZ Thakor
India,JJ Bumrah
India,FY Fazal
India,S Shubha
India,KL Rahul
India,SR Patil
India,Shahbaz Ahmed
India,A Reddy
India,SL Pujare
India,Mukesh Kumar
India,JI Rodrigues
India,D Hemalatha
India,SR Tendulkar
India,Mohammed Shami
India,RA Tripathi
India,Parvez Rasool
India,SG Satghare
India,SC Ganguly
India,TP Kanwar
India,N Tanwar
India,P Negi
India,S Sajana
India,S Asha
India,KK Nair
India,Akash Deep
India,SV Bahutule
India,Soniya Dabir
India,KD Karthik
India,Shafali Verma
India,S Meghana
India,Preeti Bose
India,AM Nayar
India,DB Sharma
India,RV Kalpana
India,VR Vanitha
India,G Gambhir
India,A Mithun
India,S Mandhana
India,MDT Kamini
India,P Dimri
India,KM Jadhav
India,DS Kulkarni
India,V Shankar
India,VVS Laxman
India,Ramandeep Singh
India,DL Chahar
India,C Sakariya
India,RK Singh
Sri Lanka,DAS Gunaratne
Sri Lanka,MD Gunathilaka
Sri Lanka,S Nisansala
Sri Lanka,SHT Kandamby
Sri Lanka,NGRP Jayasuriya
Sri Lanka,AC Jayangani
Sri Lanka,KMDN Kulasekara
Sri Lanka,A Dananjaya
Sri Lanka,DN Wellalage
Sri Lanka,MADD Surangika
Sri Lanka,BYA Mendis
Sri Lanka,I Ranaweera
Sri Lanka,LDVV Silva
Sri Lanka,RJMGM Rupasinghe
Sri Lanka,HDPK Dharmasena
Sri Lanka,HAM Samuddika
Sri Lanka,DS Weerakkody
Sri Lanka,PWDM Badalge
Sri Lanka,MA Aponso
Sri Lanka,S Sandeepani
Sri Lanka,PDRL Perera
Sri Lanka,SIP Fernando
Sri Lanka,N Thushara
Sri Lanka,K Weeraratne
Sri Lanka,UWMBCA Welegedara
Sri Lanka,CK Kapugedera
Sri Lanka,PLS Gamage
Sri Lanka,MG Vandort
Sri Lanka,JK Silva
Sri Lanka,LU Igalagamage
Sri Lanka,SMA Priyanjan
Sri Lanka,HIS Mendis
Sri Lanka,RMS Eranga
Sri Lanka,D Lakshan
Sri Lanka,NND de Silva
Sri Lanka,M Madara
Sri Lanka,KMC Bandara
Sri Lanka,SI Galagedara
Sri Lanka,HDRL Thirimanne
Sri Lanka,PWH de Silva
Sri Lanka,HDRS Silva
Sri Lanka,BMAJ Mendis
Sri Lanka,RS Vandort
Sri Lanka,MKDI Amerasinghe
Sri Lanka,HP Tillakaratne
Sri Lanka,KN Peiris
Sri Lanka,HML Madushani
Sri Lanka,M Ayodhya
Sri Lanka,V Viyaskanth
Sri Lanka,KADA Kanchana
Sri Lanka,MN Nawaz
Sri Lanka,HASD Siriwardene
Sri Lanka,MF Maharoof
Sri Lanka,TM Dilshan
Sri Lanka,G Wijekoon
Sri Lanka,SP de Alwis
Sri Lanka,D Madushanka
Sri Lanka,I Udana
Sri Lanka,SS Weerakkody
Sri Lanka,AD Janakanthymala
Sri Lanka,S Weerakoon
Sri Lanka,PW Gunaratne
Sri Lanka,PADLR Sandakan
Sri Lanka,MD Shanaka
Sri Lanka,ARS Silva
Sri Lanka,SK Dolawatte
Sri Lanka,KDK Vithanage
Sri Lanka,M Pathirana
Sri Lanka,WCA Ganegama
Sri Lanka,MS Atapattu
Sri Lanka,S Prasanna
Sri Lanka,S Ravikumar
Sri Lanka,LD Madushanka
Sri Lanka,JRMVB Sanjaya
Sri Lanka,SDNS Karunaratne
Sri Lanka,HMRKB Herath
Sri Lanka,WRS de Silva
Sri Lanka,HAPW Jayawardene
Sri Lanka,E Malinga
Sri Lanka,WGAKK Kulasuriya
Sri Lanka,NT Paranavitana
Sri Lanka,SL Malinga
Sri Lanka,M Pushpakumara
Sri Lanka,MGMCP Gunawardene
Sri Lanka,BOP Fernando
Sri Lanka,CKB Kulasekara
Sri Lanka,FDM Karunaratne
Sri Lanka,L Embuldeniya
Sri Lanka,CAK Rajitha
Sri Lanka,RAS Lakmal
Sri Lanka,CRD Fernando
Sri Lanka,J Mubarak
Sri Lanka,J Liyanage
Sri Lanka,LPC Silva
Sri Lanka,GSNFG Jayasuriya
Sri Lanka,OU Ranasinghe
Sri Lanka,HMCM Bandara
Sri Lanka,AD Mathews
Sri Lanka,B Fernando
Sri Lanka,DM de Silva
Sri Lanka,P Nissanka
Sri Lanka,NM Meepage
Sri Lanka,APS Lakshika
Sri Lanka,DPMD Jayawardene
Sri Lanka,ST de Silva
Sri Lanka,C Karunaratne
Sri Lanka,LD Chandimal
Sri Lanka,HMD Rasangika
Sri Lanka,PHT Kaushal
Sri Lanka,D Vihanga
Sri Lanka,PC de Silva
Sri Lanka,AGC Vimukthi
Sri Lanka,BKG Mendis
Sri Lanka,MDUS Jayasundera
Sri Lanka,N Pradeep
Sri Lanka,SM Warnapura
Sri Lanka,P Jayawickrama
Sri Lanka,PM Weerakkody
Sri Lanka,S Kalavitigoda
Sri Lanka,WU Tharanga
Sri Lanka,MNK Fernando
Sri Lanka,H Madavi
Sri Lanka,DNT Zoysa
Sri Lanka,RP Arnold
Sri Lanka,M Bhanuka
Sri Lanka,EMKNH Senavirathna
Sri Lanka,LHD Dilhara
Sri Lanka,M Methtananda
Sri Lanka,S Samarawickrama
Sri Lanka,M Muralitharan
Sri Lanka,DA Gunawardene
Sri Lanka,TCB Fernando
Sri Lanka,T Thushara
Sri Lanka,S Randiv
Sri Lanka,ST Jayasuriya
Sri Lanka,UDU Chandana
Sri Lanka,RLB Rambukwella
Sri Lanka,KTGD Prasad
Sri Lanka,C Gunasekara
Sri Lanka,DSK Madushanka
Sri Lanka,MDN Hansika
Sri Lanka,PHKD Mendis
Sri Lanka,C Wickramasinghe
Sri Lanka,MAA Sanjeewani
Sri Lanka,KTH Ratnayake
Sri Lanka,KADM Fernando
Sri Lanka,ML Udawatte
Sri Lanka,U Thimashini
Sri Lanka,MDKJ Perera
Sri Lanka,KNA Bandara
Sri Lanka,HHC Gunaratne
Sri Lanka,SI de Saram
Sri Lanka,WS Jayantha
Sri Lanka,I Dulani
Sri Lanka,KDU Prabodhani
Sri Lanka,CBRLS Kumara
Sri Lanka,D Gamage
Sri Lanka,M Nanayakkara
Sri Lanka,PM Liyanagamage
Sri Lanka,PM Pushpakumara
Sri Lanka,MVT Fernando
Sri Lanka,KNM Fernando
Sri Lanka,MDK Perera
Sri Lanka,NLTC Perera
Sri Lanka,K Kavindi
Sri Lanka,KS Lokuarachchi
Sri Lanka,MADI Hemantha
Sri Lanka,JDF Vandersay
Sri Lanka,R Sewwandi
Sri Lanka,N Dickwella
Sri Lanka,BAW Mendis
Sri Lanka,SMSM Senanayake
Sri Lanka,PARP Perera
Sri Lanka,GS Dinusha
Sri Lanka,BMSM Kumari
Sri Lanka,M Shiraz
Sri Lanka,MKGCP Lakshitha
Sri Lanka,PVD Chameera
Sri Lanka,H Karunaratne
Sri Lanka,M Shehani
Sri Lanka,WIA Fernando
Sri Lanka,PRCS Kumarihami
Sri Lanka,Tharika Sewwandi
Sri Lanka,GWHM Perera
Sri Lanka,KIC Asalanka
Sri Lanka,PBB Rajapaksa
Sri Lanka,P Rathnayake
Sri Lanka,KHRK Fernando
Sri Lanka,RAP Nissanka
Sri Lanka,AM Fernando
Sri Lanka,WK Dilhari
Sri Lanka,SSD Arachchige
Sri Lanka,EMDY Munaweera
Sri Lanka,RTM Mendis
Sri Lanka,KC Sangakkara
Sri Lanka,CR Seneviratna
Sri Lanka,PA de Silva
Sri Lanka,SS Pathirana
Sri Lanka,LE Kaushalya
Sri Lanka,TT Samaraweera
Sri Lanka,RS Kaluwitharana
Sri Lanka,S Gimhani
Sri Lanka,S Daniel
Sri Lanka,AK Perera
Sri Lanka,TAM Siriwardana
Sri Lanka,WPUJC Vaas
Sri Lanka,RMMP Rathnayake
Sri Lanka,M Theekshana
Sri Lanka,RMVD Gunaratne
Sri Lanka,CU Jayasinghe
Sri Lanka,K Mishara
South Africa,A Minny
South Africa,PL Harris
South Africa,JA Rudolph
South Africa,S Muthusamy
South Africa,G Coetzee
South Africa,HH Gibbs
South Africa,JL Ontong
South Africa,MV Boucher
South Africa,GH Bodi
South Africa,R Telemachus
South Africa,Z Mali
South Africa,C Jonker
South Africa,D Brevis
South Africa,C van der Westhuizen
South Africa,D Olivier
South Africa,KJ Abbott
South Africa,M de Lange
South Africa,PR Adams
South Africa,CS Terblanche
South Africa,S Lourens
South Africa,E Frosler
South Africa,YA Abdulla
South Africa,D Devnarain
South Africa,G Van Heerden
South Africa,GJ Snyman
South Africa,T Stubbs
South Africa,AL Phehlukwayo
South Africa,A Bosch
South Africa,S Lackay
South Africa,M Shezi
South Africa,AM Bacher
South Africa,TB de Bruyn
South Africa,A Simelane
South Africa,S Loubser
South Africa,GA Stuurman
South Africa,AG Puttick
South Africa,JM Kemp
South Africa,CA Ingram
South Africa,L Botha
South Africa,C Wyngaard
South Africa,CM Willoughby
South Africa,J Louw
South Africa,LB Williams
South Africa,LL Tsotsobe
South Africa,MM Letsoalo
South Africa,A Nel
South Africa,D van Niekerk
South Africa,AJ Hall
South Africa,RR Hendricks
South Africa,TS Cordes
South Africa,M Klaas
South Africa,JN Malan
South Africa,J Theron
South Africa,S Qeshile
South Africa,TL Moreki
South Africa,F de Wet
South Africa,VB van Jaarsveld
South Africa,K Meso
South Africa,M Ntini
South Africa,M Daniels
South Africa,AM Phangiso
South Africa,RK Kleinveldt
South Africa,N Mokoena
South Africa,PWA Mulder
South Africa,Dayyaan Galiem
South Africa,SSB Magala
South Africa,MN van Wyk
South Africa,L Ntanzi
South Africa,E Leie
South Africa,RE van der Merwe
South Africa,S Ismail
South Africa,T Henderson
South Africa,K Thomson
South Africa,A Khaka
South Africa,A Hlubi
South Africa,CJ Dala
South Africa,DL Piedt
South Africa,J Logtenberg
South Africa,RJ Peterson
South Africa,K Lion-Cachet
South Africa,F du Plessis
South Africa,DW Steyn
South Africa,Q de Kock
South Africa,R McLaren
South Africa,AN Petersen
South Africa,PJ van Biljon
South Africa,R van Tonder
South Africa,AK Markram
South Africa,HM Amla
South Africa,M Kapp
South Africa,OV Anderson
South Africa,M Terblanche
South Africa,Y Fourie
South Africa,P Subrayen
South Africa,R de Swardt
South Africa,H Davids
South Africa,E Marx
South Africa,T Chetty
South Africa,N Baneti
South Africa,G Kirsten
South Africa,M Joseph
South Africa,AB de Villiers
South Africa,R Frylinck
South Africa,HE van der Dussen
South Africa,DM Dupavillon
South Africa,J Raubenheimer
South Africa,AQM Yako
South Africa,AG Prince
South Africa,Codi Yusuf
South Africa,RA Herman
South Africa,J Prodehl
South Africa,D Pretorius
South Africa,M du Preez
South Africa,RE Levi
South Africa,KD Petersen
South Africa,TL Tsolekile
South Africa,AE Smith
South Africa,RR Rossouw
South Africa,JP Duminy
South Africa,F Behardien
South Africa,JT Smuts
South Africa,HG Kuhn
South Africa,AC Dawson
South Africa,C Brits
South Africa,L Wolvaardt
South Africa,C Bosch
South Africa,J Botha
South Africa,L Jones
South Africa,MS Tshabalala
South Africa,D Elgar
South Africa,S Luus
South Africa,S Smith
South Africa,GC Smith
South Africa,L Klusener
South Africa,C Esterhuizen
South Africa,J Hermann
South Africa,N Burger
South Africa,N Brand
South Africa,OEG Baartman
South Africa,DJ Vilas
South Africa,M Hayward
South Africa,AA Donald
South Africa,SM Pollock
South Africa,KT Maphaka
South Africa,A le Breton
South Africa,GJP Kruger
South Africa,DA Miller
South Africa,L Senokwane
South Africa,NA Moodley
South Africa,J Evans
South Africa,GF Linde
South Africa,JJ van der Wath
South Africa,A Nortje
South Africa,MP Breetzke
South Africa,LE Bosman
South Africa,SJ Erwee
South Africa,M Mpongwana
South Africa,M Mosehle
South Africa,WD Parnell
South Africa,Imran Tahir
South Africa,A Steyn
South Africa,N Mlaba
South Africa,F Tunnicliffe
South Africa,T de Zorzi
South Africa,M Jansen
South Africa,S Naidu
South Africa,Y van der Westhuizen
South Africa,WJ Lubbe
South Africa,S von Berg
South Africa,K Verreynne
South Africa,GL Cloete
South Africa,I Khan
South Africa,M Smook
South Africa,N Peter
South Africa,MA Ntobela
South Africa,R Searle
South Africa,R Ntozakhe
South Africa,JA Morkel
South Africa,D Ferreira
South Africa,K Zondo
South Africa,Zubayr Hamza
South Africa,Dewald Pretorius
South Africa,SR Harmer
South Africa,BC Fortuin
South Africa,K Rabada
South Africa,E Bosch
South Africa,C Fortuin
South Africa,AS Taai
South Africa,GC Viljoen
South Africa,CH Morris
South Africa,EM Moore
South Africa,T Shamsi
South Africa,SM Benade
South Africa,D Tucker
South Africa,D Paterson
South Africa,PJ Malan
South Africa,JN Rhodes
South Africa,RD Rickelton
South Africa,HH Dippenaar
South Africa,J Winster
South Africa,N Shangase
South Africa,SA Fritz
South Africa,SC Cook
South Africa,LG Pretorius
South Africa,L Sipamla
South Africa,E Theunissen
South Africa,TS Sekhukhune
South Africa,DJ Terbrugge
South Africa,D Wiese
South Africa,JH Kallis
South Africa,N Boje
South Africa,M Smit
South Africa,M De Ridder
South Africa,H Pieterse
South Africa,G Jafta
South Africa,BE Hendricks
South Africa,D Forrester
South Africa,N de Klerk
South Africa,Z de Bruyn
South Africa,M Morkel
South Africa,M Zondeki
South Africa,S van Zyl
South Africa,K Blair
South Africa,T Brits
South Africa,A Dercksen
South Africa,H Klaasen
South Africa,PE Kruger
South Africa,JF Smith
South Africa,APC Kilowan
South Africa,Y Potgieter
South Africa,O Kirsten
South Africa,L Goodall
South Africa,CL Tryon
South Africa,L Lee
South Africa,ND McKenzie
South Africa,AL Hodgkinson
South Africa,L Ngidi
South Africa,S Jafta
South Africa,KA Maharaj
South Africa,VD Philander
South Africa,T Bavuma
South Africa,DG Bedingham
South Africa,CK Langeveldt
South Africa,B Bezuidenhout
South Africa,M van Jaarsveld
South Africa,K Reyneke
West Indies,RD Jacobs
West Indies,JN Mohammed
West Indies,ST Gabriel
West Indies,DM Washington
West Indies,PA Browne
West Indies,E Brathwaite
West Indies,R Shepherd
West Indies,A Phillip
West Indies,DJG Sammy
West Indies,ACL Richards
West Indies,R Boyce
West Indies,K Gore
West Indies,Song Yangyang
West Indies,M Mangru
West Indies,BC Lara
West Indies,AS Joseph
West Indies,B Cooper
West Indies,NE Bonner
West Indies,CD Collymore
West Indies,JP Greaves
West Indies,KA Pollard
West Indies,SS Sawh
West Indies,DE Bernard
West Indies,JA Warrican
West Indies,JJC Lawson
West Indies,R Chandrika
West Indies,RA Austin
West Indies,AWJ Auguste
West Indies,CP Jack
West Indies,RR Ramdass
West Indies,RMAU Grimmond
West Indies,AK Peters
West Indies,GE Mathurin
West Indies,AJ Hosein
West Indies,Y Cariah
West Indies,DC Thomas
West Indies,RO Hinds
West Indies,RO Hurley
West Indies,WW Hinds
West Indies,DP Hyatt
West Indies,A Munisar
West Indies,SO Dowrich
West Indies,DR Smith
West Indies,J Da Silva
West Indies,DM Richards
West Indies,CO Browne
West Indies,FH Edwards
West Indies,S Chattergoon
West Indies,JL Carter
West Indies,N Pooran
West Indies,KOK Williams
West Indies,TA Imlach
West Indies,CK Holder
West Indies,S Shillingford
West Indies,KC Brathwaite
West Indies,DO Christian
West Indies,J Charles
West Indies,ML Cummins
West Indies,K Ramharack
West Indies,AM McCarthy
West Indies,OAC Banks
West Indies,SACA King
West Indies,K Schultz
West Indies,S Hector
West Indies,D Ganga
West Indies,BJ Bess
West Indies,VA Singh
West Indies,CA Henry
West Indies,D Mohammed
West Indies,TM Dowlin
West Indies,RS Morton
West Indies,PY Lavine
West Indies,JB Nero
West Indies,SL Quintyne
West Indies,RN Lewis
West Indies,JW Ogle-Thomas
West Indies,SSJ Brooks
West Indies,SA Campbelle
West Indies,KA Anderson
West Indies,KA Edwards
West Indies,SE Rutherford
West Indies,S Gajnabi
West Indies,TL Best
West Indies,J Andrew
West Indies,JE Taylor
West Indies,SF Daley
West Indies,FL Reifer
West Indies,RRS Cornwall
West Indies,SO Hetmyer
West Indies,NAM McLean
West Indies,J Layne
West Indies,G Motie
West Indies,TJ Bishop
West Indies,KAJ Roach
West Indies,K Pierre
West Indies,Kycia A Knight
West Indies,A Martin
West Indies,JD Campbell
West Indies,Reon King
West Indies,KR Mayers
West Indies,MC Bascombe
West Indies,Q Joseph
West Indies,CL Hooper
West Indies,MN Samuels
West Indies,C Hemraj
West Indies,D Joseph
West Indies,AM Samaroo
West Indies,AD Russell
West Indies,CAK Walton
West Indies,LMP Simmons
West Indies,ADS Fletcher
West Indies,MW Forde
West Indies,M Dillon
West Indies,RR Sarwan
West Indies,Z James
West Indies,CH Gayle
West Indies,RR Beaton
West Indies,OJ Phillips
West Indies,R Powell
West Indies,CN Nation
West Indies,MR Aguilleira
West Indies,F Walters
West Indies,WKD Perkins
West Indies,AB Fudadin
West Indies,AR Nurse
West Indies,LS Baker
West Indies,BA Parchment
West Indies,VC Drakes
West Indies,Akeem Jordan
West Indies,KOA Powell
West Indies,SH Lewis
West Indies,DJS Dottin
West Indies,AA Alleyne
West Indies,Z Motara
West Indies,CS Fraser
West Indies,N Deonarine
West Indies,JL Solozano
West Indies,KMA Paul
West Indies,AB Barath
West Indies,SC Joseph
West Indies,D Ramdin
West Indies,D Bishoo
West Indies,HK Matthews
West Indies,A Athanaze
West Indies,RS Williams
West Indies,KU Carty
West Indies,BP Nash
West Indies,T Holder
West Indies,KA Hope
West Indies,JN Hamilton
West Indies,RL Chase
West Indies,Kyshona A Knight
West Indies,DJ Bravo
West Indies,K Sinclair
West Indies,J Glasgow
West Indies,SW Ambris
West Indies,S Badree
West Indies,LAGL Kirby
West Indies,TD Smartt
West Indies,SK Springer
West Indies,JKC Claxton
West Indies,KSA McKenzie
West Indies,KY Ottley
West Indies,SS Connell
West Indies,AA Jangoo
West Indies,RR Simmonds
West Indies,CD Barnwell
West Indies,SJ Bruce
West Indies,HR Walsh
West Indies,SE Findlay
West Indies,R Rampaul
West Indies,NO Miller
West Indies,JO Holder
West Indies,OF Smith
West Indies,CS Baugh
West Indies,XM Marshall
West Indies,KAR Hodge
West Indies,SC Selman
West Indies,SD Hope
West Indies,KK Peters
West Indies,O Thomas
West Indies,AS Jaggernauth
West Indies,J Blackwood
West Indies,T Chanderpaul
West Indies,SS Grimmond
West Indies,DS Smith
West Indies,SS Cottrell
West Indies,OC McCoy
West Indies,T Hinds
West Indies,DC Drakes
West Indies,PT Collins
West Indies,K Santokie
West Indies,NK Crafton
West Indies,SJ Benn
West Indies,DK Butler
West Indies,ASS Fletcher
West Indies,CR Brathwaite
West Indies,IDR Bradshaw
West Indies,RL Powell
West Indies,RT Crandon
West Indies,KJ Harding
West Indies,LR Johnson
West Indies,SL Munroe
West Indies,SP Narine
West Indies,A Mohammed
West Indies,M Louis
West Indies,SR Taylor
West Indies,N Bidaisee
West Indies,NY McLean
West Indies,RA Reifer
West Indies,DM Bravo
West Indies,RR Emrit
West Indies,O Shields
West Indies,S Joseph
West Indies,E Lewis
West Indies,JNT Seales
West Indies,J Blades
West Indies,GC Tonge
West Indies,FA Allen
West Indies,MJ Mindley
West Indies,S Moseley
West Indies,DBL Powell
West Indies,BA King
West Indies,V Permaul
West Indies,C Isaac
West Indies,NT Pascal
West Indies,S Chanderpaul
Wellington,LR Dudding
Wellington,HC Francis
Wellington,HJH Marshall
Wellington,CR McLachlan
Wellington,EC Perry
Wellington,HK Bennett
Wellington,SL Morgan
Wellington,GE Plimmer
Wellington,RM Burns
Wellington,XA Jetly
Wellington,AC Kerr
Wellington,HJ Darlington
Wellington,JM Tashkoff
Wellington,MG Bracewell
Wellington,JW Hartshorn
Wellington,MA Abbas
Wellington,S Mackinder
Wellington,MA Pollard
Wellington,BV Sears
Wellington,Yahya Zeb
Wellington,AF Milne
Wellington,JD Gibson
Wellington,DP Conway
Wellington,NG Smith
Wellington,OA Boivin
Wellington,KLD Vishvaka
Wellington,N Baird
Wellington,TA Blundell
Wellington,TMM Newton
Wellington,NA Greenwood
Wellington,MJ Taylor
Wellington,NF Kelly
Wellington,FH Allen
Wellington,SJ Murdoch
Wellington,SFM Devine
Wellington,LV van Beek
Wellington,NE Codyre
Wellington,MJ Tugaga
Wellington,MJ Nofal
Wellington,MHW Papps
Wellington,G Sims
Wellington,SR Patel
Wellington,MW Snedden
Wellington,ML Green
Wellington,JM Kerr
Wellington,PF Younghusband
Wellington,TP Doropoulos
Wellington,JDS Neesham
Wellington,INC McKenzie
Wellington,A Verma
Wellington,JD Ryder
Wellington,EA Perry
Wellington,LJ Woodcock
Wellington,CJ Borgas
Wellington,LM Kasperek
Wellington,JA Simmons
Wellington,R Ravindra
Wellington,TB Robinson
Wellington,OR Newton
Wellington,JJNP Bhula
Wellington,IG McPeake
Wellington,RJ Bryant
Wellington,GR Severin
Wellington,LR Johns
Wellington,MS Rees
Wellington,OT Jackson
Wellington,CR Knott
Wellington,M Brown
Wellington,DM Doughty
Wellington,RH Priest
Wellington,FJ Colson
Wellington,CR King
Wellington,KM Chandler
Wellington,BC Molony
Wellington,TM Johnson
Wellington,L Ronchi
Wellington,MV Houghton
Wellington,JT McFadyen
Wellington,HKP Boam
Wellington,JS Patel
Wellington,LI Georgeson
Wellington,L Harris
Wellington,MP Singh
Wellington,SC Kuggeleijn
Wellington,AJ Hose
Otago,RN ten Doeschate
Otago,MBA Lamplough
Otago,JCT Boyle
Otago,S Hicks
Otago,C Viljoen
Otago,AJ Redmond
Otago,DC de Boorder
Otago,HJ Darlington
Otago,MB Bacon
Otago,MW Chu
Otago,LM Kotkamp
Otago,MG Bracewell
Otago,MD Craig
Otago,JM Cumming
Otago,ME Loe
Otago,R Clinton
Otago,BA Raine
Otago,JA Duffy
Otago,CM Deerness
Otago,DN Phillips
Otago,CG Blakely
Otago,T Muller
Otago,SA Oldershaw
Otago,GD Phillips
Otago,EJ Carson
Otago,HDJ Sixton
Otago,TK Parkes
Otago,WD Barnes
Otago,NG Smith
Otago,ATP Todd
Otago,LJ Carter
Otago,NM Kwant
Otago,ON Gain
Otago,LCN Smith
Otago,NF Kelly
Otago,JS Hunter
Otago,ZAJ Cumming
Otago,E Gray
Otago,JM Gibson
Otago,SR Wells
Otago,B Wheeler-Greenall
Otago,DK Ferns
Otago,IG Butler
Otago,OB Cox
Otago,MR Cowan
Otago,PJ Watkins
Otago,JDS Neesham
Otago,EJ Black
Otago,RJ Nicol
Otago,NB Beard
Otago,SW Bates
Otago,ATE Hazeldine
Otago,MD Rae
Otago,JT Todd
Otago,AW McKenzie
Otago,AK Kitchen
Otago,JK Fuller
Otago,OJ White
Otago,FC Leydon-Davis
Otago,LC Johnson
Otago,A Wellington
Otago,AS Browning
Otago,D Foxcroft
Otago,JO Holder
Otago,KJ Martin
Otago,GR Adams
Otago,HNK Jensen
Otago,SI Gray
Otago,BS Wilson
Otago,BNJ Lockrose
Otago,IR James
Otago,KE Ebrahim
Otago,PM Inglis
Otago,JJ Tasman-Jones
Otago,HD Rutherford
Otago,M Renwick
Otago,TM Johnson
Otago,MJ McClenaghan
Otago,N Wagner
Otago,MJG Rippon
Otago,B Herath
Otago,LI Georgeson
Otago,L Harris
Otago,JM McMillan
Otago,KL Gordon
Otago,JL Finnie
Otago,M Clarke
Otago,NT Broom
Otago Volts,T Muller
Otago Volts,SET Friday
Otago Volts,TN Clout
Otago Volts,GD Phillips
Otago Volts,TK Parkes
Otago Volts,JDS Neesham
Otago Volts,CM Smith
Otago Volts,NG Smith
Otago Volts,WD Barnes
Otago Volts,JD Ryder
Otago Volts,RN ten Doeschate
Otago Volts,SW Eathorne
Otago Volts,LJ Carter
Otago Volts,JD McKay
Otago Volts,BS Wilson
Otago Volts,BP Rodden
Otago Volts,BNJ Lockrose
Otago Volts,NB Beard
Otago Volts,RJ Nicol
Otago Volts,MD Rae
Otago Volts,JT Todd
Otago Volts,ATE Hazeldine
Otago Volts,HRW Kindley
Otago Volts,AJ Miles
Otago Volts,JCT Boyle
Otago Volts,NF Kelly
Otago Volts,JS Hunter
Otago Volts,AW McKenzie
Otago Volts,S Hicks
Otago Volts,BV Kneebone
Otago Volts,AK Kitchen
Otago Volts,ZAJ Cumming
Otago Volts,IA Robertson
Otago Volts,JK Fuller
Otago Volts,JJ Tasman-Jones
Otago Volts,BE Scott
Otago Volts,C Viljoen
Otago Volts,AJ Redmond
Otago Volts,HD Rutherford
Otago Volts,M Renwick
Otago Volts,TM Johnson
Otago Volts,DC de Boorder
Otago Volts,NL McCullum
Otago Volts,MB Bacon
Otago Volts,MW Chu
Otago Volts,BE Soper
Otago Volts,JM Gibson
Otago Volts,N Wagner
Otago Volts,MG Bracewell
Otago Volts,RM Duffy
Otago Volts,DJ Broom
Otago Volts,MJG Rippon
Otago Volts,MD Craig
Otago Volts,TC O'Connor
Otago Volts,TC Jones
Otago Volts,LI Georgeson
Otago Volts,RM Phillips
Otago Volts,JM Cumming
Otago Volts,RF Badenhorst
Otago Volts,SR Wells
Otago Volts,TJ Hart
Otago Volts,JM McMillan
Otago Volts,LC Johnson
Otago Volts,GW Croudis
Otago Volts,BB McCullum
Otago Volts,DK Ferns
Otago Volts,D Foxcroft
Otago Volts,JA Duffy
Otago Volts,CT Hawkins
Otago Volts,IG Butler
Otago Volts,JL Finnie
Otago Volts,MTMMJ Ave
Otago Volts,DN Phillips
Otago Volts,NT Broom
Auckland Aces,GJ Hopkins
Auckland Aces,M Sclanders
Auckland Aces,WT O'Donnell
Auckland Aces,JA Brown
Auckland Aces,BP Martin
Auckland Aces,TG McIntosh
Auckland Aces,BG Lister
Auckland Aces,RA Young
Auckland Aces,CD Fletcher
Auckland Aces,S Hicks
Auckland Aces,MS Chapman
Auckland Aces,A Ashok
Auckland Aces,NAJ Robinson
Auckland Aces,H Johal
Auckland Aces,RM ter Braak
Auckland Aces,F McGregor-Sumpter
Auckland Aces,MB McEwan
Auckland Aces,QLM Sunde
Auckland Aces,J McKenzie
Auckland Aces,DN Phillips
Auckland Aces,L Vincent
Auckland Aces,GD Phillips
Auckland Aces,Carl Cachopa
Auckland Aces,LD Watson
Auckland Aces,Aniket Parikh
Auckland Aces,C Munro
Auckland Aces,SC Meaker
Auckland Aces,FH Allen
Auckland Aces,B Cachopa
Auckland Aces,JA Raval
Auckland Aces,CS Martin
Auckland Aces,MJ Guptill
Auckland Aces,DJ Bartlett
Auckland Aces,RD Harrison
Auckland Aces,GK Beghin
Auckland Aces,CW Andrews
Auckland Aces,ML Guptill-Bunce
Auckland Aces,DK Ferns
Auckland Aces,J Sussex
Auckland Aces,WER Somerville
Auckland Aces,C de Grandhomme
Auckland Aces,SET Friday
Auckland Aces,Craig Cachopa
Auckland Aces,RJ Nicol
Auckland Aces,MR Quinn
Auckland Aces,L Delport
Auckland Aces,RS Sandhu
Auckland Aces,AK Kitchen
Auckland Aces,MJ Gibson
Auckland Aces,GH Worker
Auckland Aces,P Mustard
Auckland Aces,RR O'Donnell
Auckland Aces,Samrath Singh
Auckland Aces,RK Gulati
Auckland Aces,SB Keene
Auckland Aces,AL Olliver
Auckland Aces,MJ Barry
Auckland Aces,KD Mills
Auckland Aces,KA Jamieson
Auckland Aces,H Kannan
Auckland Aces,Bhupinder Singh
Auckland Aces,S Dixit
Auckland Aces,TS Nethula
Auckland Aces,DN Hakaraia
Auckland Aces,LN Stackpole
Auckland Aces,MW Alpe
Auckland Aces,OMR Pringle
Auckland Aces,BJ Horne
Auckland Aces,MJ McClenaghan
Auckland Aces,DJ Grobbelaar
Auckland Aces,N McAndrew
Auckland Aces,V Jeet
Auckland Aces,DS Hutchinson
Auckland Aces,CJ Briggs
Auckland Aces,MD Bates
Auckland Aces,LH Ferguson
Auckland Aces,SM Solia
Auckland Aces,BJ Jacobs
Australia,SK Warne
Australia,CP Tremain
Australia,BR Dorey
Australia,JL Hunter
Australia,D Brown
Australia,NM Lyon
Australia,XC Bartlett
Australia,SE Aley
Australia,KR Patterson
Australia,DM Kimmince
Australia,CR Smith
Australia,UT Khawaja
Australia,BA Williams
Australia,AM Hardie
Australia,RJ Quiney
Australia,M Klinger
Australia,T Murphy
Australia,MJ North
Australia,DA Warner
Australia,JM Bird
Australia,LJ Poulton
Australia,JM Fields
Australia,HWR Cartwright
Australia,MS Kasprowicz
Australia,JA Richardson
Australia,KJ Garth
Australia,C Green
Australia,JE Cameron
Australia,ML Lewis
Australia,CJ Boyce
Australia,PJ Forrest
Australia,Julie Hayes
Australia,HJ Darlington
Australia,B Laughlin
Australia,A Gardner
Australia,TR Birt
Australia,MT Renshaw
Australia,TA Copeland
Australia,JM Muirhead
Australia,NW Bracken
Australia,SJ Coyte
Australia,DJ Hussey
Australia,J Fraser-McGurk
Australia,TM McGrath
Australia,ML Love
Australia,SA Millanta
Australia,A Zampa
Australia,M Strano
Australia,M Beardman
Australia,CJ Green
Australia,B Lee
Australia,BJ Hodge
Australia,GJ Bailey
Australia,J Weatherald
Australia,GD McGrath
Australia,PJ Cummins
Australia,JP Inglis
Australia,CA Lynn
Australia,A King
Australia,KA Blackwell
Australia,LR Morris
Australia,T Wilson
Australia,JL Pattinson
Australia,DS Lehmann
Australia,A Sutherland
Australia,MJ Owen
Australia,EM Sampson
Australia,NM Hauritz
Australia,CL White
Australia,WA Agar
Australia,SE Marsh
Australia,BR McDermott
Australia,BL Mooney
Australia,W Sutherland
Australia,G Wareham
Australia,SD Heazlett
Australia,AJ Bichel
Australia,MJ Cosgrove
Australia,KL Britt
Australia,BJ Haddin
Australia,RJ Harris
Australia,SCG MacGill
Australia,CJ Ferguson
Australia,PR George
Australia,J Hayes
Australia,KL Rolton
Australia,BJ Clark
Australia,MM Lanning
Australia,AC Agar
Australia,RM Farrell
Australia,PM Nevill
Australia,SNJ O'Keefe
Australia,SM Harwood
Australia,TH David
Australia,AT Carey
Australia,PSP Handscomb
Australia,L Cheatle
Australia,S Campbell
Australia,M Jones
Australia,JS Paris
Australia,EA Burns
Australia,HL Ferling
Australia,BW Hilfenhaus
Australia,LK Hamilton
Australia,AJ Tye
Australia,EA Perry
Australia,RP Meredith
Australia,B Stanlake
Australia,CJL Rogers
Australia,DR Sams
Australia,MS Wade
Australia,DP Nannes
Australia,JR Philippe
Australia,SJ Elliott
Australia,MJ Clarke
Australia,ML Hayden
Australia,JP Behrendorff
Australia,EJ Villani
Australia,NM Coulter-Nile
Australia,LA Coleman
Australia,M Labuschagne
Australia,SPD Smith
Australia,P Litchfield
Australia,MA Beer
Australia,DJ Cullen
Australia,MW Short
Australia,JL Langer
Australia,BJ Webster
Australia,S Molineux
Australia,MEK Hussey
Australia,DT Christian
Australia,JM Holland
Australia,KM Beams
Australia,GA Manou
Australia,JC Price
Australia,MR Marsh
Australia,CT Bancroft
Australia,SJ Andrews
Australia,GJ Maxwell
Australia,SW Tait
Australia,JP Faulkner
Australia,DE Bollinger
Australia,IJ Harvey
Australia,JR Hazlewood
Australia,RL Haynes
Australia,DR Martyn
Australia,BJ Rohrer
Australia,AJ Finch
Australia,AJ Blackwell
Australia,DJM Short
Australia,MG Johnson
Australia,CJ McKay
Australia,MG Neser
Australia,PA Jaques
Australia,B Geeves
Australia,GB Hogg
Australia,SR Waugh
Australia,JW Hastings
Australia,A Wellington
Australia,JN Gillespie
Australia,WJ Pucovski
Australia,AJ Doolan
Australia,MP Kuhnemann
Australia,G Voll
Australia,SH Johnson
Australia,AA Noffke
Australia,NA McSweeney
Australia,JD Wildermuth
Australia,LC Sthalekar
Australia,JA Burns
Australia,BE McGain
Australia,T Sangha
Australia,ML Schutt
Australia,E Liddell
Australia,JP Maher
Australia,SA Abbott
Australia,A Symonds
Australia,CL Fitzpatrick
Australia,S Nitschke
Australia,PJ Hughes
Australia,S Konstas
Australia,NE Bolton
Australia,XJ Doherty
Australia,MJ Bulow
Australia,TD Paine
Australia,LM Keightley
Australia,RT Ponting
Australia,MC Henriques
Australia,L Ronchi
Australia,SR Watson
Australia,CJ Sayers
Australia,KW Richardson
Australia,PM Siddle
Australia,J Edwards
Australia,B Doggett
Australia,NJ Reardon
Australia,BJ Dwarshuis
Australia,JM Mennie
Australia,MG Bevan
Australia,B Vakarewa
Australia,JJ Krejza
Australia,LK Ebsary
Australia,TM Head
Australia,NJ Carey
Australia,MS Harris
Australia,SM Boland
Australia,KE Pike
Australia,GM Harris
Australia,AB McDonald
Australia,B Casson
Australia,H Graham
Australia,SR Clark
Australia,SM Katich
Australia,LA Pomersbach
Australia,DJ Worrall
Australia,AJ Turner
Australia,AJ Healy
Australia,NJ Maddinson
Australia,BR Dunk
Australia,MA Starc
Australia,JL Jonassen
Australia,EA Osborne
Australia,AC Gilchrist
Australia,C Connolly
Australia,GS Sandhu
Australia,EJM Cowan
Australia,TA McGregor
Australia,NT Ellis
Australia,JR Hopes
Australia,MP Stoinis
Australia,MJ Swepson
Australia,Fawad Ahmed
Australia,AC Voges
Australia,TJ Vlaeminck
Australia,BCJ Cutting
Loughborough Lightning,E Jones
Loughborough Lightning,KE Bryce
Loughborough Lightning,M Kelly
Loughborough Lightning,AC Jayangani
Loughborough Lightning,AE Jones
Loughborough Lightning,EA Perry
Loughborough Lightning,TG Norris
Loughborough Lightning,LCN Smith
Loughborough Lightning,LF Higham
Loughborough Lightning,EJ Villani
Loughborough Lightning,RL Grundy
Loughborough Lightning,AJ Freeborn
Loughborough Lightning,TF Brookes
Loughborough Lightning,SFM Devine
Loughborough Lightning,KM Beams
Loughborough Lightning,GA Elwiss
Loughborough Lightning,J Gardner
Loughborough Lightning,HK Matthews
Loughborough Lightning,PJ Scholfield
Loughborough Lightning,S Glenn
Loughborough Lightning,RL Haynes
Loughborough Lightning,SB Odedra
Loughborough Lightning,D van Niekerk
Loughborough Lightning,KL Gordon
Loughborough Lightning,BA Langston
Loughborough Lightning,M du Preez
Loughborough Lightning,GL Adams
Loughborough Lightning,JL Gunn
Southern Vipers,LK Bell
Southern Vipers,DN Wyatt
Southern Vipers,CR Knott
Southern Vipers,CM Edwards
Southern Vipers,CE Rudd
Southern Vipers,CM Taylor
Southern Vipers,M Kelly
Southern Vipers,M Brown
Southern Vipers,NE Farrant
Southern Vipers,S Mitchelmore
Southern Vipers,LS Greenway
Southern Vipers,CM Green
Southern Vipers,KL George
Southern Vipers,IV Collis
Southern Vipers,SW Bates
Southern Vipers,LCN Smith
Southern Vipers,FR Davies
Southern Vipers,TG Norris
Southern Vipers,R Southby
Southern Vipers,A Lee
Southern Vipers,ML Sturge
Southern Vipers,PAC Cowdrill
Southern Vipers,ND Dattani
Southern Vipers,MLL Taylor
Southern Vipers,TF Brookes
Southern Vipers,A Norgrove
Southern Vipers,EM McCaughan
Southern Vipers,FMK Morris
Southern Vipers,GH Lewis
Southern Vipers,A Brindle
Southern Vipers,AC Kerr
Southern Vipers,IECM Wong
Southern Vipers,FG Kemp
Southern Vipers,SJ McGlashan
Southern Vipers,SR Taylor
Southern Vipers,CE Dean
Southern Vipers,AJ Macleod
Southern Vipers,GA Elwiss
Southern Vipers,HK Matthews
Southern Vipers,TT Beaumont
Southern Vipers,N Harman
Southern Vipers,ER Chandler
Southern Vipers,PJ Scholfield
Southern Vipers,R Tyson
Southern Vipers,CAE Hill
Southern Vipers,AZ Monaghan
Southern Vipers,E Windsor
Southern Vipers,FM Trussler
Southern Vipers,MJG Nielsen
Southern Vipers,A Shrubsole
Southern Vipers,A Wellington
Southern Vipers,M du Preez
Southern Vipers,ME Bouchier
Southern Vipers,GL Adams
Southern Vipers,N Faltum
Chattogram Challengers,DAS Gunaratne
Chattogram Challengers,V Viyaskanth
Chattogram Challengers,PM Pushpakumara
Chattogram Challengers,Shoriful Islam
Chattogram Challengers,Al-Amin
Chattogram Challengers,CAK Walton
Chattogram Challengers,Shykat Ali
Chattogram Challengers,Zia-ur-Rehman
Chattogram Challengers,LMP Simmons
Chattogram Challengers,Tanzid Hasan
Chattogram Challengers,R Shepherd
Chattogram Challengers,UBT Chand
Chattogram Challengers,Shamim Hossain
Chattogram Challengers,LE Plunkett
Chattogram Challengers,CH Gayle
Chattogram Challengers,Shahadat Hossain
Chattogram Challengers,Nasir Hossain
Chattogram Challengers,K Lewis
Chattogram Challengers,Nurul Hasan
Chattogram Challengers,Darwish Rasooli
Chattogram Challengers,TC Bruce
Chattogram Challengers,BAC Howell
Chattogram Challengers,Irfan Sukkur
Chattogram Challengers,Muktar Ali
Chattogram Challengers,Nihaduzzaman
Chattogram Challengers,Mahmudullah
Chattogram Challengers,Enamul Haque jnr
Chattogram Challengers,Imrul Kayes
Chattogram Challengers,WIA Fernando
Chattogram Challengers,Ziaur Rahman
Chattogram Challengers,Zakir Hasan
Chattogram Challengers,J Brown
Chattogram Challengers,Shuvagata Hom
Chattogram Challengers,Waseem Muhammad
Chattogram Challengers,Mrittunjoy Chowdhury
Chattogram Challengers,Mehedi Maruf
Chattogram Challengers,Rejaur Rahman
Chattogram Challengers,Pinak Ghosh
Chattogram Challengers,Al-Amin Hossain
Chattogram Challengers,Farhad Reza
Chattogram Challengers,Abu Jayed
Chattogram Challengers,RR Emrit
Chattogram Challengers,Junaid Siddique
Chattogram Challengers,Usman Khan
Chattogram Challengers,Imran Uzzaman
Chattogram Challengers,Taijul Islam
Chattogram Challengers,MP O'Dowd
Chattogram Challengers,Akbar Ali
Chattogram Challengers,Afif Hossain
Chattogram Challengers,Shohidul Islam
Chattogram Challengers,Khawaja Nafay
Chattogram Challengers,Mehedi Hasan Miraz
Chattogram Challengers,Rubel Hossain
Chattogram Challengers,KOK Williams
Chattogram Challengers,Nasum Ahmed
Chattogram Challengers,RP Burl
Chattogram Challengers,Bilal Khan
Chattogram Challengers,Sabbir Rahman
Chattogram Challengers,Mukidul Islam
Chattogram Challengers,Mehedi Hasan Rana
Chattogram Challengers,Najibullah Zadran
Chattogram Challengers,WG Jacks
Chattogram Challengers,Towfiq Khan
Chattogram Challengers,Salauddin Sakil
Chattogram Challengers,Naeem Islam
Chattogram Challengers,C Campher
Minister Group Dhaka,AD Russell
Minister Group Dhaka,Mashrafe Mortaza
Minister Group Dhaka,Mohammad Naim
Minister Group Dhaka,Hasan Murad
Minister Group Dhaka,I Udana
Minister Group Dhaka,Arafat Sunny
Minister Group Dhaka,Azmatullah Omarzai
Minister Group Dhaka,Tamim Iqbal
Minister Group Dhaka,Mahmudullah
Minister Group Dhaka,Shamsur Rahman
Minister Group Dhaka,Shuvagata Hom
Minister Group Dhaka,Fazalhaq Farooqi
Minister Group Dhaka,Ebadat Hossain
Minister Group Dhaka,Qais Ahmad
Minister Group Dhaka,Imran Uzzaman
Minister Group Dhaka,Mohammad Shahzad
Minister Group Dhaka,Rubel Hossain
Minister Group Dhaka,Jahurul Islam
Minister Group Dhaka,Shafiul Islam
Bermuda,DDE Richardson
Bermuda,M Walker
Bermuda,OO Bascome
Bermuda,T Manders
Bermuda,J West
Bermuda,CR Foggo
Bermuda,JE Pitcher
Bermuda,KL Tucker
Bermuda,OGL Bascome
Bermuda,RD Steede
Bermuda,KC Hodsoll
Bermuda,FS Crockwell
Bermuda,JDP Albertze
Bermuda,Z Burgess
Bermuda,RDM Leverock
Bermuda,J Gilbert
Bermuda,Jonte Smith
Bermuda,RJ Trott
Bermuda,LOB Cann
Bermuda,K Furbert
Bermuda,DAP Darrell
Bermuda,SKW Kelly
Bermuda,MJ Scotland
Bermuda,Amari Ebbin
Bermuda,DMW Rawlins
Bermuda,DC Stovell
Bermuda,S Mukuddem
Bermuda,K Fubler
Bermuda,TE Tucker
Bermuda,JA DeSilva
Bermuda,MO Jones
Bermuda,RSJ Burrows
Bermuda,DL Hemp
Bermuda,AD Dore
Bermuda,J Smith
Bermuda,AR Pitcher
Bermuda,S Rayner
Bermuda,Chare Smith
Bermuda,Najiyah Raynor
Bermuda,J Edness
Bermuda,O Bascome
Bermuda,M Simmons
Bermuda,C Outerbridge
Bermuda,D Talbot
Bermuda,D Sabir
Bermuda,S Smith
Bermuda,DL Brangman
Bermuda,SD Outerbridge
Bermuda,S Dill
Bermuda,IH Romaine
Bermuda,DCC Borden
Bermuda,S Bremar
Bermuda,J Proctor
Bermuda,KAD Hurdle
Bermuda,AC Douglas
Bermuda,KS Leverock
Bermuda,JJ Tucker
Bermuda,K Tucker
Bermuda,CAW Jeffers
Bermuda,JT Darrell
Bermuda,TS Fray
Bermuda,GH O'Brien
Bermuda,JDA Richardson
Bermuda,RJ Robinson
Bermuda,H Durham
Bermuda,OL Pitcher
Bermuda,GH Maybury
Bermuda,ADJ Pitcher
Bermuda,KS James
Bermuda,BJ Hall
Bermuda,C Burgess
Bermuda,KE Bashir
Bermuda,DAW Hollis
Bermuda,CRM Douglas
Bermuda,JJ Celestine
Bermuda,CJ Smith
Bermuda,DA Minors
Bermuda,T Gibbons
Bermuda,C Trott
Bermuda,Z Tomlinson
Bermuda,J Anderson
Scotland,DR Brown
Scotland,FRJ Coleman
Scotland,A Aitken-Drummond
Scotland,RO Hussain
Scotland,RS Glen
Scotland,SJS Smith
Scotland,GM Hamilton
Scotland,MA Jones
Scotland,LR Naylor
Scotland,AC Evans
Scotland,TSS Mackintosh
Scotland,AH Maqsood
Scotland,JJ Davidson
Scotland,BJ Currie
Scotland,PL Mommsen
Scotland,OSM Rae
Scotland,RK Willis
Scotland,DE Budge
Scotland,NS Poonia
Scotland,C Abel
Scotland,NM Sheikh
Scotland,EL Watson
Scotland,CD Wallace
Scotland,RT Lyons
Scotland,BJ McMullen
Scotland,CN Greaves
Scotland,J Jarvis
Scotland,L Grant
Scotland,JH Davey
Scotland,CB Sole
Scotland,S Horley
Scotland,GD Drummond
Scotland,AJ Drummond
Scotland,FDW McCreath
Scotland,J Dickinson
Scotland,MQ Sheikh
Scotland,JH Stander
Scotland,PN Sproul
Scotland,MRJ Watt
Scotland,RM Haq
Scotland,PA Chatterji
Scotland,A Aitken
Scotland,O Davidson
Scotland,M Faisal
Scotland,MA Leask
Scotland,RR Watson
Scotland,TB Sole
Scotland,MD Rao
Scotland,HJW Gardiner
Scotland,JD Nel
Scotland,G Fontenla
Scotland,C Tear
Scotland,LI Wilkinson
Scotland,SW Currie
Scotland,A Neill
Scotland,KJ Coetzer
Scotland,MH Cross
Scotland,BTJ Wheal
Scotland,KE Bryce
Scotland,L Jack
Scotland,CJO Smith
Scotland,FE Urquhart
Scotland,SM Sharif
Scotland,CM Scott
Scotland,OGT Gould
Scotland,MA Parker
Scotland,MW Machan
Scotland,SJ Cameron
Scotland,G Goudie
Scotland,HRA Rainey
Scotland,JAR Blain
Scotland,M McColl
Scotland,O Bell
Scotland,GT Main
Scotland,NFI McCallum
Scotland,R Flannigan
Scotland,PJC Hoffmann
Scotland,MW Jones
Scotland,CD de Lange
Scotland,R Slater
Scotland,C Cassell
Scotland,ARI Umeed
Scotland,HG Munsey
Scotland,RV Hawkins
Scotland,OJ Hairs
Scotland,SG Whittingham
Scotland,A Lister
Scotland,DEM Carter
Scotland,Hamza Tahir
Scotland,GI Maiden
Scotland,GA Rogers
Scotland,K McGill
Scotland,A Hogg
Scotland,Zainullah Ihsan
Scotland,MM Iqbal
Scotland,CM Wright
Scotland,EM Priddle
Scotland,TC Bruce
Scotland,MM English
Scotland,CS MacLeod
Scotland,RML Taylor
Scotland,DF Watts
Scotland,I Wardlaw
Scotland,RAJ Smith
Scotland,SJ Bryce
Scotland,NM Carter
Scotland,KL Gordon
Scotland,RV Scholes
Scotland,CM McBride
Scotland,K Anderson
Scotland,RD Berrington
Scotland,S Haggo
Scotland,D Murphy
Scotland,N Robertson-Jack
Scotland,K Fraser
Mongolia,T Sumiya
Mongolia,B Namsrai
Mongolia,M Batnasan
Mongolia,G Anujin
Mongolia,S Gantulga
Mongolia,S Natsagdorj
Mongolia,T Batjargal
Mongolia,B Bulganchimeg
Mongolia,G Urjindulam
Mongolia,O Lutbayar
Mongolia,B Terbish
Mongolia,M Vivekanandan
Mongolia,O Amarjargal
Mongolia,Z Shurentsetseg
Mongolia,B Ichinkhorloo
Mongolia,G Ganbold
Mongolia,B Namuunzul
Mongolia,O Erdenebaatar
Mongolia,U Anujin
Mongolia,L Erdenebulgan
Mongolia,T Amarmend
Mongolia,J Erdenesuvd
Mongolia,M Altankhuyag
Mongolia,E Otgonbayar
Mongolia,M Enkhzul
Mongolia,D Jamyansuren
Mongolia,E Khaliunaa
Mongolia,B Unenchtseceg
Mongolia,T Tumursukh
Mongolia,E Batkhuyag
Mongolia,E Munkhbat
Mongolia,U Bayarjavkhlan
Mongolia,N Naranbaatar
Mongolia,J Tugsjargal
Mongolia,H Upadhyay
Mongolia,T Ariuntsetseg
Mongolia,B Narangerel
China,W Jing Zhang
China,Lu Cangcang
China,Yan HuaWen
China,Song Yangyang
China,Zi Mei
China,Pu Xianliang
China,Ma Qiancheng
China,Zhao Ning
China,Wenjing Yin
China,Yang Yu Xuan
China,Zhou Haijie
China,Yang Shen
China,LI Haoye
China,C Yudian
China,Wang Jing
China,Wang Liuyang
China,Zhi Xinyu
China,Shi Yu Feng
China,Mengting Liu
China,Xu Hao
China,Huang Junjie
China,YH Cai
China,Zheng Lili
China,L Yingying
China,Ying Zhou
China,Zhang Yanling
China,Li Jian
China,Gaofeng Hu
China,X Ruan
China,Jiaping Li
China,L Jie
China,Chen Zhuo Yue
China,Yu Miao
China,Zhuang Zelin
China,DZ Ma
China,Zhang Peng
China,Rongyu Zhao
China,Wang Huiying
China,Zong Yuechao
China,Chen Liang
China,Liu Xiaonan
China,Wang Yu
China,QS Tan
China,Song Yulin
China,HT Li
China,Yan Zuying
China,Zhang Yu Fei
China,Deng Jinqi
China,Zou Miao
China,Luo Shilin
China,Jin Yonghao
China,Tian Sen Qun
China,HJ Yan
China,Zou Kui
China,Zhang Xiangxue
China,Xu Qian
China,Han Junhui
China,Xie Kunkun
China,Zhai Dian Da
China,Yuanyuan Cai
China,Lei Sun
China,Xiuli Jin
China,Wang Luo Wanyu
China,Ke Tiansheng
China,Chen Xiaoran
China,Wu Juan
China,Han Lili
China,Ma Ruike
China,YF Zhu
China,Wang Qi
China,Huang Zhuo
China,Wang Zihao
China,Qing Yi
China,Wang Meng
China,Yin Chenhao
China,Shenjian Zheng
China,Jing Yang
China,N Sun
China,Zhang Chan
China,C Zhou
China,Wei Guo Lei
China,Feng Yu
China,Zhao Tianle
China,Hou Rui
China,Zhong Wenyi
China,Chen Xinyu
China,Jiang Shuyao
China,Ge Yongsheng
China,Cai Yuzhi
China,Zhang Mei
China,H Min Jian
China,Z Lyu
China,M Zhu
China,Chen Yue
China,Gong Yuting
China,Tian Suqing
China,Chen Jinfeng
China,Zhao Gaosheng
China,Song Yang Yang
China,F Song
China,Wei Haiting
China,Peng Liangyu
China,Zhang Yibing
China,Sun Meng Yao
China,Y Wang
China,Ye Weiji
New South Wales,CP Tremain
New South Wales,P Francis
New South Wales,L Shaw
New South Wales,CH Stobo
New South Wales,LD Hearne
New South Wales,NM Lyon
New South Wales,KR Patterson
New South Wales,BJ Holt
New South Wales,R Hackney
New South Wales,PJ Cummins
New South Wales,T Sangha
New South Wales,H Kerr
New South Wales,W Salzmann
New South Wales,SA Abbott
New South Wales,DR Sams
New South Wales,JM Bird
New South Wales,JR Philippe
New South Wales,DA Warner
New South Wales,DP Hughes
New South Wales,S Konstas
New South Wales,SPD Smith
New South Wales,O Davies
New South Wales,J Nisbet
New South Wales,BD Macdonald
New South Wales,MC Henriques
New South Wales,HNA Conway
New South Wales,J Edwards
New South Wales,B Nikitaras
New South Wales,M Gilkes
New South Wales,BJ Dwarshuis
New South Wales,TA Copeland
New South Wales,RR Ayre
New South Wales,JA Davies
New South Wales,DL Solway
New South Wales,NL Bertus
New South Wales,RR Hicks
New South Wales,JR Hazlewood
New South Wales,RR Pawson
New South Wales,DE Bollinger
New South Wales,H Jacobs
New South Wales,TW Gray
New South Wales,JJS Sangha
New South Wales,NJ Maddinson
New South Wales,NCR Larkin
New South Wales,R Hadley
New South Wales,LC Hatcher
New South Wales,MA Starc
New South Wales,PM Nevill
New South Wales,SNJ O'Keefe
New South Wales,MW Edwards
New South Wales,EJM Cowan
New South Wales,GS Sandhu
New South Wales,A Zampa
New South Wales,C Anderson
New South Wales,AJ Nair
New South Wales,CJ Green
Queensland,MP Kuhnemann
Queensland,NJ Rimmington
Queensland,LD Hearne
Queensland,JD Wildermuth
Queensland,XC Bartlett
Queensland,NA McSweeney
Queensland,JA Burns
Queensland,J Clayton
Queensland,D McLachlan
Queensland,T Whitney
Queensland,W Prestwidge
Queensland,UT Khawaja
Queensland,SJ Truloff
Queensland,H Kerr
Queensland,B Stanlake
Queensland,JJ Peirson
Queensland,M Labuschagne
Queensland,BC Floros
Queensland,BR McDermott
Queensland,CA Vidler
Queensland,HR Burdon
Queensland,T Straker
Queensland,LW Feldman
Queensland,A Jain
Queensland,S Skelly
Queensland,BE Street
Queensland,KW Richardson
Queensland,SD Heazlett
Queensland,HD Weibgen
Queensland,B Doggett
Queensland,MT Renshaw
Queensland,L Guthrie
Queensland,JJ Bazley
Queensland,LD Pfeffer
Queensland,PR George
Queensland,ST Geyer
Queensland,M Bryant
Queensland,S McGiffin
Queensland,C Sully
Queensland,BL Edwards
Queensland,MG Neser
Queensland,ACI Lovell
Queensland,GS Sandhu
Queensland,O Patterson
Queensland,MT Steketee
Queensland,CJ Gannon
Queensland,MJ Swepson
Queensland,JJ Ryan
Queensland,Thomas Balkin
Queensland,CR Hemphrey
Queensland,J Sinfield
Gloucestershire,BJJ Wells
Gloucestershire,ST Gabriel
Gloucestershire,MD Taylor
Gloucestershire,DM Housego
Gloucestershire,ER Bamber
Gloucestershire,HJH Marshall
Gloucestershire,M Klinger
Gloucestershire,GT Bell
Gloucestershire,T Murphy
Gloucestershire,DA Payne
Gloucestershire,JMR Taylor
Gloucestershire,M de Lange
Gloucestershire,APR Gidman
Gloucestershire,C Green
Gloucestershire,TC Lace
Gloucestershire,JD Warner
Gloucestershire,Anwar Ali
Gloucestershire,Miles Hammond
Gloucestershire,MD Craig
Gloucestershire,HJ Hankins
Gloucestershire,KC Brathwaite
Gloucestershire,PA van Meekeren
Gloucestershire,GJ McCarter
Gloucestershire,GT Hankins
Gloucestershire,GD Phillips
Gloucestershire,LA Charlesworth
Gloucestershire,GFB Scott
Gloucestershire,DJ Ahmed
Gloucestershire,AG Bailey
Gloucestershire,WA Tavare
Gloucestershire,WSA Williams
Gloucestershire,J Shaw
Gloucestershire,JP Phillips
Gloucestershire,LC Norwell
Gloucestershire,HT Tector
Gloucestershire,CDJ Dent
Gloucestershire,Zaman Akhter
Gloucestershire,JA Tattersall
Gloucestershire,RJ Montgomery
Gloucestershire,PSP Handscomb
Gloucestershire,GH Roderick
Gloucestershire,BTJ Wheal
Gloucestershire,AJ Tye
Gloucestershire,CN Miles
Gloucestershire,AS Dale
Gloucestershire,JB Lintott
Gloucestershire,AP Rouse
Gloucestershire,CJ Liddle
Gloucestershire,DC Goodman
Gloucestershire,TW Boorman
Gloucestershire,JK Fuller
Gloucestershire,BJ Webster
Gloucestershire,ID Saxelby
Gloucestershire,GS Drissell
Gloucestershire,P Mustard
Gloucestershire,CT Bancroft
Gloucestershire,GO Jones
Gloucestershire,DJM Short
Gloucestershire,TRG Hampton
Gloucestershire,JG Bethell
Gloucestershire,GL van Buuren
Gloucestershire,BG Charlesworth
Gloucestershire,C Campher
Gloucestershire,BMJ Allison
Gloucestershire,Naseem Shah
Gloucestershire,EWO Middleton
Gloucestershire,HJH Brookes
Gloucestershire,IA Cockbain
Gloucestershire,NLTC Perera
Gloucestershire,OJ Price
Gloucestershire,AA Rao
Gloucestershire,CL Herring
Gloucestershire,Mohammad Amir
Gloucestershire,BAC Howell
Gloucestershire,ZJ Chappell
Gloucestershire,G Roelofsen
Gloucestershire,CJ Sayers
Gloucestershire,K Noema-Barnett
Gloucestershire,RF Higgins
Gloucestershire,Zafar Gohar
Gloucestershire,TMJ Smith
Gloucestershire,MS Harris
Gloucestershire,DJ Lamb
Gloucestershire,James Bracey
Gloucestershire,TJ Price
Gloucestershire,DJ Worrall
Gloucestershire,PJ Grieshaber
Gloucestershire,WRS Gidman
Somerset,OJ Barnes
Somerset,J Hazell
Somerset,FJ Hill
Somerset,S Baker
Somerset,JC Harding
Somerset,M de Lange
Somerset,THS Rew
Somerset,WCF Smeed
Somerset,E Corney
Somerset,ORT Sale
Somerset,C Skelton
Somerset,M Pretorius
Somerset,CJ Anderson
Somerset,Sajid Khan
Somerset,Yasir Arafat
Somerset,MT Renshaw
Somerset,JG Myburgh
Somerset,HC Knight
Somerset,CA Ingram
Somerset,JT Ball
Somerset,IS Sodhi
Somerset,Azhar Ali
Somerset,T Kohler-Cadmore
Somerset,JA Brooks
Somerset,LM Harris
Somerset,PA van Meekeren
Somerset,JH Davey
Somerset,MJ Robbins
Somerset,JEK Rew
Somerset,DP Conway
Somerset,Abdur Rehman
Somerset,RE van der Merwe
Somerset,GFB Scott
Somerset,MJ Leach
Somerset,DR Gibson
Somerset,A Virdi
Somerset,DM Bess
Somerset,JF Thomas
Somerset,FC Wilson
Somerset,AN Petersen
Somerset,Babar Azam
Somerset,J Shaw
Somerset,TA Lammonby
Somerset,SJ Young
Somerset,MA Leask
Somerset,MTC Waller
Somerset,JE Taylor
Somerset,AWR Barrow
Somerset,ARJ Ogborne
Somerset,MJ Henry
Somerset,AC Munday
Somerset,EJ Byrom
Somerset,SN Luff
Somerset,A Griffiths
Somerset,AM Vaughan
Somerset,JT Langridge
Somerset,CR Jones
Somerset,RC Davies
Somerset,RR Rossouw
Somerset,DPMD Jayawardene
Somerset,D Elgar
Somerset,CH Gayle
Somerset,SR Dickson
Somerset,R Odgers
Somerset,CJL Rogers
Somerset,A Learoyd
Somerset,DP Nannes
Somerset,TLW Cooper
Somerset,KA Jones
Somerset,GW Thomas
Somerset,GS Drissell
Somerset,GH Dockrell
Somerset,L Gregory
Somerset,CT Bancroft
Somerset,HE Jones
Somerset,KJT Roberts
Somerset,C Cassell
Somerset,ARI Umeed
Somerset,Kasey Aldridge
Somerset,E Anderson
Somerset,CAJ Meschede
Somerset,Shoaib Bashir
Somerset,M Vijay
Somerset,T Banton
Somerset,A Wellington
Somerset,BGF Green
Somerset,C Campher
Somerset,GA Bartlett
Somerset,PD Trego
Somerset,TB Abell
Somerset,NRD Compton
Somerset,E Vukusic
Somerset,EO Leonard
Somerset,C Overton
Somerset,LP Goldsworthy
Somerset,AC Thomas
Somerset,JE Burke
Somerset,SM Davies
Somerset,Imam-ul-Haq
Somerset,L Ronchi
Somerset,JP Heywood
Somerset,JM Theedom
Somerset,PM Siddle
Somerset,CE Dean
Somerset,N Wagner
Somerset,ME Trescothick
Somerset,RP Meredith
Somerset,Sohail Tanvir
Somerset,L Jackson
Somerset,DJ Lamb
Somerset,R Davis
Somerset,C Kieswetter
Somerset,MD Bates
Somerset,J Allenby
Somerset,BG Randell
Somerset,J Overton
Somerset,N Holland
Somerset,AJ Hose
Somerset,JC Hildreth
Somerset,TD Rouse
Somerset,TD Groenewald
Vanuatu,M Carlot
Vanuatu,JD Allan
Vanuatu,TL Cutler
Vanuatu,R Ova
Vanuatu,M Mete
Vanuatu,J Rasu
Vanuatu,M Tarimiala
Vanuatu,A Mansale
Vanuatu,N Navaika
Vanuatu,V Tari
Vanuatu,T Kalosin
Vanuatu,JW Chilia
Vanuatu,ZK Shem
Vanuatu,K Niras
Vanuatu,MV Fare
Vanuatu,V Langiatu
Vanuatu,N Simelum
Vanuatu,N Unavalu
Vanuatu,R Andrew
Vanuatu,SA Deitz
Vanuatu,R Tari
Vanuatu,G Kaltongga
Vanuatu,D Wotu
Vanuatu,M Kenni
Vanuatu,PK Matautaava
Vanuatu,BA Viraliliu
Vanuatu,Obed Yosef
Vanuatu,G Mangau
Vanuatu,S Solman
Vanuatu,L Chilia
Vanuatu,RSK Samson
Vanuatu,MJ Avok
Vanuatu,JP Kaltapau
Vanuatu,J Vira
Vanuatu,J Dunn
Vanuatu,G Chilia
Vanuatu,L Natapei
Vanuatu,W Nalisa
Vanuatu,J Chilia
Vanuatu,SH Obed
Vanuatu,V Vira
Vanuatu,L Enoch
Vanuatu,A Griffin
Vanuatu,K Tari
Vanuatu,SW Kalworai
Vanuatu,L Tastuki
Vanuatu,V Mansale
Vanuatu,L Jacob
Vanuatu,A Chilia
Vanuatu,CC Blake
Vanuatu,W Wotu
Vanuatu,AL Stephen
Vanuatu,W Viraliliu
Vanuatu,N Kakor
Vanuatu,T Langa
Vanuatu,J Avok
Vanuatu,S Stephen
Vanuatu,D Smith
Vanuatu,N Nipiko
Vanuatu,C Tommy
Vanuatu,JC Sokomanu
Papua New Guinea,R Oa
Papua New Guinea,H Buruka
Papua New Guinea,WT Gavera
Papua New Guinea,H Hiri
Papua New Guinea,K Frank
Papua New Guinea,H Philip
Papua New Guinea,V Morea
Papua New Guinea,N Vanua
Papua New Guinea,KV Morea
Papua New Guinea,TP Ura
Papua New Guinea,S Jimmy
Papua New Guinea,M Charlie
Papua New Guinea,J Kariko
Papua New Guinea,T Ruma
Papua New Guinea,CJA Amini
Papua New Guinea,S Bau
Papua New Guinea,V Buruka
Papua New Guinea,V Araa
Papua New Guinea,L Nou
Papua New Guinea,CN Kent
Papua New Guinea,SI Kamea
Papua New Guinea,P Karoho
Papua New Guinea,JNT Vare
Papua New Guinea,I Toua
Papua New Guinea,M Jayphert
Papua New Guinea,CR Amini
Papua New Guinea,K John
Papua New Guinea,GP Tom
Papua New Guinea,SK Atai
Papua New Guinea,M Tom
Papua New Guinea,HJ Thomas
Papua New Guinea,N Pokana
Papua New Guinea,L Rajadurai
Papua New Guinea,D Ravu
Papua New Guinea,Patrick Nou
Papua New Guinea,P Siaka
Papua New Guinea,Boio Ray
Papua New Guinea,P Raho
Papua New Guinea,K Oala
Papua New Guinea,H Doriga
Papua New Guinea,HL Tau
Papua New Guinea,D Lohia
Papua New Guinea,V Guba
Papua New Guinea,HGV Vare
Papua New Guinea,Miria Raio
Papua New Guinea,CA Soper
Papua New Guinea,A Nao
Papua New Guinea,J Kila
Papua New Guinea,S Eno
Papua New Guinea,GO Jones
Papua New Guinea,G Toka
Papua New Guinea,K Doriga
Papua New Guinea,H Nou
Papua New Guinea,JB Reva
Papua New Guinea,A Vala
Papua New Guinea,N Ovasuru
Papua New Guinea,K Pala
Papua New Guinea,N Vare
Papua New Guinea,D Bau
Papua New Guinea,NM Ambo
Papua New Guinea,JWW Gardner
Papua New Guinea,E Pokana
Papua New Guinea,V Frank
Papua New Guinea,B Tau
Papua New Guinea,R Hekure
Papua New Guinea,Melanie Ani
Papua New Guinea,N Ila
Papua New Guinea,MD Dai
Papua New Guinea,AM Hicks
Papua New Guinea,S Ambo
Papua New Guinea,L Siaka
Papua New Guinea,BIS Elly
Papua New Guinea,K Seura
Papua New Guinea,VV Morea
Papua New Guinea,K Arua
Central Districts,KE Baxter
Central Districts,JR Lennox
Central Districts,AF Milne
Central Districts,RJ McCone
Central Districts,LR Dudding
Central Districts,SJ Cassidy
Central Districts,A van Deventer
Central Districts,MJ Hansen
Central Districts,SHA Rance
Central Districts,JD Ryder
Central Districts,EG Cunningham
Central Districts,JB Ogden
Central Districts,TMM Newton
Central Districts,BS Smith
Central Districts,RA Mair
Central Districts,GR Hay
Central Districts,AM Gaging
Central Districts,HM Rowe
Central Districts,TC Bruce
Central Districts,CK Leopard
Central Districts,AR Schaw
Central Districts,JCT Boyle
Central Districts,EJ Cohr
Central Districts,MG Hughes
Central Districts,TA Findlay
Central Districts,BL Wiggins
Central Districts,BJ Small
Central Districts,DAJ Bracewell
Central Districts,PA Chatterji
Central Districts,BM Wheeler
Central Districts,AY Patel
Central Districts,BM Tickner
Central Districts,K Noema-Barnett
Central Districts,LRPL Taylor
Central Districts,WA Young
Central Districts,KJ Gaging
Central Districts,HJ Armitage
Central Districts,GH Worker
Central Districts,CL Green
Central Districts,WC Ludick
Central Districts,BF Smith
Central Districts,RL Toole
Central Districts,G Scrivens
Central Districts,JFA Field
Central Districts,AE Treder
Central Districts,KA Tomlinson
Central Districts,MJ Greig
Central Districts,FJM Murray
Central Districts,W Clark
Central Districts,BM Johnson
Central Districts,GK Atkinson
Central Districts,BG Randell
Central Districts,Ashtuti Kumar
Central Districts,CG Heaphy
Central Districts,CS Pedersen
Central Districts,VMJ Taylor
Central Districts,AB Apperley
Central Districts,G Sims
Central Districts,MS Rees
Central Districts,RJ Watson
Central Districts,FDM Devonshire
Central Districts,NC Dodd
Central Districts,JM Watkin
Central Districts,JA Clarkson
Central Districts,OJS Bartlett
Central Districts,EMA McLeod
Central Districts,D Cleaver
Central Districts,MTMMJ Ave
Central Districts,D Foxcroft
Trinbago Knight Riders,ST Gabriel
Trinbago Knight Riders,AP Devcich
Trinbago Knight Riders,M Kelly
Trinbago Knight Riders,A Phillip
Trinbago Knight Riders,Yasir Shah
Trinbago Knight Riders,CJ Jordan
Trinbago Knight Riders,B Cooper
Trinbago Knight Riders,S Ramnath
Trinbago Knight Riders,KA Pollard
Trinbago Knight Riders,SD Parris
Trinbago Knight Riders,JPR Scantlebury-Searles
Trinbago Knight Riders,AJ Hosein
Trinbago Knight Riders,Y Cariah
Trinbago Knight Riders,S Pandey
Trinbago Knight Riders,J Da Silva
Trinbago Knight Riders,CA Ingram
Trinbago Knight Riders,AGS Gous
Trinbago Knight Riders,TK Curran
Trinbago Knight Riders,BB McCullum
Trinbago Knight Riders,N Pooran
Trinbago Knight Riders,M Deyal
Trinbago Knight Riders,KK Cooper
Trinbago Knight Riders,J Little
Trinbago Knight Riders,S Hector
Trinbago Knight Riders,T Webster
Trinbago Knight Riders,I Udana
Trinbago Knight Riders,CA Lynn
Trinbago Knight Riders,C Munro
Trinbago Knight Riders,JJ Roy
Trinbago Knight Riders,S Prasanna
Trinbago Knight Riders,HM Amla
Trinbago Knight Riders,MJ Guptill
Trinbago Knight Riders,S Gajnabi
Trinbago Knight Riders,O Prendergast
Trinbago Knight Riders,S Soogrim
Trinbago Knight Riders,SN Netravalkar
Trinbago Knight Riders,R Frylinck
Trinbago Knight Riders,DM Dupavillon
Trinbago Knight Riders,Kycia A Knight
Trinbago Knight Riders,K Pierre
Trinbago Knight Riders,TL Seifert
Trinbago Knight Riders,TH David
Trinbago Knight Riders,M du Preez
Trinbago Knight Riders,SR Patel
Trinbago Knight Riders,AD Russell
Trinbago Knight Riders,M Clarke
Trinbago Knight Riders,Shadab Khan
Trinbago Knight Riders,AD Hales
Trinbago Knight Riders,CAK Walton
Trinbago Knight Riders,SA Lewis
Trinbago Knight Riders,LMP Simmons
Trinbago Knight Riders,JDS Neesham
Trinbago Knight Riders,JC Carmichael
Trinbago Knight Riders,PV Tambe
Trinbago Knight Riders,Z James
Trinbago Knight Riders,Usman Tariq
Trinbago Knight Riders,RR Beaton
Trinbago Knight Riders,RR Sarwan
Trinbago Knight Riders,S Luus
Trinbago Knight Riders,Waqar Salamkheil
Trinbago Knight Riders,CN Nation
Trinbago Knight Riders,WKD Perkins
Trinbago Knight Riders,C Noel
Trinbago Knight Riders,AR Nurse
Trinbago Knight Riders,SL Dangore
Trinbago Knight Riders,H Madavi
Trinbago Knight Riders,K Alleyne
Trinbago Knight Riders,DJS Dottin
Trinbago Knight Riders,DT Christian
Trinbago Knight Riders,D Ramdin
Trinbago Knight Riders,Mohammad Hasnain
Trinbago Knight Riders,RS Williams
Trinbago Knight Riders,KU Carty
Trinbago Knight Riders,Kyshona A Knight
Trinbago Knight Riders,DJ Bravo
Trinbago Knight Riders,J Glasgow
Trinbago Knight Riders,LAGL Kirby
Trinbago Knight Riders,JKC Claxton
Trinbago Knight Riders,Hamza Tariq
Trinbago Knight Riders,SS Connell
Trinbago Knight Riders,AA Jangoo
Trinbago Knight Riders,Umar Akmal
Trinbago Knight Riders,LJA Julien
Trinbago Knight Riders,R Rampaul
Trinbago Knight Riders,NO Miller
Trinbago Knight Riders,Sikandar Raza
Trinbago Knight Riders,Mohammad Amir
Trinbago Knight Riders,HNK Jensen
Trinbago Knight Riders,SS Grimmond
Trinbago Knight Riders,T Hinds
Trinbago Knight Riders,NK Crafton
Trinbago Knight Riders,SJ Benn
Trinbago Knight Riders,JI Rodrigues
Trinbago Knight Riders,SP Narine
Trinbago Knight Riders,A Mohammed
Trinbago Knight Riders,NY McLean
Trinbago Knight Riders,DM Bravo
Trinbago Knight Riders,G Kodali
Trinbago Knight Riders,JNT Seales
Trinbago Knight Riders,L Tucker
Trinbago Knight Riders,N Edward
Trinbago Knight Riders,Ali Khan
Trinbago Knight Riders,JL Jonassen
Trinbago Knight Riders,L Lee
Trinbago Knight Riders,C Isaac
Trinbago Knight Riders,FC Jonas
Trinbago Knight Riders,Fawad Ahmed
Guyana Amazon Warriors,A Bramble
Guyana Amazon Warriors,JN Mohammed
Guyana Amazon Warriors,Hassan Khan
Guyana Amazon Warriors,Rashid Khan
Guyana Amazon Warriors,R Shepherd
Guyana Amazon Warriors,AC Jayangani
Guyana Amazon Warriors,B Cooper
Guyana Amazon Warriors,M de Lange
Guyana Amazon Warriors,RMAU Grimmond
Guyana Amazon Warriors,A Munisar
Guyana Amazon Warriors,B Laughlin
Guyana Amazon Warriors,DR Smith
Guyana Amazon Warriors,CA Ingram
Guyana Amazon Warriors,PG Wintz
Guyana Amazon Warriors,PO Millington
Guyana Amazon Warriors,D van Niekerk
Guyana Amazon Warriors,N Pooran
Guyana Amazon Warriors,A Zampa
Guyana Amazon Warriors,CJ Green
Guyana Amazon Warriors,K Ramharack
Guyana Amazon Warriors,NA Sowter
Guyana Amazon Warriors,BJ Hodge
Guyana Amazon Warriors,K Schultz
Guyana Amazon Warriors,TM Dilshan
Guyana Amazon Warriors,CA Lynn
Guyana Amazon Warriors,S Ismail
Guyana Amazon Warriors,Azam Khan
Guyana Amazon Warriors,A Khaka
Guyana Amazon Warriors,RS Primus
Guyana Amazon Warriors,PR Stirling
Guyana Amazon Warriors,Shoaib Malik
Guyana Amazon Warriors,BR McDermott
Guyana Amazon Warriors,SSJ Brooks
Guyana Amazon Warriors,Babar Azam
Guyana Amazon Warriors,SA Campbelle
Guyana Amazon Warriors,SFM Devine
Guyana Amazon Warriors,KA Anderson
Guyana Amazon Warriors,MJ Guptill
Guyana Amazon Warriors,Saim Ayub
Guyana Amazon Warriors,SE Rutherford
Guyana Amazon Warriors,S Gajnabi
Guyana Amazon Warriors,R Vincent
Guyana Amazon Warriors,AR Nedd
Guyana Amazon Warriors,SL Malinga
Guyana Amazon Warriors,SO Hetmyer
Guyana Amazon Warriors,G Motie
Guyana Amazon Warriors,TA Griffith
Guyana Amazon Warriors,JA Sinclair
Guyana Amazon Warriors,L Winfield-Hill
Guyana Amazon Warriors,D Pretorius
Guyana Amazon Warriors,N Smith
Guyana Amazon Warriors,C Hemraj
Guyana Amazon Warriors,SA Jacobs
Guyana Amazon Warriors,Shadab Khan
Guyana Amazon Warriors,CAK Walton
Guyana Amazon Warriors,EA Burns
Guyana Amazon Warriors,LMP Simmons
Guyana Amazon Warriors,JDS Neesham
Guyana Amazon Warriors,Q Sampson
Guyana Amazon Warriors,RR Sarwan
Guyana Amazon Warriors,RR Beaton
Guyana Amazon Warriors,MM Penfold
Guyana Amazon Warriors,CN Nation
Guyana Amazon Warriors,WKD Perkins
Guyana Amazon Warriors,SW Bates
Guyana Amazon Warriors,AB Fudadin
Guyana Amazon Warriors,TB Robinson
Guyana Amazon Warriors,ND Stewart
Guyana Amazon Warriors,LRPL Taylor
Guyana Amazon Warriors,CS Fraser
Guyana Amazon Warriors,N Deonarine
Guyana Amazon Warriors,KMA Paul
Guyana Amazon Warriors,Qais Ahmad
Guyana Amazon Warriors,Imran Tahir
Guyana Amazon Warriors,D Ramdin
Guyana Amazon Warriors,D Bishoo
Guyana Amazon Warriors,RS Williams
Guyana Amazon Warriors,K Sinclair
Guyana Amazon Warriors,MM Ali
Guyana Amazon Warriors,M Nandu
Guyana Amazon Warriors,N Latchman
Guyana Amazon Warriors,Naveen-ul-Haq
Guyana Amazon Warriors,JEC Franklin
Guyana Amazon Warriors,SS Connell
Guyana Amazon Warriors,CD Barnwell
Guyana Amazon Warriors,Umar Akmal
Guyana Amazon Warriors,Iftikhar Ahmed
Guyana Amazon Warriors,A Hunter
Guyana Amazon Warriors,OF Smith
Guyana Amazon Warriors,SC Selman
Guyana Amazon Warriors,SD Hope
Guyana Amazon Warriors,Mohammad Hafeez
Guyana Amazon Warriors,T Shamsi
Guyana Amazon Warriors,J Blackwood
Guyana Amazon Warriors,SR Patil
Guyana Amazon Warriors,Hazratullah
Guyana Amazon Warriors,SS Grimmond
Guyana Amazon Warriors,K Santokie
Guyana Amazon Warriors,D Wiese
Guyana Amazon Warriors,LR Johnson
Guyana Amazon Warriors,L Ronchi
Guyana Amazon Warriors,Rahmanullah Gurbaz
Guyana Amazon Warriors,SP Narine
Guyana Amazon Warriors,K Magram
Guyana Amazon Warriors,O Peters
Guyana Amazon Warriors,SR Taylor
Guyana Amazon Warriors,NY McLean
Guyana Amazon Warriors,RA Reifer
Guyana Amazon Warriors,RR Emrit
Guyana Amazon Warriors,H Klaasen
Guyana Amazon Warriors,Sohail Tanvir
Guyana Amazon Warriors,S Joseph
Guyana Amazon Warriors,J Blades
Guyana Amazon Warriors,L Harris
Guyana Amazon Warriors,CS Delport
Guyana Amazon Warriors,Ali Khan
Guyana Amazon Warriors,G Singh
Guyana Amazon Warriors,Shakib Al Hasan
Guyana Amazon Warriors,NJ Maddinson
Guyana Amazon Warriors,CL Tryon
Guyana Amazon Warriors,BA King
Guyana Amazon Warriors,V Permaul
Guyana Amazon Warriors,S Chanderpaul
New Zealand,GJ Hopkins
New Zealand,DJ Mitchell
New Zealand,ZGF Foulkes
New Zealand,DG Brownlie
New Zealand,TWM Latham
New Zealand,TD Astle
New Zealand,MD Bell
New Zealand,JW Wilson
New Zealand,AP Devcich
New Zealand,DR Flynn
New Zealand,SHA Rance
New Zealand,HJH Marshall
New Zealand,MJ Hay
New Zealand,KT Perkins
New Zealand,BM Halliday
New Zealand,EC Perry
New Zealand,HK Bennett
New Zealand,BP Martin
New Zealand,TG McIntosh
New Zealand,BG Lister
New Zealand,RA Young
New Zealand,MJ Fisher
New Zealand,AR Adams
New Zealand,AL Watkins
New Zealand,MS Chapman
New Zealand,A Ashok
New Zealand,GE Plimmer
New Zealand,SK Burke
New Zealand,RM Burns
New Zealand,AJ Redmond
New Zealand,JDP Oram
New Zealand,CJ Anderson
New Zealand,AC Kerr
New Zealand,NL McCullum
New Zealand,KDC Clarke
New Zealand,SJ McGlashan
New Zealand,MG Bracewell
New Zealand,MD Craig
New Zealand,MA Abbas
New Zealand,GD Elliott
New Zealand,BB McCullum
New Zealand,IS Sodhi
New Zealand,HB Shipley
New Zealand,CA Gurrey
New Zealand,JA Duffy
New Zealand,BV Sears
New Zealand,FL Mackay
New Zealand,RA Jones
New Zealand,NC Dodd
New Zealand,EMA McLeod
New Zealand,D Cleaver
New Zealand,SL Stewart
New Zealand,L Vincent
New Zealand,IE O'Brien
New Zealand,AF Milne
New Zealand,BJ Diamanti
New Zealand,JR Lennox
New Zealand,DP Conway
New Zealand,GD Phillips
New Zealand,EJ Carson
New Zealand,EM Bermingham
New Zealand,BG Illing
New Zealand,NG Smith
New Zealand,TMM Newton
New Zealand,TA Blundell
New Zealand,C Munro
New Zealand,JAH Marshall
New Zealand,CE McConchie
New Zealand,NJ Browne
New Zealand,PJ Ingram
New Zealand,CZ Harris
New Zealand,EP Thompson
New Zealand,TK Canning
New Zealand,NF Kelly
New Zealand,FH Allen
New Zealand,JA Raval
New Zealand,SFM Devine
New Zealand,CS Martin
New Zealand,MJ Guptill
New Zealand,CD Cumming
New Zealand,SEA Ruck
New Zealand,LR Down
New Zealand,WA Young
New Zealand,JM How
New Zealand,CD McMillan
New Zealand,PJ Wiseman
New Zealand,MHW Papps
New Zealand,HR Huddleston
New Zealand,SJ Tsukigawa
New Zealand,MJ Henry
New Zealand,MJ Greig
New Zealand,MR Gillespie
New Zealand,CJ Nevin
New Zealand,SE Bond
New Zealand,RJ Rolls
New Zealand,LMM Tahuhu
New Zealand,TL Seifert
New Zealand,W O'Rourke
New Zealand,AW Mathieson
New Zealand,TG Southee
New Zealand,KE Broadmore
New Zealand,SP Fleming
New Zealand,AM Peterson
New Zealand,MJG Nielsen
New Zealand,IG Butler
New Zealand,MH Richardson
New Zealand,BG Armstrong
New Zealand,FDM Devonshire
New Zealand,JM Watkin
New Zealand,WER Somerville
New Zealand,HM Tiffen
New Zealand,GA Guy
New Zealand,C de Grandhomme
New Zealand,IG Sharp
New Zealand,KA Knight
New Zealand,ML Green
New Zealand,JM Kerr
New Zealand,JDS Neesham
New Zealand,JD Ryder
New Zealand,AE Satterthwaite
New Zealand,LJ Woodcock
New Zealand,MM Penfold
New Zealand,RJ Nicol
New Zealand,SW Bates
New Zealand,SRH Curtis
New Zealand,MD Rae
New Zealand,BJ Watling
New Zealand,LM Kasperek
New Zealand,BJ Arnel
New Zealand,AK Kitchen
New Zealand,RM Hira
New Zealand,NH Patel
New Zealand,R Ravindra
New Zealand,AM Ellis
New Zealand,BM Wheeler
New Zealand,TB Robinson
New Zealand,KS Williamson
New Zealand,BM Tickner
New Zealand,LRPL Taylor
New Zealand,KD Clarke
New Zealand,GH Worker
New Zealand,FC Leydon-Davis
New Zealand,CL Cairns
New Zealand,DL Vettori
New Zealand,PG Fulton
New Zealand,IC Gaze
New Zealand,KP Walmsley
New Zealand,JEC Franklin
New Zealand,TA Boult
New Zealand,MF Fahey
New Zealand,HM Nicholls
New Zealand,D Foxcroft
New Zealand,HM Watson
New Zealand,KJ Martin
New Zealand,KD Mills
New Zealand,PA Hitchcock
New Zealand,KA Jamieson
New Zealand,RH Priest
New Zealand,SB Styris
New Zealand,LE Milliken
New Zealand,HNK Jensen
New Zealand,RA Mariu
New Zealand,RA Mair
New Zealand,HM Rowe
New Zealand,TC Bruce
New Zealand,RH Candy
New Zealand,IR James
New Zealand,MS Sinclair
New Zealand,KE Ebrahim
New Zealand,TS Nethula
New Zealand,PM Inglis
New Zealand,HD Rutherford
New Zealand,RG Hart
New Zealand,DAJ Bracewell
New Zealand,MDJ Walker
New Zealand,L Ronchi
New Zealand,AY Patel
New Zealand,JT McFadyen
New Zealand,MJ McClenaghan
New Zealand,MJ Santner
New Zealand,LJ Hamilton
New Zealand,N Wagner
New Zealand,NJ Astle
New Zealand,MJG Rippon
New Zealand,JS Patel
New Zealand,CJ Bowes
New Zealand,KL Pulford
New Zealand,AJ McKay
New Zealand,DR Tuffey
New Zealand,LR Doolan
New Zealand,MD Bates
New Zealand,MJ Mason
New Zealand,KG Anderson
New Zealand,GW Aldridge
New Zealand,LH Ferguson
New Zealand,SC Kuggeleijn
New Zealand,CFK van Wyk
New Zealand,PD McGlashan
New Zealand,FC Jonas
New Zealand,JA Clarkson
New Zealand,B Bezuidenhout
New Zealand,KA Heffernan
New Zealand,NT Broom
New Zealand,BJ Jacobs
England,JS Foster
England,HL Baker
England,BM Duckett
England,OE Robinson
England,IJL Trott
England,R MacDonald-Gay
England,LS Livingstone
England,AG Wharf
England,KL George
England,T Westley
England,SJ Cook
England,CJ Jordan
England,DA Payne
England,S Baker
England,SM Curran
England,A McGrath
England,NJ Shaw
England,NR Sciver-Brunt
England,GP Thorpe
England,M Gaur
England,JC Archer
England,HF Gurney
England,AN Davidson-Richards
England,ZS Ansari
England,JL Denly
England,AU Rashid
England,BA Stokes
England,OP Stone
England,GA Elwiss
England,HC Knight
England,IR Bell
England,TS Roland-Jones
England,SC Kerrigan
England,J Lewis
England,A Hartley
England,TS Mills
England,GK Davis
England,JT Ball
England,KM Leng
England,TK Curran
England,PJ Scholfield
England,GLS Scrimshaw
England,JM Anderson
England,RC Irani
England,Rehan Ahmed
England,AD Mascarenhas
England,LK Newton
England,C White
England,KH Sciver-Brunt
England,RA Birch
England,OJ Pope
England,SD Parry
England,JC Tongue
England,GL Adams
England,D Hazell
England,KK Jennings
England,OA Shah
England,CR Woakes
England,EJG Morgan
England,LJ Harper
England,C Pavely
England,LE Plunkett
England,MA Carberry
England,PA Nixon
England,MJ Leach
England,SC Meaker
England,LCN Smith
England,DR Gibson
England,MJ Saggers
England,KL Cross
England,JC Tredwell
England,DM Bess
England,EL Lamb
England,G Onions
England,JJ Roy
England,FC Wilson
England,TW Hartley
England,RS Bopara
England,FG Kemp
England,AZ Lees
England,GHS Garton
England,RJ Gleeson
England,BF Smith
England,KH Brunt
England,AN Cook
England,R Clarke
England,JM Dibble
England,MJ Potts
England,MD Stoneman
England,EL Arlott
England,J Smit
England,BT Foakes
England,AJ Stewart
England,PD Salt
England,CE Taylor
England,LA Dawson
England,L Wood
England,RJW Topley
England,L Winfield-Hill
England,RJ Kirtley
England,Z Crawley
England,MA Wood
England,SP Jones
England,LP Griffiths
England,CMG Atkins
England,BL Morgan
England,JL Gunn
England,MD Fisher
England,SR Patel
England,SR Hain
England,TR Ambrose
England,DN Wyatt
England,PD Collingwood
England,AD Hales
England,HC Brook
England,BA Carse
England,NE Farrant
England,ID Blackwell
England,L Filer
England,A Lyth
England,DJ Malan
England,DL Maddy
England,RL Grundy
England,RWT Key
England,SE Rowe
England,JO Troughton
England,AR Caddick
England,MP Bicknell
England,GS Ballance
England,SD Udal
England,JN Snape
England,JWA Taylor
England,RJ Burns
England,IECM Wong
England,IT Guha
England,JM Bairstow
England,DJ Willey
England,JW Dernbach
England,HJ Armitage
England,CMW Read
England,A Capsey
England,P Mustard
England,L Gregory
England,GO Jones
England,MJ Lumb
England,L Winfield
England,S Glenn
England,SB Odedra
England,MM Ali
England,LA Marsh
England,DP Sibley
England,EC Joyce
England,MJ Prior
England,NR Sciver
England,GJ Batty
England,JG Bethell
England,A Shrubsole
England,Shoaib Bashir
England,MS Crane
England,NV Knight
England,T Banton
England,SJ Harmison
England,MA Butcher
England,WG Jacks
England,EJCLRC Rainford-Brent
England,TT Bresnan
England,S Ecclestone
England,ME Bouchier
England,SV Collyer
England,SG Borthwick
England,LK Bell
England,SC Taylor
England,CM Edwards
England,JE Root
England,CT Tremlett
England,RKJ Dawson
England,VS Solanki
England,AGR Loudon
England,JWM Dalrymple
England,AF Giles
England,AE Jones
England,LS Greenway
England,NRD Compton
England,A Shahzad
England,BAM Heath
England,C Overton
England,PR Brown
England,ET Smith
England,FR Davies
England,JA Simpson
England,LC Pearson
England,A Khan
England,D Gough
England,SJ Taylor
England,WB Rankin
England,MB Loye
England,JM Vince
England,SM Davies
England,SCJ Broad
England,S Smale
England,S Mahmood
England,A Brindle
England,AAP Atkinson
England,DR Briggs
England,MH Yardy
England,MJ Hoggard
England,HL Colvin
England,JA Turner
England,CP Schofield
England,SW Billings
England,KP Pietersen
England,SI Mahmood
England,CE Dean
England,JL Smith
England,ME Trescothick
England,N Hussain
England,A Flintoff
England,G Chapple
England,TT Beaumont
England,DR Mousley
England,MW Parkinson
England,J Hull
England,MK Villiers
England,James Bracey
England,C Kieswetter
England,JP Crawley
England,MS Panesar
England,KL Gordon
England,LJ Wright
England,J Overton
England,H Hameed
England,BA Langston
England,GP Swann
England,CJ Connor
England,AJ Strauss
England,JC Buttler
England,SIR Dunkley
England,RL Johnson
England,DJ Pattinson
England,MR Ramprakash
England,MP Vaughan
England,DW Lawrence
England,JM Cox
England,Kabir Ali
England,ST Finn
England,RJ Sidebottom
England,SD Robson
Northern Districts,CP Tremain
Northern Districts,DJ Mitchell
Northern Districts,PD Bocock
Northern Districts,DG Brownlie
Northern Districts,AP Devcich
Northern Districts,DR Flynn
Northern Districts,AC Jayangani
Northern Districts,MBA Lamplough
Northern Districts,CJ Jordan
Northern Districts,BM Halliday
Northern Districts,SS Johnston
Northern Districts,KJ Abbott
Northern Districts,MW Downes
Northern Districts,T Wakelin
Northern Districts,MJ Fisher
Northern Districts,CD Fletcher
Northern Districts,CJ Anderson
Northern Districts,EAJ Richardson
Northern Districts,KDC Clarke
Northern Districts,E Wolland
Northern Districts,B Laughlin
Northern Districts,LS Mulivai
Northern Districts,EL Baker
Northern Districts,F McGregor-Sumpter
Northern Districts,IS Sodhi
Northern Districts,JJ Boult
Northern Districts,CA Gurrey
Northern Districts,AM Ewart
Northern Districts,BJ Pomare
Northern Districts,JAF Yovich
Northern Districts,CJ Swanson
Northern Districts,TC Goodin
Northern Districts,JAH Marshall
Northern Districts,CR Sarsfield
Northern Districts,NF Kelly
Northern Districts,JA Raval
Northern Districts,C Agafili
Northern Districts,SB Davey
Northern Districts,JD Baker
Northern Districts,FF Lellman
Northern Districts,A Mann
Northern Districts,TL Seifert
Northern Districts,JF Carter
Northern Districts,TG Southee
Northern Districts,JM Watkin
Northern Districts,C de Grandhomme
Northern Districts,KA Knight
Northern Districts,RPO Drysdale
Northern Districts,A Verma
Northern Districts,TJG Pringle
Northern Districts,SS Varcoe
Northern Districts,SR Naidu
Northern Districts,SRH Curtis
Northern Districts,BJ Watling
Northern Districts,AJA Wheater
Northern Districts,BJ Arnel
Northern Districts,SE Bowden
Northern Districts,NH Patel
Northern Districts,BR Hampton
Northern Districts,MB Templeton
Northern Districts,KS Williamson
Northern Districts,OJ White
Northern Districts,KD Clarke
Northern Districts,FC Leydon-Davis
Northern Districts,J Gardner
Northern Districts,RR O'Donnell
Northern Districts,S Glenn
Northern Districts,LH Heaps
Northern Districts,DL Vettori
Northern Districts,Carolyn Esterhuizen
Northern Districts,RK Gulati
Northern Districts,LF Boucher
Northern Districts,TA Boult
Northern Districts,A Wellington
Northern Districts,JD Hickey
Northern Districts,JH Brown
Northern Districts,FL Walker
Northern Districts,JEI Prasad
Northern Districts,B Popli
Northern Districts,OR Lobb
Northern Districts,AJ Rout
Northern Districts,MN Hyde
Northern Districts,Snehith Reddy
Northern Districts,SB Styris
Northern Districts,SK Patel
Northern Districts,GA Harris
Northern Districts,ZN Gibson
Northern Districts,BS Wilson
Northern Districts,JG Walker
Northern Districts,TS Nethula
Northern Districts,Y Kareem
Northern Districts,MJ Santner
Northern Districts,RM Christopherson
Northern Districts,PC Graham
Northern Districts,XE Bell
Northern Districts,N Wagner
Northern Districts,N Matthews
Northern Districts,KG Anderson
Northern Districts,HE Topp
Northern Districts,BG Randell
Northern Districts,GW Aldridge
Northern Districts,SC Kuggeleijn
Northern Districts,HR Cooper
Northern Districts,CB Rowell
Northern Districts,JJ Naylor
Northern Districts,B Bezuidenhout
United States of America,A Rajp
United States of America,Jannisar Khan
United States of America,KRP Silva
United States of America,RR Behera
United States of America,K Gore
United States of America,CH Williams
United States of America,Aijaz Ali
United States of America,Nasir Javed
United States of America,KG Darlington
United States of America,S Ramautar
United States of America,GC Bhogle
United States of America,RP Singh
United States of America,JJC Lawson
United States of America,C Beckford
United States of America,S Vashishat
United States of America,M Chaudhary
United States of America,CJ Anderson
United States of America,S Farooq
United States of America,Shubham Ranjane
United States of America,RP Alexander
United States of America,Naseer Jamali
United States of America,Jasdeep Singh
United States of America,M Kandanala
United States of America,T Marshall
United States of America,RM Jariwala
United States of America,Mohammad Mohsin
United States of America,P Nair
United States of America,RM Scott
United States of America,C Prasad
United States of America,AGS Gous
United States of America,NC McGarrell
United States of America,SR Mukkamalla
United States of America,Pooja Shah
United States of America,Abdullah Syed
United States of America,LC Romero
United States of America,CD Wright
United States of America,J Theron
United States of America,I Khaleel
United States of America,C Atkins
United States of America,LJ Cush
United States of America,CR Pagydyala
United States of America,B Akhilesh Reddy
United States of America,A Thyagarajan
United States of America,BO Shastri
United States of America,S Sohal
United States of America,JH Desai
United States of America,SJ Modani
United States of America,AAA Amsterdam
United States of America,A Sanford
United States of America,NT Gruny
United States of America,TO Carmichael
United States of America,CB Lambert
United States of America,H Shahid
United States of America,SK Chandhrasekar
United States of America,T Chopra
United States of America,R Ugarkar
United States of America,Moazzam Imtiaz
United States of America,Steven Ryan Taylor
United States of America,M Patwardhan
United States of America,AA Paradkar
United States of America,L Shetty
United States of America,OM Baker
United States of America,JM Willathgamuwa
United States of America,A Mishra
United States of America,RW Staple
United States of America,Harmeet Singh
United States of America,VM Vaghela
United States of America,MD Patel
United States of America,SV Wiig
United States of America,K Phillip
United States of America,A Gordon
United States of America,NP Doshi
United States of America,CAH Stevenson
United States of America,SP Krishnamurthi
United States of America,Fahad Babar
United States of America,TP Allen
United States of America,Pooja Ganesh
United States of America,J Drysdale
United States of America,Shayan Jahangir
United States of America,SN Netravalkar
United States of America,Maahi Madhavan
United States of America,SR Thadani
United States of America,IM Vaghela
United States of America,JH Patel
United States of America,Snigdha Paul
United States of America,A Desai
United States of America,CJ Gannon
United States of America,BS Bartley
United States of America,N Anand
United States of America,NI Standford
United States of America,AI Chudasama
United States of America,CA Reid
United States of America,AS Nadkarni
United States of America,Usman Shuja
United States of America,Usman Rafiq
United States of America,Aaron Jones
United States of America,EH Rendler
United States of America,TG Norris
United States of America,Rashid Zia
United States of America,MR Johnson
United States of America,S Kambalapalli
United States of America,DOD Rikhi
United States of America,EH Hutchinson
United States of America,K Ganesh
United States of America,AG Rao
United States of America,MK Patel
United States of America,LP Mullapudi
United States of America,Usman Ashraf
United States of America,RR Timbawala
United States of America,JL Aras
United States of America,Utkarsh Srivastava
United States of America,JS Malhotra
United States of America,Milind Kumar
United States of America,S Sriharsha
United States of America,SJ Massiah
United States of America,S Bhaskar
United States of America,U Iftikhar
United States of America,Bilal Khan
United States of America,AL Dodson
United States of America,MO Kain
United States of America,NR Kumar
United States of America,HR Walsh
United States of America,Akshay Homraj
United States of America,RA Marshall
United States of America,Danial Ahmed
United States of America,TK Patel
United States of America,XM Marshall
United States of America,L Ramjit
United States of America,SR Santhanam
United States of America,NP Kenjige
United States of America,RG Corns
United States of America,CC Alexander
United States of America,SK Patel
United States of America,Y Teki
United States of America,NK Patel
United States of America,E Claridge
United States of America,D Siva Kumar
United States of America,Yasir Mohammad
United States of America,D Dhingra
United States of America,A Mohammed
United States of America,Imran Awan
United States of America,Ali Sheikh
United States of America,SR Taylor
United States of America,G Kodali
United States of America,DJ Wakefield
United States of America,Muhammad Ghous
United States of America,SC van Schalkwyk
United States of America,B Bhadriraju
United States of America,Adil Bhatti
United States of America,SS Nadkarni
United States of America,IG Holland
United States of America,ST Eyyunni
United States of America,A Mehdi
United States of America,DL Blake
United States of America,Ali Khan
United States of America,G Singh
United States of America,Aparna Gurumurthy
United States of America,OT Wallerson
United States of America,HR Johnson
United States of America,A Kolan
United States of America,Ehsan Adil
United States of America,S Immadi
United States of America,SP Patel
Thailand,S Gawas
Thailand,Z Hoque
Thailand,P Maya
Thailand,N Chaihan
Thailand,Arrikan Phuengkho
Thailand,C Pengkumta
Thailand,S Desungnoen
Thailand,K Senamontree
Thailand,Nanthita Boonsukham
Thailand,Md Shafiqul Haque
Thailand,AV Lazarus
Thailand,N Nuntarach
Thailand,K Suttisan
Thailand,T Seesawan
Thailand,C Sutthiruang
Thailand,Ismail Sardar
Thailand,S Chaturongrattana
Thailand,Saran Maliwan
Thailand,J Pakhiaokajee
Thailand,T Putthawong
Thailand,A Suwanchonrathi
Thailand,Chayanisa Phengpaen
Thailand,N Chaiwai
Thailand,R Kanoh
Thailand,W Uisuk
Thailand,A Kalasi
Thailand,Sarbjot Singh
Thailand,K Namchaikul
Thailand,P Desungnoen
Thailand,K Saesong
Thailand,P Sungnard
Thailand,N Salekar
Thailand,O Kamchomphu
Thailand,N Senamontree
Thailand,W Liengprasert
Thailand,N Boochatham
Thailand,Sarawut Maliwan
Thailand,N Koncharoenkai
Thailand,S Lateh
Thailand,J Coetzee
Thailand,C Chatphaisan
Thailand,MK Thakur
Thailand,Y Saranonnakkun
Thailand,P Suanchuai
Thailand,N Pathan
Thailand,M Faheem
Thailand,RR Raina
Thailand,DF Jacobs
Thailand,P Prathanmitr
Thailand,N Srisuwan
Thailand,N Konchan
Thailand,Anowarul Islam
Thailand,HJ Jordaan
Thailand,B Leephatthana
Thailand,Robert Raina
Thailand,R Sangsoma
Thailand,S Rungrueang
Thailand,AP Yadav
Thailand,B Sombatraksa
Thailand,P Thongsa
Thailand,Vichanath Singh
Thailand,S Tippoch
Thailand,N Chantam
Thailand,W Ngowhuad
Thailand,S Laomi
Thailand,S Hongsi
Thailand,R Padunglerd
Thailand,S Khiaoto
Thailand,S Saenya
Thailand,NA Janes
Thailand,T Jeerapanthawong
Thailand,T Yotharat
Thailand,S Saengsakaorat
Thailand,W Maneerat
Middlesex,DJ Mitchell
Middlesex,RH Patel
Middlesex,ER Bamber
Middlesex,TG Helm
Middlesex,A Balbirnie
Middlesex,OP Rayner
Middlesex,KJ Abbott
Middlesex,HWR Cartwright
Middlesex,JAR Harris
Middlesex,TC Lace
Middlesex,JL Denly
Middlesex,OP Stone
Middlesex,TS Roland-Jones
Middlesex,TJ Murtagh
Middlesex,BB McCullum
Middlesex,AM Rossington
Middlesex,NJ Dexter
Middlesex,MDE Holden
Middlesex,JLB Davies
Middlesex,ML Cummins
Middlesex,JL du Plooy
Middlesex,CJ Green
Middlesex,NA Sowter
Middlesex,J Little
Middlesex,TL Greatwood
Middlesex,GJ Bailey
Middlesex,EJG Morgan
Middlesex,GFB Scott
Middlesex,RG White
Middlesex,JB Cracknell
Middlesex,PR Stirling
Middlesex,Mujeeb Ur Rahman
Middlesex,BC Cullen
Middlesex,LBK Hollman
Middlesex,UT Yadav
Middlesex,MD Stoneman
Middlesex,NN Gilchrist
Middlesex,AB de Villiers
Middlesex,AC Agar
Middlesex,TG Southee
Middlesex,DJ Lincoln
Middlesex,PSP Handscomb
Middlesex,TN Walallawita
Middlesex,N Fernandes
Middlesex,N Sharma
Middlesex,Shaheen Shah Afridi
Middlesex,CJL Rogers
Middlesex,HW Podmore
Middlesex,DJ Malan
Middlesex,Junaid Khan
Middlesex,JP Behrendorff
Middlesex,JK Fuller
Middlesex,JJ Feldman
Middlesex,J Yadav
Middlesex,MB Harris
Middlesex,KS Williamson
Middlesex,DT Christian
Middlesex,LRPL Taylor
Middlesex,DJ Bravo
Middlesex,JEC Franklin
Middlesex,TE Barber
Middlesex,SS Eskinazi
Middlesex,HJH Brookes
Middlesex,JA Burns
Middlesex,E Bosch
Middlesex,Mohammad Hafeez
Middlesex,MK Andersson
Middlesex,NRD Compton
Middlesex,PJ Malan
Middlesex,D Paterson
Middlesex,SHB Morgan
Middlesex,JM De Caires
Middlesex,JA Simpson
Middlesex,MJ McClenaghan
Middlesex,RF Higgins
Middlesex,Zafar Gohar
Middlesex,NB Cornwell
Middlesex,NRT Gubbins
Middlesex,I Kaushal
Middlesex,V Chopra
Middlesex,GS Sandhu
Middlesex,BBA Geddes
Middlesex,AC Voges
Middlesex,ST Finn
Middlesex,SD Robson
Biratnagar Kings,Subash Bhandari
Biratnagar Kings,NR Kirton
Biratnagar Kings,JK Mukhiya
Biratnagar Kings,SA Edwards
Biratnagar Kings,M de Lange
Biratnagar Kings,Ismat Alam
Biratnagar Kings,F du Plessis
Biratnagar Kings,Basir Ahamad
Biratnagar Kings,Pratis GC
Biratnagar Kings,MJ Guptill
Biratnagar Kings,Shubham Ranjane
Biratnagar Kings,SD Heazlett
Biratnagar Kings,S Patel
Biratnagar Kings,D Bohara
Biratnagar Kings,Lokesh Bam
Biratnagar Kings,Aqib Ilyas
Biratnagar Kings,S Lamichhane
Biratnagar Kings,HG Munsey
Biratnagar Kings,A Kharel
Biratnagar Kings,N Joshi
Biratnagar Kings,GSNFG Jayasuriya
Biratnagar Kings,Surya Tamang
Biratnagar Kings,N Bhatta
Biratnagar Kings,RP Magar
Biratnagar Kings,Shankar Rana
Biratnagar Kings,CB Sole
Janakpur Bolts,JDS Neesham
Janakpur Bolts,B Aagri
Janakpur Bolts,H Thaker
Janakpur Bolts,BKEL Milantha
Janakpur Bolts,Maaz Sadaqat
Janakpur Bolts,Aasif Sheikh
Janakpur Bolts,A Mahata
Janakpur Bolts,AK Sah
Janakpur Bolts,A Tripathi
Janakpur Bolts,S Kansakar
Janakpur Bolts,Pappu Yadav
Janakpur Bolts,H Dhami
Janakpur Bolts,TB Thapa
Janakpur Bolts,JN Loftie-Eaton
Janakpur Bolts,BWM Mike
Janakpur Bolts,SMLD Samarakoon
Janakpur Bolts,Sachin Bhatt
Janakpur Bolts,Mayan Yadav
Janakpur Bolts,LN Rajbanshi
Janakpur Bolts,SP Krishnamurthi
Janakpur Bolts,K Mahato
Janakpur Bolts,WD Parnell
Janakpur Bolts,Mohammad Mohsin
Janakpur Bolts,A Yadav
Janakpur Bolts,S Malla
Janakpur Bolts,J Tromp
Janakpur Bolts,MMMS Cooray
Janakpur Bolts,Rupesh Singh
Sweden,Kanchan Rana
Sweden,N Kayani
Sweden,A Venkatesh
Sweden,Ihsanullah Wafa
Sweden,SKR Mallidi
Sweden,Abdul Naser Baluch
Sweden,P Bilimoria
Sweden,M Alugunoolla
Sweden,C Elmsjoo
Sweden,Baz Aybui
Sweden,Zabiullah Zahid
Sweden,Sweed Ullah
Sweden,Nasir Iqbal
Sweden,SK Ravuri
Sweden,Samiullah Rahmani
Sweden,YS Chauhan
Sweden,D Gangwani
Sweden,Hamid Mahmood
Sweden,K Kanwar
Sweden,A Mundra
Sweden,T Zilfidou
Sweden,Khalid Zahid
Sweden,Sabir Zahoor
Sweden,S Devata
Sweden,S Linden
Sweden,SN Swamy
Sweden,Prashant Shukla
Sweden,J Stanigze
Sweden,O Gholami
Sweden,L Karlsson
Sweden,Umar Nawaz
Sweden,B Zaigham
Sweden,Muhammad Asif
Sweden,Tasaduq Hussain
Sweden,F Choudary
Sweden,S Elmsjoo
Sweden,Eman Asim
Sweden,H Shreya
Sweden,Zaker Taqawi
Sweden,Zaid Ahmad
Sweden,Lemar Momand
Sweden,Dipanjan Dey
Sweden,Samiallah Khalil
Sweden,Choudry Share Ali
Sweden,G Shukla
Sweden,Abu Zar
Sweden,Sadat Sidiqi
Sweden,A Vaidya
Sweden,Afzal Virk
Sweden,RG Somashekhar
Sweden,Abdur Rahman Sudais
Sweden,Zara Mohammad
Sweden,Samarth Shetty
Sweden,GMK Jayaweera
Sweden,D Chamto
Sweden,Qudratullah Mir Afzail
Sweden,W Boshoff
Sweden,Abhilasha Singh
Sweden,SK Gedara
Sweden,Azam Khalil
Sweden,Waqas Haider
Sweden,A Dhabe
Sweden,E Thelander
Sweden,Shahzeb Choudhry
Sweden,H Chamto
Sweden,Malyun Yusuf
Sweden,S Bhanushali
Sweden,Adil Afzal
Sweden,Usman Arif
Sweden,Matilda Fred
Sweden,Maria Ahsan
Sweden,Rahel Khan
Sweden,Zain Muzaffar
Sweden,M O'Connor
Sweden,Aritra Bhakat
Sweden,Azam Mohammad
Sweden,DB Lakhani
Sweden,Ismaeel Zia
Sweden,Raz Ahsik Imtiaz
Sweden,E Bogdanova
Sweden,Ankit Dubey
Sweden,Hassan Mehmood
Sweden,Awais Ahmad
Sweden,Jayasooriya
Sweden,Syed Ali Gillani
Sweden,Abdul Jalali
Sweden,R Gowthaman
Sweden,Saeed Ahmed
Sweden,Imal Zuwak
Sweden,S Lundell
Sweden,Humayun Kabir
Sweden,Sedik Sahak
Denmark,Anique Uddin
Denmark,MR Pedersen
Denmark,Farhat Afroz
Denmark,Bilal Aftab
Denmark,Abdul Hashim
Denmark,NP Dalgaard
Denmark,Omar Hayat
Denmark,S Thanikaithasan
Denmark,Shehzad Ahmed
Denmark,E Karimi
Denmark,Shakerullah Safi
Denmark,HS Hansen
Denmark,Aftab Ahmed (2)
Denmark,AB Slebsager
Denmark,RB Javed
Denmark,A Bulow
Denmark,Zameer Khan
Denmark,A Lambert
Denmark,S Hojholt
Denmark,Absar Khan
Denmark,J Jojo
Denmark,Bashir Shah
Denmark,L Holmgaard
Denmark,TS Erichsen
Denmark,Abdullah Mahmood
Denmark,K Brock-Nielsen
Denmark,MS Henriksen
Denmark,Yasir Iqbal
Denmark,SH Ahmad
Denmark,SAN Anjum
Denmark,AMN Andersen
Denmark,A Khan
Denmark,K Pandya
Denmark,Zishan Shah
Denmark,Taha Ahmed
Denmark,KRS Hansen
Denmark,S Ostergaard
Denmark,Saran Aslam
Denmark,F Molsgaard
Denmark,M Kristensen
Denmark,Delawar Khan
Denmark,Kamran Mahmood
Denmark,S Heath
Denmark,JR Hansen
Denmark,AB Chawla
Denmark,JS Henriksen
Denmark,D Golechha
Denmark,Rizwan Mahmood
Denmark,Lucky Ali
Denmark,Aftab Ahmed
Denmark,S Brunsgaard
Denmark,C Ostergaard
Denmark,L Ostergaard
Denmark,T Bharaj
Denmark,Toqeer Ahmad
Denmark,Samanvita Vijay
Denmark,ML Karlsen
Denmark,CJ Botma
Denmark,CM Madsen
Denmark,L Slebsager
Denmark,CR Pedersen
Denmark,L Leisner
Denmark,Shakeel Zeb
Denmark,A Ostergaard
Denmark,ND Laegsgaard
Denmark,Surya Anand
Denmark,Saud Munir
Denmark,FA Klokker
Denmark,Musa Shaheen
Denmark,HAM Shah
Denmark,Pawan Kumar
Denmark,SA Ahmad
Denmark,OD Hald
Denmark,RT Nielsen
Denmark,LM Christensen
Surrey,C McKerr
Surrey,TWM Latham
Surrey,KR Patterson
Surrey,R MacDonald-Gay
Surrey,AM French
Surrey,JPA Taylor
Surrey,AM Hardie
Surrey,CJ Jordan
Surrey,NMJ Reifer
Surrey,OFM Sykes
Surrey,TM Ealham
Surrey,SM Curran
Surrey,KA Pollard
Surrey,ARG Thomas
Surrey,Azhar Mahmood
Surrey,LJ Evans
Surrey,AN Davidson-Richards
Surrey,ZS Ansari
Surrey,Y Majid
Surrey,TB de Bruyn
Surrey,MR Corteen-Coleman
Surrey,OJ Hunt
Surrey,J Spence
Surrey,GC Wilson
Surrey,Wahab Riaz
Surrey,TK Curran
Surrey,PJ Scholfield
Surrey,A Stonehouse
Surrey,A Zampa
Surrey,KJ O'Brien
Surrey,OJ Pope
Surrey,TM Dilshan
Surrey,AW Finch
Surrey,TE Lawes
Surrey,NG Smith
Surrey,LE Plunkett
Surrey,SH Stuart-Reckling
Surrey,SC Meaker
Surrey,D Gregory
Surrey,A Virdi
Surrey,NV Gorantla
Surrey,RJ Peterson
Surrey,JJ Roy
Surrey,LA Griffiths
Surrey,HM Amla
Surrey,PA Chatterji
Surrey,PA Franklin
Surrey,R Ashwin
Surrey,BF Smith
Surrey,R Clarke
Surrey,EEL Burke
Surrey,MD Stoneman
Surrey,BT Foakes
Surrey,JA Tattersall
Surrey,A Harinath
Surrey,KAJ Roach
Surrey,RJW Topley
Surrey,RD Chahar
Surrey,B Sai Sudharsan
Surrey,TH David
Surrey,R King
Surrey,MD Fisher
Surrey,C de Grandhomme
Surrey,DN Wyatt
Surrey,RS Patel
Surrey,K Moore
Surrey,TE Linley
Surrey,NE Farrant
Surrey,A Karvelas
Surrey,D Elgar
Surrey,GC Smith
Surrey,A Cranstone
Surrey,JR Winslade
Surrey,RB Albert
Surrey,KK Patel
Surrey,MW Pillans
Surrey,RJ Burns
Surrey,JW Dernbach
Surrey,Imran Tahir
Surrey,A Capsey
Surrey,DP Sibley
Surrey,DJ Bravo
Surrey,AJ Finch
Surrey,AZ Monaghan
Surrey,GA Edwards
Surrey,GJ Batty
Surrey,D Moriarty
Surrey,WG Jacks
Surrey,R Rampaul
Surrey,SG Borthwick
Surrey,E Jones
Surrey,A Hunter
Surrey,MP Dunn
Surrey,SH Johnson
Surrey,CT Tremlett
Surrey,M Brown
Surrey,VS Solanki
Surrey,MHA Footitt
Surrey,NJH Kimber
Surrey,KA Jamieson
Surrey,CH Morris
Surrey,R Sai Kishore
Surrey,KM Chathli
Surrey,SA Abbott
Surrey,A Kapil
Surrey,LJ Fletcher
Surrey,NA Barnwell
Surrey,JE Burke
Surrey,SSE Gumbs
Surrey,SM Davies
Surrey,J Clark
Surrey,MC Henriques
Surrey,AAP Atkinson
Surrey,SP Narine
Surrey,MJ Santner
Surrey,J Blake
Surrey,KP Pietersen
Surrey,M Morkel
Surrey,JL Smith
Surrey,KC Sangakkara
Surrey,GM Harris
Surrey,FOE van den Bergh
Surrey,DJ Worrall
Surrey,CT Steel
Surrey,J Overton
Surrey,NJ Maddinson
Surrey,Shakib Al Hasan
Surrey,SIR Dunkley
Surrey,BBA Geddes
Surrey,DW Lawrence
Kent,C McKerr
Kent,DA Griffiths
Kent,SA Northeast
Kent,TWM Latham
Kent,XC Bartlett
Kent,Yasir Shah
Kent,Mohammad Nabi
Kent,BG Compton
Kent,OP Rayner
Kent,JM Bird
Kent,DI Stevens
Kent,FIN Khushi
Kent,JAR Harris
Kent,CJ Haggett
Kent,GA Garrett
Kent,Hamidullah Qadri
Kent,JL Denly
Kent,MK O'Riordan
Kent,GA Stuurman
Kent,MT Renshaw
Kent,MT Coles
Kent,JT Ball
Kent,HR Bernard
Kent,JA Duffy
Kent,ML Cummins
Kent,JK Denly
Kent,AEN Riley
Kent,AF Milne
Kent,BW Harmison
Kent,PWA Mulder
Kent,Navdeep Saini
Kent,Jaskaran Singh
Kent,ME Claydon
Kent,JJ Weatherley
Kent,G Stewart
Kent,TS Muyeye
Kent,JC Tredwell
Kent,HZ Finch
Kent,TE Albert
Kent,F du Plessis
Kent,TS Rogers
Kent,CL Flintoff
Kent,NN Gilchrist
Kent,JJ Bazley
Kent,ARJ Ogborne
Kent,CF Hartley
Kent,JA Leaning
Kent,MJ Henry
Kent,ASS Nijjar
Kent,Jaskaran Singh (2)
Kent,Z Crawley
Kent,DJ Lincoln
Kent,DJ Bell-Drummond
Kent,RC Davies
Kent,Ekansh Singh
Kent,HG Kuhn
Kent,BJ Wightman
Kent,JDS Neesham
Kent,SR Dickson
Kent,Arafat Bhuiyan
Kent,AP Rouse
Kent,HW Podmore
Kent,MR Quinn
Kent,CG Benjamin
Kent,FK Cowdrey
Kent,SM Sharif
Kent,IAA Thomas
Kent,RWT Key
Kent,BJ Dawkins
Kent,EO Hooper
Kent,Kashif Ali
Kent,MS Rizvi
Kent,Akeem Jordan
Kent,KJ Dudgeon
Kent,GF Linde
Kent,Arshdeep Singh
Kent,Qais Ahmad
Kent,ME Milnes
Kent,WD Parnell
Kent,JA Gordon
Kent,BP Nash
Kent,DE Bollinger
Kent,HG Munsey
Kent,AJ Ball
Kent,YS Chahal
Kent,AJ Blake
Kent,OG Robinson
Kent,B Swanepoel
Kent,CH Stobo
Kent,K Rabada
Kent,THS Pettman
Kent,GC Viljoen
Kent,Imran Qayyum
Kent,RH Joseph
Kent,JDM Evison
Kent,CR Brathwaite
Kent,CS MacLeod
Kent,KW Richardson
Kent,SW Billings
Kent,CF Jackson
Kent,WA Agar
Kent,MW Parkinson
Kent,MA Cohen
Kent,OMB Curtiss
Kent,HF Houillon
Kent,JA Richards
Kent,JEG Logan
Kent,WRS Gidman
Kent,BBA Geddes
Kent,MP Stoinis
Kent,FJ Klaassen
Kent,TD Groenewald
Kent,MD Hunn
Kent,JM Cox
Kent,MG Hogan
Baroda,Dhruv Patel
Baroda,Vishnu Solanki
Baroda,Jyotsnil Singh
Baroda,Mohit Mongia
Baroda,Mrunal Devdhar
Baroda,A Sheth
Baroda,KH Devdhar
Baroda,SK Patel
Baroda,Swapnil Singh
Baroda,BA Bhatt
Baroda,AS Karambelkar
Baroda,AV Rajput
Baroda,Soaeb Tai
Baroda,KH Pandya
Baroda,A Pratyush Kumar
Baroda,HH Pandya
Baroda,Akash Singh
Baroda,Pratik Salunke
Baroda,YK Pathan
Baroda,Bhanu Pania
Baroda,Aditya Waghmode
Baroda,DM Mistry
Baroda,MV Pithiya
Baroda,AT Rayudu
Baroda,SD Patel
Baroda,AH Passi
Baroda,SS Sharma
Baroda,IK Pathan
Baroda,Chinta Gandhi
Baroda,SI Sopariya
Baroda,Urvil Patel
Baroda,VR Aaron
Baroda,HS Desai
Baroda,BA Pathan
Baroda,NA Rathva
Baroda,KR Kakade
Baroda,Parth Kohli
Baroda,RT Arothe
Baroda,LI Meriwala
Baroda,A Bharwad
Baroda,Ansh Patel
Baroda,DJ Hooda
Baroda,Mitesh Patel
Baroda,Shashwat Rawat
Baroda,PR Shah
Baroda,MM Patel
Tamil Nadu,A Mukund
Tamil Nadu,S Sandeep Warrier
Tamil Nadu,R Sanjay Yadav
Tamil Nadu,G Ajitesh
Tamil Nadu,S Anirudha
Tamil Nadu,R Sai Kishore
Tamil Nadu,CV Varun
Tamil Nadu,Aswin Crist
Tamil Nadu,Washington Sundar
Tamil Nadu,G Periyaswamy
Tamil Nadu,M Mohammed
Tamil Nadu,K Bharath Shankar
Tamil Nadu,B Indrajith
Tamil Nadu,NS Chaturved
Tamil Nadu,Abhishek Tanwar
Tamil Nadu,P Saravana Kumar
Tamil Nadu,R Sathish
Tamil Nadu,R Ashwin
Tamil Nadu,V Athisayaraj Davidson
Tamil Nadu,KD Karthik
Tamil Nadu,B Aparajith
Tamil Nadu,Antony Dhas
Tamil Nadu,N Jagadeesan
Tamil Nadu,R Rohit
Tamil Nadu,J Kousik
Tamil Nadu,M Shahrukh Khan
Tamil Nadu,Rahil Shah
Tamil Nadu,Sonu Yadav
Tamil Nadu,GS Raju
Tamil Nadu,KB Arun Karthik
Tamil Nadu,T Natarajan
Tamil Nadu,Rajendran Vivek
Tamil Nadu,M Siddharth
Tamil Nadu,KR Sen
Tamil Nadu,Ragupathy Silambarasan
Tamil Nadu,B Sai Sudharsan
Tamil Nadu,M Ashwin
Tamil Nadu,M Vijay
Tamil Nadu,Krishnamoorthy Vignesh
Tamil Nadu,V Shankar
Tamil Nadu,Hari Nishaanth
Estonia,M Vaik
Estonia,Ali Masood
Estonia,L Sormus
Estonia,V Hettiarachchi
Estonia,A Paul
Estonia,A Heidov
Estonia,M Pugi
Estonia,Ali Raza
Estonia,B Wani
Estonia,Sahil Chauhan
Estonia,Ashish Rana
Estonia,T Filer
Estonia,A Vessik
Estonia,G Madanayake
Estonia,Aditya Panwar
Estonia,Arslan Amjad
Estonia,Ben Jones
Estonia,S Pattenden
Estonia,Maidul Islam
Estonia,MMR Obili
Estonia,Viktoria Frey
Estonia,T Cross
Estonia,S Gooch
Estonia,R Parkin
Estonia,Ragne Hallik
Estonia,D Robson
Estonia,Ashraful Shuvo
Estonia,Moshiur Rahman
Estonia,Asma Shifa
Estonia,L Dalbina
Estonia,N Zholudz
Estonia,M Frey
Estonia,P Gheewala
Estonia,Habib Khan
Estonia,Saqib Naveed
Estonia,C Lokuge
Estonia,Zeeshan Ali
Estonia,Ayush Ummat
Estonia,R Baruah
Estonia,E Ellermaa
Estonia,R Sekaran
Estonia,S Hook
Estonia,H Kerge
Estonia,Shayan Khan
Estonia,Muhammad Usman
Estonia,Ram Krishan
Estonia,Elias Hasan
Estonia,Bilal Masud
Estonia,N Tykhonravova
Estonia,R Tanna
Estonia,K Vislapuu
Estonia,M Sedgwick
Estonia,M Valner
Cyprus,T Gedarage
Cyprus,Qasim Anwar
Cyprus,I Chathurani
Cyprus,V Khanduri
Cyprus,Tejwinder Singh
Cyprus,AUKDS Kalugala
Cyprus,Nilusha Waruwangodage
Cyprus,P Deol
Cyprus,Waqar Ali
Cyprus,S Jayakodi
Cyprus,Mohsin Raza
Cyprus,Murtaza Yamin
Cyprus,Gurpratap Singh
Cyprus,Muhammad Shoaib Ahmed
Cyprus,C Wijesinghe
Cyprus,Muhammad Farooq
Cyprus,CS Gamlath
Cyprus,N Godage
Cyprus,Rafiqul Islam
Cyprus,MSR Mudiyanselage
Cyprus,SDM Herath
Cyprus,SRMJJ Arachchilage
Cyprus,Azan Baig
Cyprus,A Dirannehelage
Cyprus,S Dunukedeniya
Cyprus,Zeeshan Sarwar
Cyprus,BLCS Kumara
Cyprus,Yasir Mehmood
Cyprus,AA Senn
Cyprus,Lovedeep Singh
Cyprus,R Siriwardena
Cyprus,T De Silva
Cyprus,Karan Singh
Cyprus,S Arachchige
Cyprus,NK Tiwari
Cyprus,A Hewage
Cyprus,Nadeesha Waruwangodage
Cyprus,Riyaz Kajalwala
Cyprus,N Liyanage
Cyprus,Kamal Raiz
Cyprus,Syed Hussain
Cyprus,B Mahesh
Cyprus,MPGT Ketiyage
Cyprus,Dilini Ishara
Cyprus,Ashish Bam
Cyprus,Hardeep Singh
Cyprus,CP Wellage
Cyprus,J Chialoufas
Cyprus,R Brar
Cyprus,S Burdekin
Cyprus,A Taylor
Cyprus,S Austin
Cyprus,D Koralalage
Cyprus,Abdul Manan
Cyprus,R Mazumder
Cyprus,Iftekar Jaman
Cyprus,I Siriwardanalage
Cyprus,S Tharanga
Cyprus,AC Frame
Cyprus,Harvinder Singh
Cyprus,Adam Senn
Cyprus,Taranjit Singh
Cyprus,Aminul Islam Chowdhury
Cyprus,M Kyriacou
Cyprus,A Shahi
Cyprus,CPPM Sadun
Cyprus,PN Gamage
Cyprus,SN Pathirana
Warwickshire,TWM Latham
Warwickshire,HL Baker
Warwickshire,FRJ Coleman
Warwickshire,ER Bamber
Warwickshire,IJL Trott
Warwickshire,GH Vihari
Warwickshire,B Ellis
Warwickshire,KL George
Warwickshire,IJ Westwood
Warwickshire,JE Poysden
Warwickshire,GD Panayi
Warwickshire,MG Booth
Warwickshire,JA Thompson
Warwickshire,H Hardwick
Warwickshire,AJ Mellor
Warwickshire,MSL Taylor
Warwickshire,GA Garrett
Warwickshire,LJ Evans
Warwickshire,J Bulpitt
Warwickshire,SL Kalis
Warwickshire,RN Sidebottom
Warwickshire,OP Stone
Warwickshire,IR Bell
Warwickshire,AM Chakrapani
Warwickshire,CJC Wright
Warwickshire,D Perrin
Warwickshire,GK Davis
Warwickshire,GD Elliott
Warwickshire,BB McCullum
Warwickshire,TP Milnes
Warwickshire,CK Holder
Warwickshire,RA Jones
Warwickshire,A Stonehouse
Warwickshire,KC Brathwaite
Warwickshire,GW Maddy
Warwickshire,WTS Porterfield
Warwickshire,Aamer Jamal
Warwickshire,CR Woakes
Warwickshire,C Pavely
Warwickshire,JC Wainman
Warwickshire,MS Johal
Warwickshire,PM Best
Warwickshire,MR Adair
Warwickshire,KH Pandya
Warwickshire,JP Webb
Warwickshire,TC Ali
Warwickshire,DM Bess
Warwickshire,AJ Freeborn
Warwickshire,Shoaib Malik
Warwickshire,C Rushworth
Warwickshire,EA Brookes
Warwickshire,Hasan Ali
Warwickshire,MJ Lamb
Warwickshire,LC Norwell
Warwickshire,AT Thomson
Warwickshire,WA Young
Warwickshire,R Clarke
Warwickshire,NN Gilchrist
Warwickshire,EL Arlott
Warwickshire,CB Simmons
Warwickshire,RO Gordon
Warwickshire,TP Lewis
Warwickshire,C de Grandhomme
Warwickshire,SR Hain
Warwickshire,TR Ambrose
Warwickshire,BTJ Wheal
Warwickshire,AD Thomason
Warwickshire,CN Miles
Warwickshire,EG Barnard
Warwickshire,VL Jani
Warwickshire,JB Lintott
Warwickshire,Mohammed Siraj
Warwickshire,MS Wade
Warwickshire,MD Rae
Warwickshire,CG Benjamin
Warwickshire,AL Davies
Warwickshire,JO Troughton
Warwickshire,MLL Taylor
Warwickshire,A Javid
Warwickshire,KT van Vollenhoven
Warwickshire,J Yadav
Warwickshire,BJ Webster
Warwickshire,WMH Rhodes
Warwickshire,HRA Rainey
Warwickshire,IECM Wong
Warwickshire,PJ McKay
Warwickshire,GJ Maxwell
Warwickshire,AR Sylvester
Warwickshire,DP Sibley
Warwickshire,CJ Rocchiccioli
Warwickshire,KHD Barker
Warwickshire,ARI Umeed
Warwickshire,Z Malik
Warwickshire,JG Bethell
Warwickshire,Hamza Shaikh
Warwickshire,Sukhjit Singh
Warwickshire,TT Bresnan
Warwickshire,RM Yates
Warwickshire,MVT Fernando
Warwickshire,HJH Brookes
Warwickshire,NAJ Wraith
Warwickshire,K Carver
Warwickshire,Mir Hamza
Warwickshire,TJ Lester
Warwickshire,PJ Malan
Warwickshire,EJ Pollock
Warwickshire,L Banks
Warwickshire,WB Rankin
Warwickshire,C Brewer
Warwickshire,A Surenkumar
Warwickshire,BWM Mike
Warwickshire,L Ronchi
Warwickshire,DR Briggs
Warwickshire,PC Graham
Warwickshire,PJ Brett
Warwickshire,N McAndrew
Warwickshire,JS Patel
Warwickshire,TO Wylie
Warwickshire,DR Mousley
Warwickshire,L Harris
Warwickshire,OJ Hannon-Dalby
Warwickshire,GT Thornton
Warwickshire,V Chopra
Warwickshire,MGK Burgess
Warwickshire,K Smith
Warwickshire,M Austin
Warwickshire,S Beech
Warwickshire,AJ Hose
Nottinghamshire,C McKerr
Nottinghamshire,SA Northeast
Nottinghamshire,BM Duckett
Nottinghamshire,DJG Sammy
Nottinghamshire,BG Compton
Nottinghamshire,M Montgomery
Nottinghamshire,JM Bird
Nottinghamshire,BG Lister
Nottinghamshire,AR Adams
Nottinghamshire,Farhan Ahmed
Nottinghamshire,HF Gurney
Nottinghamshire,SIM King
Nottinghamshire,M Carter
Nottinghamshire,OP Stone
Nottinghamshire,A Carter
Nottinghamshire,JT Ball
Nottinghamshire,Ishan Kishan
Nottinghamshire,IS Sodhi
Nottinghamshire,JA Brooks
Nottinghamshire,JA Duffy
Nottinghamshire,KC Brathwaite
Nottinghamshire,BRM Taylor
Nottinghamshire,JC Tongue
Nottinghamshire,JA Haynes
Nottinghamshire,BT Slater
Nottinghamshire,BJR Martindale
Nottinghamshire,F Singh
Nottinghamshire,LW James
Nottinghamshire,CA Pujara
Nottinghamshire,C Munro
Nottinghamshire,JPH Hayes
Nottinghamshire,JL Pattinson
Nottinghamshire,SJ Seecharan
Nottinghamshire,WA Young
Nottinghamshire,R Ashwin
Nottinghamshire,CG Harrison
Nottinghamshire,FW McCann
Nottinghamshire,JM Blatherwick
Nottinghamshire,L Wood
Nottinghamshire,JD Libby
Nottinghamshire,DY Pennington
Nottinghamshire,SR Patel
Nottinghamshire,AD Russell
Nottinghamshire,GP Smith
Nottinghamshire,AD Hales
Nottinghamshire,JM Clarke
Nottinghamshire,BA Hutton
Nottinghamshire,BW Hilfenhaus
Nottinghamshire,Mohammad Abbas
Nottinghamshire,D Schadendorf
Nottinghamshire,TJ Moores
Nottinghamshire,Shaheen Shah Afridi
Nottinghamshire,DR Sams
Nottinghamshire,BJ Hatton-Lowe
Nottinghamshire,CD Nash
Nottinghamshire,JA Pocklington
Nottinghamshire,LA Patterson-White
Nottinghamshire,MH Wessels
Nottinghamshire,WAR Fraine
Nottinghamshire,Fazalhaq Farooqi
Nottinghamshire,JWA Taylor
Nottinghamshire,DT Christian
Nottinghamshire,LRPL Taylor
Nottinghamshire,ME Milnes
Nottinghamshire,Imran Tahir
Nottinghamshire,CMW Read
Nottinghamshire,MJ Lumb
Nottinghamshire,Imad Wasim
Nottinghamshire,K Verreynne
Nottinghamshire,PA Jaques
Nottinghamshire,JEC Franklin
Nottinghamshire,TE Barber
Nottinghamshire,G Keedy
Nottinghamshire,SG Budinger
Nottinghamshire,THS Pettman
Nottinghamshire,PD Trego
Nottinghamshire,MHA Footitt
Nottinghamshire,S Kelsall
Nottinghamshire,P Coughlin
Nottinghamshire,WT Root
Nottinghamshire,D Paterson
Nottinghamshire,A Shahzad
Nottinghamshire,F O'Neill
Nottinghamshire,R Lord
Nottinghamshire,LJ Fletcher
Nottinghamshire,JDM Evison
Nottinghamshire,TW Loten
Nottinghamshire,ZJ Chappell
Nottinghamshire,SCJ Broad
Nottinghamshire,MC Henriques
Nottinghamshire,AM Fernando
Nottinghamshire,SJ Mullaney
Nottinghamshire,PM Siddle
Nottinghamshire,TO Giles
Nottinghamshire,SKW Wood
Nottinghamshire,H Hameed
Nottinghamshire,WRS Gidman
Nottinghamshire,VD Philander
Pakistan,Mohammad Sami
Pakistan,Aamer Yamin
Pakistan,Inzamam-ul-Haq
Pakistan,Sahibzada Farhan
Pakistan,Tayyab Tahir
Pakistan,Umar Amin
Pakistan,Muhammad Musa
Pakistan,Ihsanullah
Pakistan,Abdullah Shafique
Pakistan,Mohammad Nawaz (3)
Pakistan,Yasir Shah
Pakistan,Hassan Nawaz
Pakistan,Mohammad Haris
Pakistan,Shawaal Zulfiqar
Pakistan,Imran Khan (1)
Pakistan,Arshad Iqbal
Pakistan,Mukhtar Ahmed
Pakistan,Mohammad Ayub
Pakistan,Irfan Khan
Pakistan,Ahsan Ali
Pakistan,Mohammad Huraira
Pakistan,Marina Iqbal
Pakistan,Fazl-e-Akbar
Pakistan,Bismah Maroof
Pakistan,Umaima Sohail
Pakistan,Haris Sohail
Pakistan,Azhar Mahmood
Pakistan,Faheem Ashraf
Pakistan,Saeed Ajmal
Pakistan,Mubasir Khan
Pakistan,Sajid Khan
Pakistan,Anwar Ali
Pakistan,Sufiyan Muqeem
Pakistan,Tabish Khan
Pakistan,Yasir Arafat
Pakistan,Muneeba Ali
Pakistan,Khalid Latif
Pakistan,Iftikhar Anjum
Pakistan,Ghulam Fatima
Pakistan,Kamran Hussain
Pakistan,Junaid Zia
Pakistan,Haris Rauf
Pakistan,Aizaz Cheema
Pakistan,Mohammad Asif
Pakistan,Abrar Ahmed
Pakistan,Mohammad Talha
Pakistan,Yousuf Youhana
Pakistan,Usman Khan
Pakistan,Wahab Riaz
Pakistan,Rohail Nazir
Pakistan,Asmavia Iqbal
Pakistan,Ayesha Zafar
Pakistan,Mushtaq Ahmed
Pakistan,Waqas Maqsood
Pakistan,Sadaf Shamas
Pakistan,Azhar Ali
Pakistan,Khawaja Nafay
Pakistan,Shakeel Ansar
Pakistan,Gull Feroza
Pakistan,Moin Khan
Pakistan,Imran Khan
Pakistan,Bilal Asif
Pakistan,Syeda Aroob Shah
Pakistan,Mariam Hasan
Pakistan,Maham Tariq
Pakistan,Mohammad Rizwan
Pakistan,Nida Dar
Pakistan,Ahmed Daniyal
Pakistan,Javeria Rauf
Pakistan,Younis Khan
Pakistan,Awais Zia
Pakistan,Haider Ali
Pakistan,Aamer Jamal
Pakistan,Abdur Rehman
Pakistan,Mansoor Amjad
Pakistan,Naved Latif
Pakistan,Mohammad Zahid
Pakistan,Yasir Ali
Pakistan,Naila Nazir
Pakistan,Hasan Raza
Pakistan,Zulfiqar Babar
Pakistan,Khushdil Shah
Pakistan,Faisal Iqbal
Pakistan,Shabbir Ahmed
Pakistan,Danish Kaneria
Pakistan,Qasim Akram
Pakistan,Azam Khan
Pakistan,Mohammad Wasim
Pakistan,Sidra Ameen
Pakistan,Shahid Nazir
Pakistan,Danish Aziz
Pakistan,Fatima Sana
Pakistan,Shoaib Malik
Pakistan,Saud Shakeel
Pakistan,Tanvir Ahmed
Pakistan,Asad Shafiq
Pakistan,Babar Azam
Pakistan,Saim Ayub
Pakistan,Hasan Ali
Pakistan,Sharjeel Khan
Pakistan,Adnan Akmal
Pakistan,Rahat Ali
Pakistan,Usman Shinwari
Pakistan,Sarfraz Ahmed
Pakistan,Nasir Jamshed
Pakistan,Nashra Sandhu
Pakistan,Yasir Hameed
Pakistan,Saqlain Mushtaq
Pakistan,Sidra Nawaz
Pakistan,Zahid Mahmood
Pakistan,Sohail Khan
Pakistan,Misbah-ul-Haq
Pakistan,Qanita Jalil
Pakistan,Tasmia Rubab
Pakistan,Humna Bilal
Pakistan,Umm-e-Hani
Pakistan,Hammad Azam
Pakistan,Javeria Khan
Pakistan,Tasqeen Qadeer
Pakistan,Rameen Shamim
Pakistan,Diana Baig
Pakistan,Abdur Rauf
Pakistan,Abbas Afridi
Pakistan,Arafat Minhas
Pakistan,Salman Butt
Pakistan,Jahandad Khan
Pakistan,Kamran Ghulam
Pakistan,Aliya Riaz
Pakistan,Kaynat Hafeez
Pakistan,Agha Salman
Pakistan,Shadab Khan
Pakistan,Saeed Anwar
Pakistan,Imran Farhat
Pakistan,Mohammad Yousuf
Pakistan,Raza Hasan
Pakistan,Asif Afridi
Pakistan,Mohammad Abbas
Pakistan,Rabiya Shah
Pakistan,Usman Tariq
Pakistan,Fareeha Mehmood
Pakistan,Nain Abidi
Pakistan,Saad Ali
Pakistan,Sohaib Maqsood
Pakistan,Shaheen Shah Afridi
Pakistan,Shoaib Khan jnr
Pakistan,Mohammad Irfan
Pakistan,Waheeda Akhtar
Pakistan,Maaz Sadaqat
Pakistan,Junaid Khan
Pakistan,Samiullah Khan
Pakistan,Shan Masood
Pakistan,Eyman Fatima
Pakistan,Usman Salahuddin
Pakistan,Rashid Latif
Pakistan,Najiha Alvi
Pakistan,Salman Mirza
Pakistan,Kashif Ali
Pakistan,Abdul Samad
Pakistan,Shahzaib Hasan
Pakistan,Rizwan Ahmed
Pakistan,Khurram Manzoor
Pakistan,Mohammad Hasnain
Pakistan,Sadia Yousuf
Pakistan,Ghazi Ghori
Pakistan,Ayesha Naseem
Pakistan,Usama Mir
Pakistan,Rafatullah Mohmand
Pakistan,Bazid Khan
Pakistan,Imad Wasim
Pakistan,Rameez Raja (2)
Pakistan,Imran Butt
Pakistan,Nauman Anwar
Pakistan,Akif Javed
Pakistan,Arshad Khan
Pakistan,Asif Ali
Pakistan,Kamran Akmal
Pakistan,Umar Akmal
Pakistan,Sadia Iqbal
Pakistan,Iftikhar Ahmed
Pakistan,Asad Ali
Pakistan,Sania Khan
Pakistan,Wasim Akram
Pakistan,Sabahat Rasheed
Pakistan,Rumman Raees
Pakistan,Shahnawaz Dhani
Pakistan,Faisal Athar
Pakistan,Haseebullah Khan
Pakistan,Zaman Khan
Pakistan,Mirza Baig
Pakistan,Naseem Shah
Pakistan,Shahid Afridi
Pakistan,Sana Javed
Pakistan,Imran Nazir
Pakistan,Mir Hamza
Pakistan,Nahida Khan
Pakistan,Mohammad Hafeez
Pakistan,Saleem Elahi
Pakistan,Mohammad Salman
Pakistan,Faisal Akram
Pakistan,Naumanullah
Pakistan,Mohammad Amir
Pakistan,Asim Kamal
Pakistan,Ahmed Shehzad
Pakistan,Sami Aslam
Pakistan,Bilawal Bhatti
Pakistan,Fakhar Zaman
Pakistan,Mohammad Ali
Pakistan,Tuba Hassan
Pakistan,Imam-ul-Haq
Pakistan,Batool Fatima
Pakistan,Mohammad Khalil
Pakistan,Saad Nasim
Pakistan,Fawad Alam
Pakistan,Zulqarnain Haider
Pakistan,Iram Javed
Pakistan,Zafar Gohar
Pakistan,Momina Riasat
Pakistan,Usman Khan (2)
Pakistan,Omair Yousuf
Pakistan,Saad Masood
Pakistan,Sohail Tanvir
Pakistan,Shoaib Akhtar
Pakistan,Naved-ul-Hasan
Pakistan,Farhan Adil
Pakistan,Shamyl Hussain
Pakistan,Sumaiya Siddiqi
Pakistan,Usman Qadir
Pakistan,Mohammad Nawaz
Pakistan,Hussain Talat
Pakistan,Taufeeq Umar
Pakistan,Sana Mir
Pakistan,Umar Gul
Pakistan,Aiman Anwer
Pakistan,Waqar Younis
Pakistan,Urooj Mumtaz
Pakistan,Anam Amin
Pakistan,Kainat Imtiaz
Pakistan,Khurram Shahzad
Pakistan,Sajjida Shah
Pakistan,Abid Ali
Pakistan,Ehsan Adil
Pakistan,Abdul Razzaq
Pakistan,Nauman Ali
Pakistan,Natalia Pervaiz
Glamorgan,JA Rudolph
Glamorgan,DA Douthwaite
Glamorgan,SA Northeast
Glamorgan,BJ Wright
Glamorgan,BJ Morris
Glamorgan,DJG Sammy
Glamorgan,UT Khawaja
Glamorgan,A Balbirnie
Glamorgan,TG Helm
Glamorgan,TR Bevan
Glamorgan,M de Lange
Glamorgan,CD Fletcher
Glamorgan,JAR Harris
Glamorgan,JM Cooke
Glamorgan,TO Norton
Glamorgan,CA Ingram
Glamorgan,A Carter
Glamorgan,SJ Reingold
Glamorgan,T van der Gugten
Glamorgan,KC Brathwaite
Glamorgan,JC Glover
Glamorgan,CB Cooke
Glamorgan,MW Goodwin
Glamorgan,CR Hemphrey
Glamorgan,CB Sole
Glamorgan,DL Lloyd
Glamorgan,SJ Walters
Glamorgan,Shubman Gill
Glamorgan,HE Hurle
Glamorgan,FW Sheat
Glamorgan,H Kerr
Glamorgan,BI Kellaway
Glamorgan,JM Kettleborough
Glamorgan,SJ Pearce
Glamorgan,WT Smale
Glamorgan,GG Wagg
Glamorgan,DW Steyn
Glamorgan,JL Lawlor
Glamorgan,SE Marsh
Glamorgan,KS Carlson
Glamorgan,AW Gorvin
Glamorgan,AG Salter
Glamorgan,EJ Byrom
Glamorgan,MA Wallace
Glamorgan,TN Cullen
Glamorgan,DA Cosker
Glamorgan,JP McIlroy
Glamorgan,SR Patel
Glamorgan,BTJ Wheal
Glamorgan,AHT Donald
Glamorgan,CN Miles
Glamorgan,SR Dickson
Glamorgan,KA Bull
Glamorgan,WD Bragg
Glamorgan,HW Podmore
Glamorgan,AM Tribe
Glamorgan,M Labuschagne
Glamorgan,WT Owen
Glamorgan,DA Miller
Glamorgan,D Penrhyn Jones
Glamorgan,WD Parnell
Glamorgan,WJ Weighell
Glamorgan,SW Tait
Glamorgan,P Hatzoglou
Glamorgan,Imad Wasim
Glamorgan,MG Neser
Glamorgan,R Hadley
Glamorgan,CAJ Meschede
Glamorgan,Callum Taylor
Glamorgan,MS Crane
Glamorgan,Shoaib Bashir
Glamorgan,TJ Lancefield
Glamorgan,MP Kuhnemann
Glamorgan,Mir Hamza
Glamorgan,JA Burns
Glamorgan,WT Root
Glamorgan,EO Leonard
Glamorgan,SC Cook
Glamorgan,CR Brown
Glamorgan,Fakhar Zaman
Glamorgan,JR Murphy
Glamorgan,HD Rutherford
Glamorgan,GP Rees
Glamorgan,AY Patel
Glamorgan,AM Fernando
Glamorgan,MJ Swepson
Glamorgan,P Sisodiya
Glamorgan,RAJ Smith
Glamorgan,AO Morgan
Glamorgan,NJ Selman
Glamorgan,LJ Carey
Glamorgan,Zain-ul-Hassan
Glamorgan,RI Walker
Glamorgan,J Allenby
Glamorgan,RCM Franco
Glamorgan,MG Hogan
Glamorgan,AJ Horton
Sunrisers Hyderabad,Rashid Khan
Sunrisers Hyderabad,Aniket Verma
Sunrisers Hyderabad,R Shepherd
Sunrisers Hyderabad,Sandeep Sharma
Sunrisers Hyderabad,DJG Sammy
Sunrisers Hyderabad,GH Vihari
Sunrisers Hyderabad,KK Ahmed
Sunrisers Hyderabad,BB Samantray
Sunrisers Hyderabad,LS Livingstone
Sunrisers Hyderabad,Mohammad Nabi
Sunrisers Hyderabad,Virat Singh
Sunrisers Hyderabad,CJ Jordan
Sunrisers Hyderabad,HV Patel
Sunrisers Hyderabad,DA Payne
Sunrisers Hyderabad,DA Warner
Sunrisers Hyderabad,SP Goswami
Sunrisers Hyderabad,A Manohar
Sunrisers Hyderabad,Sakib Hussain
Sunrisers Hyderabad,AJ Hosein
Sunrisers Hyderabad,AU Rashid
Sunrisers Hyderabad,RK Bhui
Sunrisers Hyderabad,X Thalaivan Sargunam
Sunrisers Hyderabad,AP Tare
Sunrisers Hyderabad,Anmolpreet Singh
Sunrisers Hyderabad,M Markande
Sunrisers Hyderabad,P Kumar
Sunrisers Hyderabad,Ishan Kishan
Sunrisers Hyderabad,Umran Malik
Sunrisers Hyderabad,N Pooran
Sunrisers Hyderabad,PP Hinge
Sunrisers Hyderabad,A Zampa
Sunrisers Hyderabad,JD Unadkat
Sunrisers Hyderabad,BB Sran
Sunrisers Hyderabad,S Nadeem
Sunrisers Hyderabad,V Viyaskanth
Sunrisers Hyderabad,PWA Mulder
Sunrisers Hyderabad,GD Phillips
Sunrisers Hyderabad,D Madushanka
Sunrisers Hyderabad,EJG Morgan
Sunrisers Hyderabad,PJ Cummins
Sunrisers Hyderabad,CL White
Sunrisers Hyderabad,DW Steyn
Sunrisers Hyderabad,JJ Roy
Sunrisers Hyderabad,Q de Kock
Sunrisers Hyderabad,Mujeeb Ur Rahman
Sunrisers Hyderabad,A Mishra
Sunrisers Hyderabad,YK Pathan
Sunrisers Hyderabad,RS Bopara
Sunrisers Hyderabad,AK Markram
Sunrisers Hyderabad,MJ Guptill
Sunrisers Hyderabad,E Malinga
Sunrisers Hyderabad,NV Ojha
Sunrisers Hyderabad,Anand Rajan
Sunrisers Hyderabad,KV Sharma
Sunrisers Hyderabad,A Nehra
Sunrisers Hyderabad,Sachin Baby
Sunrisers Hyderabad,T Natarajan
Sunrisers Hyderabad,RD Chahar
Sunrisers Hyderabad,MK Pandey
Sunrisers Hyderabad,AD Hales
Sunrisers Hyderabad,HC Brook
Sunrisers Hyderabad,S Kaul
Sunrisers Hyderabad,B Stanlake
Sunrisers Hyderabad,Washington Sundar
Sunrisers Hyderabad,Mohammed Siraj
Sunrisers Hyderabad,Nithish Kumar Reddy
Sunrisers Hyderabad,S Dhawan
Sunrisers Hyderabad,Yuvraj Singh
Sunrisers Hyderabad,Abdul Samad
Sunrisers Hyderabad,Zeeshan Ansari
Sunrisers Hyderabad,Fazalhaq Farooqi
Sunrisers Hyderabad,KS Williamson
Sunrisers Hyderabad,Shashank Singh
Sunrisers Hyderabad,Mustafizur Rahman
Sunrisers Hyderabad,Y Venugopal Rao
Sunrisers Hyderabad,JM Bairstow
Sunrisers Hyderabad,MR Marsh
Sunrisers Hyderabad,IK Pathan
Sunrisers Hyderabad,M Jansen
Sunrisers Hyderabad,Atharva Taide
Sunrisers Hyderabad,Vivrant Sharma
Sunrisers Hyderabad,DB Ravi Teja
Sunrisers Hyderabad,AJ Finch
Sunrisers Hyderabad,WP Saha
Sunrisers Hyderabad,PHKD Mendis
Sunrisers Hyderabad,S Arora
Sunrisers Hyderabad,I Sharma
Sunrisers Hyderabad,TA Boult
Sunrisers Hyderabad,DJ Hooda
Sunrisers Hyderabad,PK Garg
Sunrisers Hyderabad,Bipul Sharma
Sunrisers Hyderabad,JO Holder
Sunrisers Hyderabad,S Gopal
Sunrisers Hyderabad,PA Patel
Sunrisers Hyderabad,PA Reddy
Sunrisers Hyderabad,Abhishek Sharma
Sunrisers Hyderabad,MA Agarwal
Sunrisers Hyderabad,NLTC Perera
Sunrisers Hyderabad,Basil Thampi
Sunrisers Hyderabad,S Anirudha
Sunrisers Hyderabad,B Kumar
Sunrisers Hyderabad,Mayank Dagar
Sunrisers Hyderabad,Sanvir Singh
Sunrisers Hyderabad,SA Abbott
Sunrisers Hyderabad,KL Rahul
Sunrisers Hyderabad,Harsh Dubey
Sunrisers Hyderabad,Shahbaz Ahmed
Sunrisers Hyderabad,CR Brathwaite
Sunrisers Hyderabad,RA Tripathi
Sunrisers Hyderabad,Mohammed Shami
Sunrisers Hyderabad,Parvez Rasool
Sunrisers Hyderabad,MC Henriques
Sunrisers Hyderabad,A Ashish Reddy
Sunrisers Hyderabad,H Klaasen
Sunrisers Hyderabad,KC Sangakkara
Sunrisers Hyderabad,TM Head
Sunrisers Hyderabad,Kartik Tyagi
Sunrisers Hyderabad,Simarjeet Singh
Sunrisers Hyderabad,Ankit Sharma
Sunrisers Hyderabad,Shakib Al Hasan
Sunrisers Hyderabad,Shivang Kumar
Sunrisers Hyderabad,J Suchith
Sunrisers Hyderabad,KM Jadhav
Sunrisers Hyderabad,V Shankar
Sunrisers Hyderabad,R Smaran
Sunrisers Hyderabad,BCJ Cutting
Punjab Kings,OF Smith
Punjab Kings,Ashutosh Sharma
Punjab Kings,SS Iyer
Punjab Kings,Musheer Khan
Punjab Kings,XC Bartlett
Punjab Kings,Gurnoor Brar
Punjab Kings,K Rabada
Punjab Kings,MA Agarwal
Punjab Kings,P Dubey
Punjab Kings,Sikandar Raza
Punjab Kings,Sandeep Sharma
Punjab Kings,Mandeep Singh
Punjab Kings,LS Livingstone
Punjab Kings,JP Inglis
Punjab Kings,KA Jamieson
Punjab Kings,CH Gayle
Punjab Kings,CJ Jordan
Punjab Kings,Yash Thakur
Punjab Kings,HV Patel
Punjab Kings,KL Rahul
Punjab Kings,VG Arora
Punjab Kings,Jalaj S Saxena
Punjab Kings,IC Porel
Punjab Kings,MJ Owen
Punjab Kings,DJ Malan
Punjab Kings,Mohit Rathee
Punjab Kings,SM Curran
Punjab Kings,N Wadhera
Punjab Kings,RA Bawa
Punjab Kings,Azmatullah Omarzai
Punjab Kings,S Dhawan
Punjab Kings,JA Richardson
Punjab Kings,Harpreet Singh
Punjab Kings,Harpreet Brar
Punjab Kings,Mohammed Shami
Punjab Kings,Suryansh Shedge
Punjab Kings,AK Markram
Punjab Kings,PBB Rajapaksa
Punjab Kings,MW Short
Punjab Kings,MC Henriques
Punjab Kings,Arshdeep Singh
Punjab Kings,AU Rashid
Punjab Kings,Shashank Singh
Punjab Kings,PN Mankad
Punjab Kings,JM Bairstow
Punjab Kings,RR Rossouw
Punjab Kings,R Dhawan
Punjab Kings,Shivam Singh
Punjab Kings,RP Meredith
Punjab Kings,Priyansh Arya
Punjab Kings,GJ Maxwell
Punjab Kings,M Jansen
Punjab Kings,Atharva Taide
Punjab Kings,M Shahrukh Khan
Punjab Kings,P Simran Singh
Punjab Kings,SN Khan
Punjab Kings,FA Allen
Punjab Kings,N Pooran
Punjab Kings,LH Ferguson
Punjab Kings,YS Chahal
Punjab Kings,RD Chahar
Punjab Kings,JM Sharma
Punjab Kings,C Connolly
Punjab Kings,M Ashwin
Punjab Kings,MP Stoinis
Punjab Kings,NT Ellis
Punjab Kings,DJ Hooda
Punjab Kings,Ravi Bishnoi
Punjab Kings,V Kaverappa
Punjab Kings,Vijaykumar Vyshak
St Kitts and Nevis Patriots,D Jansen
St Kitts and Nevis Patriots,KJ Cottoy
St Kitts and Nevis Patriots,JN Mohammed
St Kitts and Nevis Patriots,Rashid Khan
St Kitts and Nevis Patriots,AP Devcich
St Kitts and Nevis Patriots,A Dananjaya
St Kitts and Nevis Patriots,Mohammad Nabi
St Kitts and Nevis Patriots,Izharulhaq Naveed
St Kitts and Nevis Patriots,AS Joseph
St Kitts and Nevis Patriots,D Brevis
St Kitts and Nevis Patriots,WCF Smeed
St Kitts and Nevis Patriots,JA Warrican
St Kitts and Nevis Patriots,LJ Evans
St Kitts and Nevis Patriots,T Stubbs
St Kitts and Nevis Patriots,DC Thomas
St Kitts and Nevis Patriots,Y Cariah
St Kitts and Nevis Patriots,SO Dowrich
St Kitts and Nevis Patriots,J Da Silva
St Kitts and Nevis Patriots,Mohammad Mohsin
St Kitts and Nevis Patriots,PWH de Silva
St Kitts and Nevis Patriots,IS Sodhi
St Kitts and Nevis Patriots,JL Carter
St Kitts and Nevis Patriots,I Khaleel
St Kitts and Nevis Patriots,Mohammad Rizwan
St Kitts and Nevis Patriots,AM McCarthy
St Kitts and Nevis Patriots,PA van Meekeren
St Kitts and Nevis Patriots,TA Willett
St Kitts and Nevis Patriots,BJ Hodge
St Kitts and Nevis Patriots,CA Lynn
St Kitts and Nevis Patriots,NF Kelly
St Kitts and Nevis Patriots,JL Jaggesar
St Kitts and Nevis Patriots,F du Plessis
St Kitts and Nevis Patriots,RS Bopara
St Kitts and Nevis Patriots,SSJ Brooks
St Kitts and Nevis Patriots,MJ Guptill
St Kitts and Nevis Patriots,SE Rutherford
St Kitts and Nevis Patriots,Hasan Ali
St Kitts and Nevis Patriots,B Muzarabani
St Kitts and Nevis Patriots,AR Nedd
St Kitts and Nevis Patriots,S Lamichhane
St Kitts and Nevis Patriots,J Layne
St Kitts and Nevis Patriots,HE van der Dussen
St Kitts and Nevis Patriots,C Archibald
St Kitts and Nevis Patriots,KR Mayers
St Kitts and Nevis Patriots,KHM James
St Kitts and Nevis Patriots,Abbas Afridi
St Kitts and Nevis Patriots,D Pretorius
St Kitts and Nevis Patriots,MN Samuels
St Kitts and Nevis Patriots,RR Rossouw
St Kitts and Nevis Patriots,JT Smuts
St Kitts and Nevis Patriots,JS Louis
St Kitts and Nevis Patriots,C Bosch
St Kitts and Nevis Patriots,LMP Simmons
St Kitts and Nevis Patriots,BW Hilfenhaus
St Kitts and Nevis Patriots,ADS Fletcher
St Kitts and Nevis Patriots,JC Carmichael
St Kitts and Nevis Patriots,CH Gayle
St Kitts and Nevis Patriots,Waqar Salamkheil
St Kitts and Nevis Patriots,Mahmudullah
St Kitts and Nevis Patriots,TLW Cooper
St Kitts and Nevis Patriots,Akeem Jordan
St Kitts and Nevis Patriots,Fazalhaq Farooqi
St Kitts and Nevis Patriots,KOA Powell
St Kitts and Nevis Patriots,GF Linde
St Kitts and Nevis Patriots,A Nortje
St Kitts and Nevis Patriots,AT Rayudu
St Kitts and Nevis Patriots,LS Boucher
St Kitts and Nevis Patriots,D Ramdin
St Kitts and Nevis Patriots,A Athanaze
St Kitts and Nevis Patriots,Usama Mir
St Kitts and Nevis Patriots,JN Hamilton
St Kitts and Nevis Patriots,KU Carty
St Kitts and Nevis Patriots,K Sinclair
St Kitts and Nevis Patriots,DJ Bravo
St Kitts and Nevis Patriots,I Khan
St Kitts and Nevis Patriots,S Badree
St Kitts and Nevis Patriots,KY Ottley
St Kitts and Nevis Patriots,Asif Ali
St Kitts and Nevis Patriots,HR Walsh
St Kitts and Nevis Patriots,JO Holder
St Kitts and Nevis Patriots,Naseem Shah
St Kitts and Nevis Patriots,Shahid Afridi
St Kitts and Nevis Patriots,OF Smith
St Kitts and Nevis Patriots,Mohammad Hafeez
St Kitts and Nevis Patriots,NLTC Perera
St Kitts and Nevis Patriots,O Thomas
St Kitts and Nevis Patriots,T Shamsi
St Kitts and Nevis Patriots,SS Cottrell
St Kitts and Nevis Patriots,BAC Howell
St Kitts and Nevis Patriots,DC Drakes
St Kitts and Nevis Patriots,K Santokie
St Kitts and Nevis Patriots,CR Brathwaite
St Kitts and Nevis Patriots,M Louis
St Kitts and Nevis Patriots,O Peters
St Kitts and Nevis Patriots,JU Goolie
St Kitts and Nevis Patriots,N Bidaisee
St Kitts and Nevis Patriots,DM Bravo
St Kitts and Nevis Patriots,RA Reifer
St Kitts and Nevis Patriots,RR Emrit
St Kitts and Nevis Patriots,Sohail Tanvir
St Kitts and Nevis Patriots,E Lewis
St Kitts and Nevis Patriots,N Dutta
St Kitts and Nevis Patriots,FA Allen
St Kitts and Nevis Patriots,BR Dunk
St Kitts and Nevis Patriots,RD John
St Kitts and Nevis Patriots,BA King
St Kitts and Nevis Patriots,V Permaul
St Kitts and Nevis Patriots,Fawad Ahmed
St Kitts and Nevis Patriots,JA Clarkson
St Kitts and Nevis Patriots,BCJ Cutting
Chennai Super Kings,Joginder Sharma
Chennai Super Kings,DJ Mitchell
Chennai Super Kings,TU Deshpande
Chennai Super Kings,L Balaji
Chennai Super Kings,Kartik Sharma
Chennai Super Kings,KMDN Kulasekara
Chennai Super Kings,KK Ahmed
Chennai Super Kings,CJ Jordan
Chennai Super Kings,Noor Ahmad
Chennai Super Kings,D Brevis
Chennai Super Kings,Gurjapneet Singh
Chennai Super Kings,SK Rasheed
Chennai Super Kings,SM Curran
Chennai Super Kings,Akash Singh
Chennai Super Kings,AJ Hosein
Chennai Super Kings,JDP Oram
Chennai Super Kings,CK Kapugedera
Chennai Super Kings,Monu Kumar
Chennai Super Kings,B Laughlin
Chennai Super Kings,BA Stokes
Chennai Super Kings,DR Smith
Chennai Super Kings,RS Hangargekar
Chennai Super Kings,JM Kemp
Chennai Super Kings,Urvil Patel
Chennai Super Kings,S Vidyut
Chennai Super Kings,SN Khan
Chennai Super Kings,DJ Hussey
Chennai Super Kings,KB Arun Karthik
Chennai Super Kings,BB McCullum
Chennai Super Kings,S Dube
Chennai Super Kings,RA Jadeja
Chennai Super Kings,C Ganapathy
Chennai Super Kings,DR Shorey
Chennai Super Kings,RD Gaikwad
Chennai Super Kings,PP Chawla
Chennai Super Kings,M Ntini
Chennai Super Kings,IC Pandey
Chennai Super Kings,AF Milne
Chennai Super Kings,MM Sharma
Chennai Super Kings,SN Thakur
Chennai Super Kings,SSB Magala
Chennai Super Kings,GJ Bailey
Chennai Super Kings,DP Conway
Chennai Super Kings,Mukesh Choudhary
Chennai Super Kings,SK Raina
Chennai Super Kings,M Pathirana
Chennai Super Kings,F du Plessis
Chennai Super Kings,PH Solanki
Chennai Super Kings,R Ashwin
Chennai Super Kings,RJ Gleeson
Chennai Super Kings,KV Sharma
Chennai Super Kings,N Jagadeesan
Chennai Super Kings,SV Samson
Chennai Super Kings,MJ Henry
Chennai Super Kings,A Nehra
Chennai Super Kings,A Kamboj
Chennai Super Kings,TG Southee
Chennai Super Kings,SP Fleming
Chennai Super Kings,RD Chahar
Chennai Super Kings,MA Wood
Chennai Super Kings,D Pretorius
Chennai Super Kings,BW Hilfenhaus
Chennai Super Kings,M Manhas
Chennai Super Kings,DP Nannes
Chennai Super Kings,ML Hayden
Chennai Super Kings,S Badrinath
Chennai Super Kings,SB Jakati
Chennai Super Kings,AM Rahane
Chennai Super Kings,R Ravindra
Chennai Super Kings,Harbhajan Singh
Chennai Super Kings,MW Short
Chennai Super Kings,KM Asif
Chennai Super Kings,Mustafizur Rahman
Chennai Super Kings,RV Uthappa
Chennai Super Kings,AT Rayudu
Chennai Super Kings,MEK Hussey
Chennai Super Kings,M Muralitharan
Chennai Super Kings,PR Veer
Chennai Super Kings,DJ Willey
Chennai Super Kings,Imran Tahir
Chennai Super Kings,S Randiv
Chennai Super Kings,T Thushara
Chennai Super Kings,DE Bollinger
Chennai Super Kings,JR Hazlewood
Chennai Super Kings,MS Dhoni
Chennai Super Kings,MM Ali
Chennai Super Kings,DJ Bravo
Chennai Super Kings,S Tyagi
Chennai Super Kings,WP Saha
Chennai Super Kings,S Badree
Chennai Super Kings,JA Morkel
Chennai Super Kings,M Vijay
Chennai Super Kings,JW Hastings
Chennai Super Kings,DJ Hooda
Chennai Super Kings,JO Holder
Chennai Super Kings,VY Mahesh
Chennai Super Kings,A Mukund
Chennai Super Kings,PA Patel
Chennai Super Kings,NLTC Perera
Chennai Super Kings,S Anirudha
Chennai Super Kings,CH Morris
Chennai Super Kings,SB Styris
Chennai Super Kings,AS Rajpoot
Chennai Super Kings,RG More
Chennai Super Kings,RA Tripathi
Chennai Super Kings,Sameer Rizvi
Chennai Super Kings,SR Watson
Chennai Super Kings,P Negi
Chennai Super Kings,MJ Santner
Chennai Super Kings,SW Billings
Chennai Super Kings,A Flintoff
Chennai Super Kings,Simarjeet Singh
Chennai Super Kings,P Amarnath
Chennai Super Kings,RS Ghosh
Chennai Super Kings,A Mhatre
Chennai Super Kings,J Overton
Chennai Super Kings,SC Kuggeleijn
Chennai Super Kings,KM Jadhav
Chennai Super Kings,L Ngidi
Chennai Super Kings,M Theekshana
Chennai Super Kings,V Shankar
Chennai Super Kings,DL Chahar
Chennai Super Kings,NT Ellis
Chennai Super Kings,MS Gony
Kolkata Knight Riders,SB Bangar
Kolkata Knight Riders,L Balaji
Kolkata Knight Riders,DB Das
Kolkata Knight Riders,RN ten Doeschate
Kolkata Knight Riders,MV Boucher
Kolkata Knight Riders,Mandeep Singh
Kolkata Knight Riders,AS Roy
Kolkata Knight Riders,CV Varun
Kolkata Knight Riders,Y Prithvi Raj
Kolkata Knight Riders,A Tomar
Kolkata Knight Riders,SP Goswami
Kolkata Knight Riders,M de Lange
Kolkata Knight Riders,Azhar Mahmood
Kolkata Knight Riders,HF Gurney
Kolkata Knight Riders,B Indrajith
Kolkata Knight Riders,Kuldeep Yadav
Kolkata Knight Riders,JPR Scantlebury-Searles
Kolkata Knight Riders,C Green
Kolkata Knight Riders,RS Gavaskar
Kolkata Knight Riders,JL Denly
Kolkata Knight Riders,Harshit Rana
Kolkata Knight Riders,TK Curran
Kolkata Knight Riders,DJ Hussey
Kolkata Knight Riders,BB McCullum
Kolkata Knight Riders,T Taibu
Kolkata Knight Riders,Liton Das
Kolkata Knight Riders,JD Unadkat
Kolkata Knight Riders,PP Chawla
Kolkata Knight Riders,CJ Green
Kolkata Knight Riders,M Prasidh Krishna
Kolkata Knight Riders,B Lee
Kolkata Knight Riders,Suyash Sharma
Kolkata Knight Riders,Mashrafe Mortaza
Kolkata Knight Riders,BJ Hodge
Kolkata Knight Riders,SS Iyer
Kolkata Knight Riders,SN Thakur
Kolkata Knight Riders,OA Shah
Kolkata Knight Riders,Shubman Gill
Kolkata Knight Riders,S Ladda
Kolkata Knight Riders,CR Woakes
Kolkata Knight Riders,Navdeep Saini
Kolkata Knight Riders,EJG Morgan
Kolkata Knight Riders,CA Lynn
Kolkata Knight Riders,PJ Cummins
Kolkata Knight Riders,MN van Wyk
Kolkata Knight Riders,Aman Hakim Khan
Kolkata Knight Riders,A Chopra
Kolkata Knight Riders,CA Pujara
Kolkata Knight Riders,C Munro
Kolkata Knight Riders,VG Arora
Kolkata Knight Riders,N Rana
Kolkata Knight Riders,Harpreet Singh
Kolkata Knight Riders,FH Allen
Kolkata Knight Riders,P Dogra
Kolkata Knight Riders,JJ Roy
Kolkata Knight Riders,LR Shukla
Kolkata Knight Riders,R McLaren
Kolkata Knight Riders,Q de Kock
Kolkata Knight Riders,YK Pathan
Kolkata Knight Riders,KC Cariappa
Kolkata Knight Riders,B Muzarabani
Kolkata Knight Riders,PJ Sangwan
Kolkata Knight Riders,SS Shaikh
Kolkata Knight Riders,SA Yadav
Kolkata Knight Riders,UT Yadav
Kolkata Knight Riders,A Raghuvanshi
Kolkata Knight Riders,N Jagadeesan
Kolkata Knight Riders,BJ Haddin
Kolkata Knight Riders,PD Salt
Kolkata Knight Riders,SE Bond
Kolkata Knight Riders,TL Seifert
Kolkata Knight Riders,TG Southee
Kolkata Knight Riders,AB Dinda
Kolkata Knight Riders,IR Jaggi
Kolkata Knight Riders,AD Mathews
Kolkata Knight Riders,S Narwal
Kolkata Knight Riders,MK Pandey
Kolkata Knight Riders,Iqbal Abdulla
Kolkata Knight Riders,C de Grandhomme
Kolkata Knight Riders,Salman Butt
Kolkata Knight Riders,AD Russell
Kolkata Knight Riders,J Botha
Kolkata Knight Riders,SP Jackson
Kolkata Knight Riders,KL Nagarkoti
Kolkata Knight Riders,CH Gayle
Kolkata Knight Riders,R Powell
Kolkata Knight Riders,M Kartik
Kolkata Knight Riders,NM Coulter-Nile
Kolkata Knight Riders,K Khejroliya
Kolkata Knight Riders,Yashpal Singh
Kolkata Knight Riders,AM Rahane
Kolkata Knight Riders,Harbhajan Singh
Kolkata Knight Riders,RV Uthappa
Kolkata Knight Riders,A Nortje
Kolkata Knight Riders,Shivam Mavi
Kolkata Knight Riders,AN Ghosh
Kolkata Knight Riders,MM Ali
Kolkata Knight Riders,AJ Finch
Kolkata Knight Riders,Anureet Singh
Kolkata Knight Riders,WP Saha
Kolkata Knight Riders,NS Naik
Kolkata Knight Riders,MG Johnson
Kolkata Knight Riders,I Sharma
Kolkata Knight Riders,GB Hogg
Kolkata Knight Riders,R Vinay Kumar
Kolkata Knight Riders,TA Boult
Kolkata Knight Riders,T Banton
Kolkata Knight Riders,JW Hastings
Kolkata Knight Riders,AB Agarkar
Kolkata Knight Riders,Rasikh Salam
Kolkata Knight Riders,MK Tiwary
Kolkata Knight Riders,JO Holder
Kolkata Knight Riders,S Sandeep Warrier
Kolkata Knight Riders,SH Johnson
Kolkata Knight Riders,Mohammad Hafeez
Kolkata Knight Riders,VR Iyer
Kolkata Knight Riders,AS Rajpoot
Kolkata Knight Riders,BAW Mendis
Kolkata Knight Riders,SMSM Senanayake
Kolkata Knight Riders,PVD Chameera
Kolkata Knight Riders,CR Brathwaite
Kolkata Knight Riders,RA Tripathi
Kolkata Knight Riders,R Bhatia
Kolkata Knight Riders,D Wiese
Kolkata Knight Riders,RT Ponting
Kolkata Knight Riders,Mohammed Shami
Kolkata Knight Riders,JH Kallis
Kolkata Knight Riders,SC Ganguly
Kolkata Knight Riders,MC Henriques
Kolkata Knight Riders,SS Sarkar
Kolkata Knight Riders,Rahmanullah Gurbaz
Kolkata Knight Riders,MB Parmar
Kolkata Knight Riders,SP Narine
Kolkata Knight Riders,MS Bisla
Kolkata Knight Riders,SW Billings
Kolkata Knight Riders,R Sathish
Kolkata Knight Riders,M Morkel
Kolkata Knight Riders,KD Karthik
Kolkata Knight Riders,DM Bravo
Kolkata Knight Riders,Shoaib Akhtar
Kolkata Knight Riders,Kartik Tyagi
Kolkata Knight Riders,Umar Gul
Kolkata Knight Riders,G Gambhir
Kolkata Knight Riders,Shakib Al Hasan
Kolkata Knight Riders,LH Ferguson
Kolkata Knight Riders,MA Starc
Kolkata Knight Riders,Ramandeep Singh
Kolkata Knight Riders,CK Langeveldt
Kolkata Knight Riders,C Sakariya
Kolkata Knight Riders,RK Singh
Jammu & Kashmir,Rasikh Salam
Jammu & Kashmir,Usman Pandit
Jammu & Kashmir,OA Shah
Jammu & Kashmir,Skalzang Kalyan
Jammu & Kashmir,Aamir Aziz
Jammu & Kashmir,Shubham Pundir
Jammu & Kashmir,Manzoor Dar
Jammu & Kashmir,Ian Dev Singh
Jammu & Kashmir,Ahmed Banday
Jammu & Kashmir,Mujtaba Yousuf
Jammu & Kashmir,Adil Reshi
Jammu & Kashmir,M Manhas
Jammu & Kashmir,Aditya Singh
Jammu & Kashmir,Fazil Rashid
Jammu & Kashmir,Umar Alam
Jammu & Kashmir,Waseem Raza
Jammu & Kashmir,Mohammed Mudhasir
Jammu & Kashmir,Rohit Sharma
Jammu & Kashmir,Qamran Iqbal
Jammu & Kashmir,Manish Dogra
Jammu & Kashmir,Abid Mushtaq
Jammu & Kashmir,Parvez Rasool
Jammu & Kashmir,Syed Sagar
Jammu & Kashmir,Abdul Samad
Jammu & Kashmir,Suryansh Raina
Jammu & Kashmir,Rahil Sambyal
Jammu & Kashmir,Zahoor Sofi
Jammu & Kashmir,Jiyaad Magrey
Jammu & Kashmir,Jatin Wadhwan
Jammu & Kashmir,Nawazul Munier
Jammu & Kashmir,Henan Nazir
Jammu & Kashmir,Auqib Nabi
Jammu & Kashmir,Shubham Khajuria
Jammu & Kashmir,Umar Nazir
Jammu & Kashmir,IK Pathan
Jammu & Kashmir,Puneet Kumar
Jammu & Kashmir,Manik Gupta
Jammu & Kashmir,Ram Dayal
Jammu & Kashmir,Vivrant Sharma
Jammu & Kashmir,Yudhvir Singh
Jammu & Kashmir,Umran Malik
Jammu & Kashmir,Lone Nasir Muzaffar
Jammu & Kashmir,Irfan-ul-Haq
Jammu & Kashmir,Pranav Gupta
Jammu & Kashmir,Bandeep Singh
Jammu & Kashmir,Sharukh Dar
Jammu & Kashmir,Sahil Lotra
Punjab,Gitansh Khera
Punjab,Abhishek Gupta
Punjab,Abhishek Sharma
Punjab,Shubman Gill
Punjab,S Ladda
Punjab,Gurinder Singh
Punjab,Sandeep Sharma
Punjab,Mandeep Singh
Punjab,Pukhraj Mann
Punjab,Jaskaran Singh
Punjab,Himanshu Chawla
Punjab,Sanvir Singh
Punjab,Naman Dhir
Punjab,S Kaul
Punjab,Mayank Sidhana
Punjab,Anmol Malhotra
Punjab,Karan Kaila
Punjab,N Wadhera
Punjab,P Dutta
Punjab,Harpreet Brar
Punjab,M Vohra
Punjab,Pargat Singh
Punjab,Gurkeerat Singh
Punjab,Yuvraj Singh
Punjab,Harbhajan Singh
Punjab,Baltej Singh
Punjab,Harmeet Singh
Punjab,Arshdeep Singh
Punjab,Nikhil Chaudhary
Punjab,Gaurav Chaudhary
Punjab,Krishan Alang
Punjab,Anmolpreet Singh
Punjab,M Markande
Punjab,P Simran Singh
Punjab,Jiwanjot Singh
Punjab,Ashwani Kumar
Punjab,Ramandeep Singh
Punjab,Sharad Lumba
Punjab,MS Gony
Punjab,BB Sran
Rwanda,E Sebareme
Rwanda,C Rububagumya
Rwanda,Yves Cyusa
Rwanda,S Ingabire
Rwanda,C Uwase
Rwanda,E Rukiriza
Rwanda,S Niyomuhoza
Rwanda,JM Iradukunda
Rwanda,F Ndayisenga
Rwanda,A Ikuzwe
Rwanda,D Uwizeye
Rwanda,O Manishimwe
Rwanda,Rosine Irera
Rwanda,E Dusingizimana
Rwanda,I Mugisha
Rwanda,JMV Ingabire
Rwanda,M Akayezu
Rwanda,E Kubwimana
Rwanda,S Uwera
Rwanda,D Mukarurangwa
Rwanda,C Uwamahoro
Rwanda,Muhammad Nadir
Rwanda,O Tuyisenge
Rwanda,ZM Ishimwe
Rwanda,MD Bimenyimana
Rwanda,S Samal
Rwanda,Z Bimenyimana
Rwanda,H Ishimwe
Rwanda,K Mira
Rwanda,V Iriho
Rwanda,E Niyomugabo
Rwanda,V Mitari
Rwanda,Sylvia Usabyimana
Rwanda,F Irakoze
Rwanda,Babar Ali
Rwanda,D Igihozo
Rwanda,B Songa
Rwanda,Bosco Tuyizere
Rwanda,D Ndikubwimana
Rwanda,I Muhawenimana
Rwanda,DI Dusabemungu
Rwanda,C Umutonni
Rwanda,RJ Pierre
Rwanda,J Nyirankundineza
Rwanda,D Uwimana
Rwanda,R Shimwamana
Rwanda,R Uwimana
Rwanda,B Murekatete
Rwanda,P Vekaria
Rwanda,EH Dusabemungu
Rwanda,W Niyitanga
Rwanda,L Ufitinema
Rwanda,F Zirahangaje
Rwanda,Hamza Khan
Rwanda,M Vumiliya
Rwanda,N Nzayituriki
Rwanda,K Irakoze
Rwanda,B Bugingo
Rwanda,G Ishimwe
Rwanda,A Mucyodusenge
Rwanda,I Niyomugabo
Rwanda,M Uwase
Rwanda,F Utagushimaninde
Rwanda,G Ingabire
Rwanda,A Uwimbabazi
Rwanda,I Ntirenganya
Rwanda,Geovanis Uwase
Rwanda,MJ Tumukunde
Rwanda,D Gumyusenge
Bahrain,Shujaat Rasool
Bahrain,Shahbaz Badar
Bahrain,Haider Butt
Bahrain,DK Mathias
Bahrain,Tahir Dar
Bahrain,J Chaturanga
Bahrain,TI Gajanayake
Bahrain,Fiaz Ahmed
Bahrain,Anasim Khan
Bahrain,R Rodrigo
Bahrain,Saee Parkhi
Bahrain,Sweeta Corda
Bahrain,Ahmer Bin Nisar
Bahrain,RL D'Souza
Bahrain,Danish Jasnaik
Bahrain,Abdul Majid
Bahrain,Mohammed Sameer
Bahrain,P Kurup
Bahrain,Zeeshan Abbas
Bahrain,Sana Butt
Bahrain,Yousif Wali
Bahrain,Ammad Uddin
Bahrain,Adil Hanif
Bahrain,Adnan Butt
Bahrain,Rashid Hussain
Bahrain,A Samildeen
Bahrain,Imran Khan
Bahrain,Asif Javed
Bahrain,Muhammad Safdar
Bahrain,Abeera Waris
Bahrain,GSPR Arachchige
Bahrain,Ubaid Minhas
Bahrain,Manal Malik
Bahrain,V Barboza
Bahrain,SD Ranawaka
Bahrain,S Sarthak
Bahrain,G Axtell
Bahrain,Zayneb Fazil
Bahrain,D Bhaskara
Bahrain,Sachin Kumar
Bahrain,Azeem ul Haq
Bahrain,Nipuni Nadeera
Bahrain,Jabbar Amjad
Bahrain,S Nunna
Bahrain,S Prakash
Bahrain,P Shetty
Bahrain,Prajna Jagdeesha
Bahrain,Mohamed Iqbal Noor
Bahrain,Asif Shaikh
Bahrain,R Hathadurage
Bahrain,HMD Rasangika
Bahrain,SJ Hate
Bahrain,Sarfaraz Ali
Bahrain,Durriya Malik
Bahrain,Muhammed Basil
Bahrain,Yasser Nazir
Bahrain,Eman Said
Bahrain,R Ramesh
Bahrain,Huzaifa Akram
Bahrain,Sadamali Bhakshala
Bahrain,Sara Vivek
Bahrain,Ali Dawood
Bahrain,Poorvaja Jagdeesha
Bahrain,S Veerapathiran
Bahrain,Junaid Aziz
Bahrain,Muhammad Rafeh
Bahrain,SS Shukla
Bahrain,I Suhun
Bahrain,Ashwini Govinda
Bahrain,Imran Anwar
Bahrain,Imran Butt
Bahrain,Muhammad Salman
Bahrain,Yaser Sadeq
Bahrain,Sameer Minhas
Bahrain,Asif Ali
Bahrain,Awad Khan
Bahrain,Shruti Yadav
Bahrain,Abid Ullah Shah
Bahrain,Muhammad Younis
Bahrain,Numan Yousuf
Bahrain,Abdullah Mohd Yousaf
Bahrain,Mirza Baig
Bahrain,Imran Ali Butt
Bahrain,Reema Naseer
Bahrain,Sohail Ahmed
Bahrain,Nishma Pereira
Bahrain,Umer Imtiaz
Bahrain,S Jayasinghe
Bahrain,JT Matadha
Bahrain,Mohsin Zaki
Bahrain,Rizwan Butt
Bahrain,Shahid Mahmood
Bahrain,Babar Ali
Bahrain,Waseeq Ahmed
Bahrain,Mirza Yaqoob
Bahrain,G Fernando
Bahrain,N Thailappan
Bahrain,Naveena Shetty
Bahrain,Sikder Billah
Bahrain,Abdul Majid Abbasi
Bahrain,Bilal Mansoor
Nepal,Rashid Khan
Nepal,MK Chhetri
Nepal,Sobha Aale
Nepal,JK Mukhiya
Nepal,PS Airee
Nepal,J Pandey
Nepal,Bikram Sob
Nepal,KS Airee
Nepal,Nary Thapa
Nepal,Basir Ahamad
Nepal,H Shah
Nepal,K Bhurtel
Nepal,K Kunwar
Nepal,M Alam
Nepal,RK Vishwakarma
Nepal,P Baskota
Nepal,Irshad Ahamad
Nepal,S Malla
Nepal,Karuna Bhandari
Nepal,P Sarraf
Nepal,Puja Mahato
Nepal,C Sawad
Nepal,S Lohani
Nepal,R Airee
Nepal,S Vesawkar
Nepal,AK Yadav
Nepal,NK Yadav
Nepal,S Praveen
Nepal,Kanchan Shrestha
Nepal,Santosh Yadav
Nepal,MM Chaudhary
Nepal,Y Bist
Nepal,R Rawal
Nepal,R Poddar
Nepal,R Dhakal
Nepal,A Bhattarai
Nepal,D Nath
Nepal,Samjhana Khadka
Nepal,I Pandey
Nepal,R Rijal
Nepal,S Khatiwada
Nepal,SP Khakurel
Nepal,RK Kanoujiya
Nepal,Anjali Chand
Nepal,Karan KC
Nepal,D Khanal
Nepal,B Sharki
Nepal,S Regmi
Nepal,S Lamichhane
Nepal,S Bhari
Nepal,SR Magar
Nepal,Sangita Rai
Nepal,S Pakhrin
Nepal,K Dangol
Nepal,Mamta Thapa
Nepal,R Dhami
Nepal,RP Magar
Nepal,Trishna Singh
Nepal,I Barma
Nepal,SM Dhakal
Nepal,K Marasini
Nepal,S Khadka
Nepal,A Bohara
Nepal,B Yadav
Nepal,AK Sah
Nepal,Anu Kadayat
Nepal,SC Kumari
Nepal,S Dhakal
Nepal,R Chaudhary
Nepal,Sagar Pun
Nepal,I Bist
Nepal,Aarif Sheikh
Nepal,Roma Thapa
Nepal,A Saud
Nepal,Mohammad Aadil Alam
Nepal,A Karn
Nepal,Kushal Malla
Nepal,B Karki
Nepal,A Bidari
Nepal,S Bist
Nepal,DS Airee
Nepal,B Regmi
Nepal,D Bhatta
Nepal,Surya Tamang
Nepal,Gulsan Jha
Nepal,BK Das
Nepal,P Khadka
Nepal,S Dhamala
Nepal,SP Gauchan
Nepal,S Magar
Nepal,Aakash Chand
Nepal,B Rawal
Nepal,Shahab Alam
Nepal,K Shrestha
Nepal,Sabnam Rai
Nepal,K Joshi
Nepal,Aasif Sheikh
Nepal,A Karmacharya
Nepal,LS Bhandari
Nepal,Riya Sharma
Nepal,Pratis GC
Nepal,H Roy
Nepal,H Dhami
Nepal,B Bhandari
Nepal,Apsari Begam
Nepal,S Jora
Nepal,RK Paudel
Nepal,M Shrestha
Nepal,Sompal Kami
Nepal,K Thagunna
Nepal,NB Budayair
Nepal,G Malla
Nepal,LN Rajbanshi
Nepal,K Mahato
Nepal,L Chaudhary
Nepal,M Upadhayay
Nepal,RC Belbashi
Nepal,AK Mandal
Nepal,S Dhami
Nepal,Lokesh Bam
Nepal,Rupesh Singh
Nepal,Arjun Kumal
Rajasthan Royals,SK Warne
Rajasthan Royals,DJ Mitchell
Rajasthan Royals,TU Deshpande
Rajasthan Royals,Sandeep Sharma
Rajasthan Royals,SA Asnodkar
Rajasthan Royals,Pankaj Singh
Rajasthan Royals,LS Livingstone
Rajasthan Royals,RJ Quiney
Rajasthan Royals,AG Paunikar
Rajasthan Royals,K Gowtham
Rajasthan Royals,A Singh
Rajasthan Royals,SP Goswami
Rajasthan Royals,M Kaif
Rajasthan Royals,D Padikkal
Rajasthan Royals,Akash Singh
Rajasthan Royals,JC Archer
Rajasthan Royals,Brijesh Sharma
Rajasthan Royals,JDP Oram
Rajasthan Royals,S Sreesanth
Rajasthan Royals,B Laughlin
Rajasthan Royals,Kamran Khan
Rajasthan Royals,BA Stokes
Rajasthan Royals,TK Curran
Rajasthan Royals,M Markande
Rajasthan Royals,PWH de Silva
Rajasthan Royals,AP Dole
Rajasthan Royals,AD Mascarenhas
Rajasthan Royals,IS Sodhi
Rajasthan Royals,S Dube
Rajasthan Royals,K Yadav
Rajasthan Royals,T Kohler-Cadmore
Rajasthan Royals,RA Jadeja
Rajasthan Royals,J Theron
Rajasthan Royals,K Kartikeya
Rajasthan Royals,A Zampa
Rajasthan Royals,KK Cooper
Rajasthan Royals,Abdul Basith
Rajasthan Royals,Tanush Kotian
Rajasthan Royals,JD Unadkat
Rajasthan Royals,M Prasidh Krishna
Rajasthan Royals,Younis Khan
Rajasthan Royals,PR Shah
Rajasthan Royals,BB Sran
Rajasthan Royals,SD Chitnis
Rajasthan Royals,BJ Hodge
Rajasthan Royals,OA Shah
Rajasthan Royals,GD Phillips
Rajasthan Royals,Navdeep Saini
Rajasthan Royals,R Shukla
Rajasthan Royals,DH Yagnik
Rajasthan Royals,UBT Chand
Rajasthan Royals,T Henderson
Rajasthan Royals,MD Shanaka
Rajasthan Royals,N Rana
Rajasthan Royals,AL Menaria
Rajasthan Royals,YBK Jaiswal
Rajasthan Royals,Avesh Khan
Rajasthan Royals,P Dogra
Rajasthan Royals,YK Pathan
Rajasthan Royals,Harmeet Singh
Rajasthan Royals,NV Ojha
Rajasthan Royals,R Ashwin
Rajasthan Royals,NA Saini
Rajasthan Royals,LA Carseldine
Rajasthan Royals,R Dravid
Rajasthan Royals,SV Samson
Rajasthan Royals,SO Hetmyer
Rajasthan Royals,Sachin Baby
Rajasthan Royals,S Midhun
Rajasthan Royals,AA Jhunjhunwala
Rajasthan Royals,HE van der Dussen
Rajasthan Royals,TG Southee
Rajasthan Royals,A Chandila
Rajasthan Royals,KR Sen
Rajasthan Royals,SM Harwood
Rajasthan Royals,Ravi Bishnoi
Rajasthan Royals,S Narwal
Rajasthan Royals,Iqbal Abdulla
Rajasthan Royals,MM Patel
Rajasthan Royals,KS Rathore
Rajasthan Royals,J Botha
Rajasthan Royals,JDS Neesham
Rajasthan Royals,PV Tambe
Rajasthan Royals,AJ Tye
Rajasthan Royals,GC Smith
Rajasthan Royals,R Powell
Rajasthan Royals,N Burger
Rajasthan Royals,NM Coulter-Nile
Rajasthan Royals,AA Chavan
Rajasthan Royals,KT Maphaka
Rajasthan Royals,M Rawat
Rajasthan Royals,SPD Smith
Rajasthan Royals,AM Rahane
Rajasthan Royals,DA Miller
Rajasthan Royals,KM Asif
Rajasthan Royals,T Kohli
Rajasthan Royals,Fazalhaq Farooqi
Rajasthan Royals,Mustafizur Rahman
Rajasthan Royals,RV Uthappa
Rajasthan Royals,PC Valthaty
Rajasthan Royals,LRPL Taylor
Rajasthan Royals,AS Raut
Rajasthan Royals,JP Faulkner
Rajasthan Royals,SW Tait
Rajasthan Royals,MJ Lumb
Rajasthan Royals,SB Dubey
Rajasthan Royals,DR Martyn
Rajasthan Royals,VR Aaron
Rajasthan Royals,AJ Finch
Rajasthan Royals,DJM Short
Rajasthan Royals,Anureet Singh
Rajasthan Royals,S Badree
Rajasthan Royals,YS Chahal
Rajasthan Royals,GB Hogg
Rajasthan Royals,MDKJ Perera
Rajasthan Royals,TA Boult
Rajasthan Royals,D Ferreira
Rajasthan Royals,Dhruv Jurel
Rajasthan Royals,M Ashwin
Rajasthan Royals,MK Lomror
Rajasthan Royals,Kamran Akmal
Rajasthan Royals,DJ Hooda
Rajasthan Royals,STR Binny
Rajasthan Royals,JO Holder
Rajasthan Royals,S Gopal
Rajasthan Royals,JE Root
Rajasthan Royals,D Salunkhe
Rajasthan Royals,A Uniyal
Rajasthan Royals,P Chopra
Rajasthan Royals,R Parag
Rajasthan Royals,O Thomas
Rajasthan Royals,CH Morris
Rajasthan Royals,FY Fazal
Rajasthan Royals,T Shamsi
Rajasthan Royals,AS Rajpoot
Rajasthan Royals,R Tewatia
Rajasthan Royals,Anuj Rawat
Rajasthan Royals,SB Wagh
Rajasthan Royals,OC McCoy
Rajasthan Royals,V Suryavanshi
Rajasthan Royals,LG Pretorius
Rajasthan Royals,NK Patel
Rajasthan Royals,M Vohra
Rajasthan Royals,Yash Raj Punja
Rajasthan Royals,RA Tripathi
Rajasthan Royals,R Bhatia
Rajasthan Royals,SR Watson
Rajasthan Royals,KW Richardson
Rajasthan Royals,KK Nair
Rajasthan Royals,M Morkel
Rajasthan Royals,ND Doshi
Rajasthan Royals,H Klaasen
Rajasthan Royals,SK Trivedi
Rajasthan Royals,Sohail Tanvir
Rajasthan Royals,Kartik Tyagi
Rajasthan Royals,E Lewis
Rajasthan Royals,Ankit Sharma
Rajasthan Royals,AM Nayar
Rajasthan Royals,AJ Turner
Rajasthan Royals,Yudhvir Singh
Rajasthan Royals,Akash Madhwal
Rajasthan Royals,VS Malik
Rajasthan Royals,JC Buttler
Rajasthan Royals,DS Kulkarni
Rajasthan Royals,M Theekshana
Rajasthan Royals,KA Maharaj
Rajasthan Royals,C Sakariya
Rajasthan Royals,AC Voges
Rajasthan Royals,DS Lehmann
Rajasthan Royals,BCJ Cutting
Adelaide Strikers,Rashid Khan
Adelaide Strikers,D Brown
Adelaide Strikers,NM Lyon
Adelaide Strikers,RN ten Doeschate
Adelaide Strikers,M Klinger
Adelaide Strikers,CJ Jordan
Adelaide Strikers,KT Perkins
Adelaide Strikers,DA Payne
Adelaide Strikers,KA Pollard
Adelaide Strikers,JW Wells
Adelaide Strikers,Saeed Ajmal
Adelaide Strikers,CJ Boyce
Adelaide Strikers,JS Lehmann
Adelaide Strikers,AU Rashid
Adelaide Strikers,B Laughlin
Adelaide Strikers,MT Renshaw
Adelaide Strikers,TJ McPharlin
Adelaide Strikers,CA Ingram
Adelaide Strikers,JM Muirhead
Adelaide Strikers,CJ Simmons
Adelaide Strikers,SJ Coyte
Adelaide Strikers,DR Drew
Adelaide Strikers,JJS Sangha
Adelaide Strikers,IS Sodhi
Adelaide Strikers,D van Niekerk
Adelaide Strikers,TM McGrath
Adelaide Strikers,A Zampa
Adelaide Strikers,GL Adams
Adelaide Strikers,OJ Pope
Adelaide Strikers,AJ Crosthwaite
Adelaide Strikers,MW Harvey
Adelaide Strikers,BJ Hodge
Adelaide Strikers,D Hazell
Adelaide Strikers,SACA King
Adelaide Strikers,J Weatherald
Adelaide Strikers,HJ Manenti
Adelaide Strikers,CA Lynn
Adelaide Strikers,KR Smith
Adelaide Strikers,RJ Gibson
Adelaide Strikers,M Penna
Adelaide Strikers,DR Gibson
Adelaide Strikers,CL White
Adelaide Strikers,SFM Devine
Adelaide Strikers,K Pope
Adelaide Strikers,Hasan Ali
Adelaide Strikers,LN O'Connor
Adelaide Strikers,O Prendergast
Adelaide Strikers,GHS Garton
Adelaide Strikers,E Larosa
Adelaide Strikers,AW O'Brien
Adelaide Strikers,CJ Ferguson
Adelaide Strikers,HP Kingston
Adelaide Strikers,J Wadia
Adelaide Strikers,JJ Bazley
Adelaide Strikers,PD Salt
Adelaide Strikers,BE Young
Adelaide Strikers,L Wood
Adelaide Strikers,MJ Johnston
Adelaide Strikers,AT Carey
Adelaide Strikers,SM Betts
Adelaide Strikers,GD Putland
Adelaide Strikers,C de Grandhomme
Adelaide Strikers,DPMD Jayawardene
Adelaide Strikers,JL Barsby
Adelaide Strikers,AD Hales
Adelaide Strikers,L Wolvaardt
Adelaide Strikers,BAD Manenti
Adelaide Strikers,J Botha
Adelaide Strikers,TP Doropoulos
Adelaide Strikers,BE Patterson
Adelaide Strikers,C Valente
Adelaide Strikers,B Stanlake
Adelaide Strikers,SW Bates
Adelaide Strikers,TL Lawford
Adelaide Strikers,SJ Elliott
Adelaide Strikers,CJ Borgas
Adelaide Strikers,TLW Cooper
Adelaide Strikers,MW Short
Adelaide Strikers,HJ Nielsen
Adelaide Strikers,AC Blizzard
Adelaide Strikers,T Saville
Adelaide Strikers,A Price
Adelaide Strikers,DJS Dottin
Adelaide Strikers,JM Holland
Adelaide Strikers,JS Buckingham
Adelaide Strikers,SW Tait
Adelaide Strikers,L Winfield
Adelaide Strikers,JD Smith
Adelaide Strikers,DJM Short
Adelaide Strikers,HJ Hunt
Adelaide Strikers,MG Neser
Adelaide Strikers,JEC Franklin
Adelaide Strikers,JR Dean
Adelaide Strikers,AI Ross
Adelaide Strikers,DJ Harris
Adelaide Strikers,A Wellington
Adelaide Strikers,S Ecclestone
Adelaide Strikers,HTRY Thornton
Adelaide Strikers,H Perry
Adelaide Strikers,RS Dick
Adelaide Strikers,CM Edwards
Adelaide Strikers,BE McGain
Adelaide Strikers,IA Cockbain
Adelaide Strikers,L Pope
Adelaide Strikers,GA West
Adelaide Strikers,ML Schutt
Adelaide Strikers,T Shamsi
Adelaide Strikers,KM Mack
Adelaide Strikers,BG Drew
Adelaide Strikers,AC Thomas
Adelaide Strikers,S Nitschke
Adelaide Strikers,PJ Hughes
Adelaide Strikers,DR Salpietro
Adelaide Strikers,BS Oakley
Adelaide Strikers,A O'Neil
Adelaide Strikers,SJ Taylor
Adelaide Strikers,DR Briggs
Adelaide Strikers,HNA Conway
Adelaide Strikers,KW Richardson
Adelaide Strikers,PM Siddle
Adelaide Strikers,AC Mushangwe
Adelaide Strikers,T Kelly
Adelaide Strikers,NJ Reardon
Adelaide Strikers,SR Taylor
Adelaide Strikers,B Doggett
Adelaide Strikers,WA Agar
Adelaide Strikers,TM Head
Adelaide Strikers,LK Ebsary
Adelaide Strikers,TT Beaumont
Adelaide Strikers,TP Ludeman
Adelaide Strikers,TD Andrews
Adelaide Strikers,DJ Worrall
Adelaide Strikers,FA Allen
Adelaide Strikers,J Overton
Adelaide Strikers,E Johnston
Adelaide Strikers,BR Dunk
Adelaide Strikers,Shakib Al Hasan
Adelaide Strikers,S Mandhana
Adelaide Strikers,AJ Hose
Adelaide Strikers,L Scott
Adelaide Strikers,Fawad Ahmed
Adelaide Strikers,L Haskett
Brisbane Heat,CG Sippel
Brisbane Heat,XC Bartlett
Brisbane Heat,BM Duckett
Brisbane Heat,DM Kimmince
Brisbane Heat,UT Khawaja
Brisbane Heat,JK Lalor
Brisbane Heat,Yasir Shah
Brisbane Heat,PI Walter
Brisbane Heat,JS Floros
Brisbane Heat,RM Duffield
Brisbane Heat,JM Fields
Brisbane Heat,CA Wakim
Brisbane Heat,H Birkett
Brisbane Heat,PG Dooley
Brisbane Heat,LW Feldman
Brisbane Heat,A Bosch
Brisbane Heat,JS Lehmann
Brisbane Heat,JL Denly
Brisbane Heat,AC Kerr
Brisbane Heat,PJ Forrest
Brisbane Heat,SU Ginger
Brisbane Heat,DW Lawrence
Brisbane Heat,CJM Sabburg
Brisbane Heat,B Laughlin
Brisbane Heat,S Pandey
Brisbane Heat,MT Renshaw
Brisbane Heat,TS Mills
Brisbane Heat,K Sutherland
Brisbane Heat,ND Buchanan
Brisbane Heat,DR Drew
Brisbane Heat,BB McCullum
Brisbane Heat,ML Wrigley
Brisbane Heat,L Bassingthwaighte
Brisbane Heat,MT Steketee
Brisbane Heat,SD Parry
Brisbane Heat,LD Hearne
Brisbane Heat,TP Alsop
Brisbane Heat,RA Whiteley
Brisbane Heat,CA Lynn
Brisbane Heat,DMK Grant
Brisbane Heat,CA Henry
Brisbane Heat,RE van der Merwe
Brisbane Heat,C Munro
Brisbane Heat,JL Pattinson
Brisbane Heat,KL Short
Brisbane Heat,KL Cross
Brisbane Heat,NM Hauritz
Brisbane Heat,JA Prestwidge
Brisbane Heat,A Barty
Brisbane Heat,Mujeeb Ur Rahman
Brisbane Heat,JE Dooley
Brisbane Heat,BR McDermott
Brisbane Heat,BL Mooney
Brisbane Heat,Poonam Yadav
Brisbane Heat,CR Swan
Brisbane Heat,SD Heazlett
Brisbane Heat,CD Hartley
Brisbane Heat,T Cooper
Brisbane Heat,RJ Harris
Brisbane Heat,L Guthrie
Brisbane Heat,JJ Bazley
Brisbane Heat,AB de Villiers
Brisbane Heat,KAJ Roach
Brisbane Heat,SJ Johnson
Brisbane Heat,G Redmayne
Brisbane Heat,L Winfield-Hill
Brisbane Heat,CJ Gannon
Brisbane Heat,M du Preez
Brisbane Heat,AW Robinson
Brisbane Heat,SR Hain
Brisbane Heat,DN Wyatt
Brisbane Heat,JL Barsby
Brisbane Heat,JP Wood
Brisbane Heat,Shadab Khan
Brisbane Heat,L Wolvaardt
Brisbane Heat,ML Green
Brisbane Heat,HL Ferling
Brisbane Heat,JM Kerr
Brisbane Heat,LMP Simmons
Brisbane Heat,LK Hamilton
Brisbane Heat,S Luus
Brisbane Heat,Shaheen Shah Afridi
Brisbane Heat,ML Hayden
Brisbane Heat,M Labuschagne
Brisbane Heat,TLW Cooper
Brisbane Heat,RH McDonald
Brisbane Heat,DJS Dottin
Brisbane Heat,HD Weibgen
Brisbane Heat,DT Christian
Brisbane Heat,M Hinkley
Brisbane Heat,NM Hancock
Brisbane Heat,L Gregory
Brisbane Heat,LB Bourke
Brisbane Heat,L Winfield
Brisbane Heat,S Glenn
Brisbane Heat,DL Vettori
Brisbane Heat,S McGiffin
Brisbane Heat,S Badree
Brisbane Heat,AL Fekete
Brisbane Heat,MG Neser
Brisbane Heat,C Hill
Brisbane Heat,AI Ross
Brisbane Heat,T Banton
Brisbane Heat,Thomas Balkin
Brisbane Heat,Zaman Khan
Brisbane Heat,MP Kuhnemann
Brisbane Heat,CR Knott
Brisbane Heat,G Voll
Brisbane Heat,SH Johnson
Brisbane Heat,NA McSweeney
Brisbane Heat,JD Wildermuth
Brisbane Heat,JA Burns
Brisbane Heat,J Clayton
Brisbane Heat,NLTC Perera
Brisbane Heat,T Whitney
Brisbane Heat,W Prestwidge
Brisbane Heat,TB Abell
Brisbane Heat,P Vastrakar
Brisbane Heat,BAM Heath
Brisbane Heat,JJ Peirson
Brisbane Heat,Fakhar Zaman
Brisbane Heat,A O'Neil
Brisbane Heat,JI Rodrigues
Brisbane Heat,S Milenko
Brisbane Heat,AC McDermott
Brisbane Heat,J Brown
Brisbane Heat,SR Watson
Brisbane Heat,NJ Reardon
Brisbane Heat,N de Klerk
Brisbane Heat,B Doggett
Brisbane Heat,M Morkel
Brisbane Heat,SW Billings
Brisbane Heat,A Flintoff
Brisbane Heat,G Prestwidge
Brisbane Heat,LD Pfeffer
Brisbane Heat,GM Harris
Brisbane Heat,LA Pomersbach
Brisbane Heat,L Harris
Brisbane Heat,M Bryant
Brisbane Heat,C Kieswetter
Brisbane Heat,S Mandhana
Brisbane Heat,Zahir Khan
Brisbane Heat,E Johnston
Brisbane Heat,JL Jonassen
Brisbane Heat,R Irvine
Brisbane Heat,O Patterson
Brisbane Heat,JR Hopes
Brisbane Heat,MJ Swepson
Brisbane Heat,GE Parsons
Brisbane Heat,L Haskett
Brisbane Heat,BCJ Cutting
Portugal,J Balkrisna
Portugal,C Greenshields
Portugal,SP Gomes
Portugal,I Kaur
Portugal,C De Freitas
Portugal,Edward Fleming
Portugal,F Stoman
Portugal,Mubeen Tariq
Portugal,SP Sharma
Portugal,IK Cheema
Portugal,J Martins
Portugal,Syed Maisam Ali
Portugal,Afsheen Ahmed
Portugal,Umar Farooq
Portugal,Adnan Gondal
Portugal,S Singh
Portugal,J Vijay
Portugal,Junaid Khan
Portugal,Ali Naqi
Portugal,S Vaz
Portugal,I Medhi
Portugal,Natim Hassam
Portugal,GS Sequeira
Portugal,Suman Ghimire
Portugal,Khalid Izaz
Portugal,S Foo-Ryland
Portugal,ARA Chambers
Portugal,Fakhrul Mohon
Portugal,R Hashu
Portugal,JAM Henri
Portugal,Azhar Andani
Portugal,C Nunes
Portugal,Mian Mehmood
Portugal,M Stoman
Portugal,H Khuttan
Portugal,B Maximo
Portugal,SG Luijke
Portugal,Assad Mehmood
Portugal,Aamer Ikram
Portugal,Amir Zaib
Portugal,Zohaib Sarwar
Portugal,M Machado
Portugal,D Norotam
Portugal,Rizwan Khaliq
Portugal,Deep Harian
Portugal,K Sequiera
Portugal,Mariam Waseem
Portugal,J de Figueiredo
Portugal,Joanna Child
Portugal,Ghazanfar Ali
Portugal,Imran Khan
Portugal,Tariq Aziz
Portugal,C Potgieter
Portugal,Arslan Ahmed
Portugal,Amandeep Singh
Portugal,P Buccimazza
Portugal,Kuldeep
Portugal,Nadeem Butt
Portugal,Sirajullah Khadim
Portugal,U Shantu
Portugal,Najjam Shahzad
Spain,J Trembeath-Moro
Spain,Raja Adeel
Spain,Uswa Syed
Spain,JG Kaur
Spain,NH Berejo
Spain,P Chilongia
Spain,Tashiba Mirza
Spain,Yasir Ali
Spain,Farhat Mahmood
Spain,Tanveer Iqbal
Spain,Adnan Tahir
Spain,Muhammad Yasin
Spain,Muskan Naseeb
Spain,Wania Malik
Spain,R Panchal
Spain,NH Naureen
Spain,Zenab Iqbal
Spain,M Armghan Khan
Spain,Tauqeer Hussain
Spain,S Basharat
Spain,P Dhiman
Spain,V Vini
Spain,Muhammad Babar
Spain,GS Bajwa
Spain,Hamza Dar
Spain,SJ Hughes-Pinan
Spain,J Perman
Spain,LA Burns
Spain,PD Hennessy
Spain,C Rumistrzewicz
Spain,Shafat Ali Syed
Spain,Zulqarnain Haider
Spain,TC Vine
Spain,LD Chukkapalli-Llinares
Spain,Amir Hamza
Spain,Mohammad Ihsan
Spain,Rabia Mushtaq
Spain,D Long Martinez
Spain,Rabia Iqbal
Spain,Atif Mehmood
Spain,A Hartley
Spain,Memoona Riaz
Spain,JF Smagacz
Spain,Amelia Jones
Spain,Hifsa Butt
Spain,D Doyle-Calle
Spain,EMC Fowler
Spain,A Brown-Carrera
Spain,Mukhtiar Singh
Spain,AD Algar
Spain,Nisar Ahmed
Spain,A Davidson Soler
Spain,C Munoz-Mills
Spain,Talat Nadeem
Spain,Muhammad Asjed
Spain,Farzan Afzal
Spain,Mohammad Kamran
Spain,Kuldeep Lal
Spain,KR Frost
Spain,C Gwilliam-Lopez
Spain,A Davidson-Soler
Spain,Awais Ahmed
Spain,Robiul Khan
Spain,Mohammad Atif
Spain,Vinod Kumar
Spain,J Roper
St Lucia Zouks,KJ Cottoy
St Lucia Zouks,ST Gabriel
St Lucia Zouks,TA Willett
St Lucia Zouks,HH Gibbs
St Lucia Zouks,K Lesporis
St Lucia Zouks,ADS Fletcher
St Lucia Zouks,KAR Hodge
St Lucia Zouks,NLTC Perera
St Lucia Zouks,DJG Sammy
St Lucia Zouks,GC Viljoen
St Lucia Zouks,ROO Jordan
St Lucia Zouks,E Leie
St Lucia Zouks,Mohammad Nabi
St Lucia Zouks,LAS Sebastien
St Lucia Zouks,RE van der Merwe
St Lucia Zouks,DYA Davis
St Lucia Zouks,DS Smith
St Lucia Zouks,J Royal
St Lucia Zouks,DE Johnson
St Lucia Zouks,OC McCoy
St Lucia Zouks,K Ramsaran
St Lucia Zouks,Tamim Iqbal
St Lucia Zouks,K Santokie
St Lucia Zouks,RO Cato
St Lucia Zouks,GE Mathurin
St Lucia Zouks,DA Miller
St Lucia Zouks,M Matthew
St Lucia Zouks,SR Watson
St Lucia Zouks,TL Best
St Lucia Zouks,NL McCullum
St Lucia Zouks,MEK Hussey
St Lucia Zouks,KP Pietersen
St Lucia Zouks,M Morkel
St Lucia Zouks,H Davids
St Lucia Zouks,LRPL Taylor
St Lucia Zouks,JE Taylor
St Lucia Zouks,LS Boucher
St Lucia Zouks,CA Ingram
St Lucia Zouks,RRS Cornwall
St Lucia Zouks,Sohail Tanvir
St Lucia Zouks,Misbah-ul-Haq
St Lucia Zouks,KS Melius
St Lucia Zouks,JN Hamilton
St Lucia Zouks,FH Edwards
St Lucia Zouks,RL Chase
St Lucia Zouks,SW Ambris
St Lucia Zouks,GD Elliott
St Lucia Zouks,KAJ Roach
St Lucia Zouks,Saad Bin Zafar
St Lucia Zouks,GD Pope
St Lucia Zouks,KOK Williams
St Lucia Zouks,JD Campbell
St Lucia Zouks,M Deyal
St Lucia Zouks,SC Kuggeleijn
St Lucia Zouks,KR Mayers
St Lucia Zouks,Zahir Khan
St Lucia Zouks,CD Barnwell
St Lucia Zouks,CK Holder
St Lucia Zouks,JA Morkel
St Lucia Zouks,S Shillingford
St Lucia Zouks,J Glen
St Lucia Zouks,J Charles
St Lucia Zouks,NR Kumar
St Lucia Zouks,Fawad Ahmed
St Lucia Zouks,Najibullah Zadran
St Lucia Zouks,AM McCarthy
St Lucia Zouks,NT Pascal
St Lucia Zouks,C de Grandhomme
United Arab Emirates,Omid Shafi Rahman
United Arab Emirates,A Sharma
United Arab Emirates,Basil Hameed
United Arab Emirates,Nisha Ali
United Arab Emirates,Adnan Mufti
United Arab Emirates,Khurram Khan
United Arab Emirates,Shoaib Sarwar
United Arab Emirates,Khuzaima Tanveer
United Arab Emirates,Imran Haider
United Arab Emirates,D Parashar
United Arab Emirates,YK Rai
United Arab Emirates,Mohammad Shafiq
United Arab Emirates,Mohammad Tauqir
United Arab Emirates,Hafiz Qaleem
United Arab Emirates,Shaiman Anwar
United Arab Emirates,Zawar Farid
United Arab Emirates,Farhan Ahmed
United Arab Emirates,M Gaur
United Arab Emirates,Saqlain Haider
United Arab Emirates,Sultan Ahmed
United Arab Emirates,Syed Haider
United Arab Emirates,Muhammad Rohid
United Arab Emirates,Asif Khan
United Arab Emirates,Waseem Muhammad
United Arab Emirates,AR Berenger
United Arab Emirates,UCKA Dona
United Arab Emirates,Qais Farooq
United Arab Emirates,Amjad Gul
United Arab Emirates,Mohammad Shahzad
United Arab Emirates,Amjad Javed
United Arab Emirates,Hazrat Bilal
United Arab Emirates,AM Guruge
United Arab Emirates,Muhammad Kaleem
United Arab Emirates,A Sharafu
United Arab Emirates,Aryan Lakra
United Arab Emirates,Nasir Aziz
United Arab Emirates,Muhammad Usman
United Arab Emirates,S Kotte
United Arab Emirates,Chirag Suri
United Arab Emirates,IPP Batuwitarachchi
United Arab Emirates,DDP D'Silva
United Arab Emirates,Rameez Shahzad
United Arab Emirates,Haider Ali
United Arab Emirates,NM Cherriath
United Arab Emirates,S Kalyan
United Arab Emirates,Alawi Shukri
United Arab Emirates,Irfan Sajid
United Arab Emirates,J Figy John
United Arab Emirates,Waheed Ahmed
United Arab Emirates,L Sreekumar
United Arab Emirates,Ghulam Shabber
United Arab Emirates,CP Rizwan
United Arab Emirates,KKN Egodage
United Arab Emirates,Asim Khurshid
United Arab Emirates,Kashif Daud
United Arab Emirates,Zuhaib Zubair
United Arab Emirates,IS Mananelage
United Arab Emirates,Aman Ali
United Arab Emirates,H Kaushik
United Arab Emirates,Aayan Afzal Khan
United Arab Emirates,Ahmed Raza
United Arab Emirates,Amir Hayat
United Arab Emirates,Adhitya Shetty
United Arab Emirates,H Hotchandani
United Arab Emirates,Muhammad Arfan
United Arab Emirates,Khalid Shah
United Arab Emirates,Harpreet Singh
United Arab Emirates,ER Oza
United Arab Emirates,EHSN Silva
United Arab Emirates,Muhammad Jawadullah
United Arab Emirates,Archara Supriya
United Arab Emirates,ATS Silva
United Arab Emirates,Rohan Mustafa
United Arab Emirates,Mohammad Naveed
United Arab Emirates,AD Nath
United Arab Emirates,Sanchin Singh
United Arab Emirates,Matiullah Khan
United Arab Emirates,S Venkataraman
United Arab Emirates,J Peter
United Arab Emirates,Mohammad Ayaz
United Arab Emirates,Zahid Ali
United Arab Emirates,KP Meiyappan
United Arab Emirates,Akif Raja
United Arab Emirates,S Dharnidharka
United Arab Emirates,Vaishnave Mahesh
United Arab Emirates,Hazrat Luqman
United Arab Emirates,Wasim Bari
United Arab Emirates,J Giyanani
United Arab Emirates,V Shetty
United Arab Emirates,Fahad Alhashmi
United Arab Emirates,Chaya Mughal
United Arab Emirates,Mohammad Usman
United Arab Emirates,P Jain
United Arab Emirates,Humaira Tasneem
United Arab Emirates,Raja Adeel
United Arab Emirates,Fahad Nawaz
United Arab Emirates,Muhammad Shahdad
United Arab Emirates,J Cleetus
United Arab Emirates,Ashfaq Ahmed
United Arab Emirates,Sharif Asadullah
United Arab Emirates,N Fernandes
United Arab Emirates,Muhammad Farooq
United Arab Emirates,N Sharma
United Arab Emirates,Saqib Ali
United Arab Emirates,R Chopra
United Arab Emirates,Zahoor Khan
United Arab Emirates,Faizan Asif
United Arab Emirates,L Keny
United Arab Emirates,Arshad Ali
United Arab Emirates,Mohammed Faraazuddin
United Arab Emirates,MD Botha
United Arab Emirates,SP Patil
United Arab Emirates,Roopa Nagraj
United Arab Emirates,Rithika Rajith
United Arab Emirates,Krishna Chandran
United Arab Emirates,Zahid Shah
United Arab Emirates,Y Punja
United Arab Emirates,Junaid Siddique
United Arab Emirates,Mohammad Boota
United Arab Emirates,MR Kumar
United Arab Emirates,Usman Mushtaq
United Arab Emirates,Adeeb Usmani
United Arab Emirates,SM Sharma
United Arab Emirates,Khushi Sharma
United Arab Emirates,SS Kang
United Arab Emirates,Ali Naseer
United Arab Emirates,I Seneviratne
United Arab Emirates,Amjad Ali
United Arab Emirates,Rishitha Rajith
United Arab Emirates,Theertha Satish
United Arab Emirates,Nilansh Keswani
United Arab Emirates,I Nandakumar
United Arab Emirates,Fahad Tariq
United Arab Emirates,Abdul Shakoor
United Arab Emirates,Salman Faris
United Arab Emirates,Fayyaz Ahmed
United Arab Emirates,Noor-ul-Amin
United Arab Emirates,Mehak Thakur
United Arab Emirates,Keziah Miriam Sabin
United Arab Emirates,Saghir Khan
United Arab Emirates,Umair Ali
United Arab Emirates,Ajay Kumar
United Arab Emirates,V Sukumaran
United Arab Emirates,Mohammad Azam
United Arab Emirates,V Aravind
United Arab Emirates,B Palekar
United Arab Emirates,Abdul Rehman
United Arab Emirates,Kamran Shazad
United Arab Emirates,Lovepreet Singh
United Arab Emirates,Shoaib Khan
United Arab Emirates,Rinitha Rajith
United Arab Emirates,Ethan D'Souza
United Arab Emirates,Mohammed Qasim
United Arab Emirates,Qadeer Ahmed
United Arab Emirates,A Valthapa
United Arab Emirates,KC Thompson
United Arab Emirates,Ansh Tandon
United Arab Emirates,RN Bhatia
United Arab Emirates,CR Seneviratna
United Arab Emirates,Zaheer Maqsood
United Arab Emirates,Sabir Ali
United Arab Emirates,Muhammad Zohaib
United Arab Emirates,Al Maseera Jahangir
United Arab Emirates,N D'souza
United Arab Emirates,T Suri
United Arab Emirates,AS Patil
United Arab Emirates,Asif Iqbal (1)
United Arab Emirates,S Gokhale
Dolphins,JT Smuts
Dolphins,D Smit
Dolphins,K Mungroo
Dolphins,S Muthusamy
Dolphins,MN van Wyk
Dolphins,B Cele
Dolphins,E Bosch
Dolphins,LM Zuma
Dolphins,H Viljoen
Dolphins,MJ Ackerman
Dolphins,OEG Baartman
Dolphins,KJ Abbott
Dolphins,CJ Alexander
Dolphins,DJ Vilas
Dolphins,KD Petersen
Dolphins,BS Makhanya
Dolphins,YA Abdulla
Dolphins,T Ntini
Dolphins,R McLaren
Dolphins,O Modimokoane
Dolphins,RS Bopara
Dolphins,DA Miller
Dolphins,G Roelofsen
Dolphins,AL Phehlukwayo
Dolphins,RJ Engelbrecht
Dolphins,M Shezi
Dolphins,O Cele
Dolphins,M Gqadushe
Dolphins,B Parsons
Dolphins,A Simelane
Dolphins,P Subrayen
Dolphins,R de Swardt
Dolphins,LE Bosman
Dolphins,SJ Erwee
Dolphins,KP Pietersen
Dolphins,M Mosehle
Dolphins,DJ van Wyk
Dolphins,Imran Tahir
Dolphins,TA Dithole
Dolphins,S Nhlebela
Dolphins,JF Smith
Dolphins,C Chetty
Dolphins,FH Edwards
Dolphins,JD Vandiar
Dolphins,AM Amla
Dolphins,DJ Bravo
Dolphins,I Khan
Dolphins,CS Delport
Dolphins,R Frylinck
Dolphins,S van Staden
Dolphins,CP Savage
Dolphins,DM Dupavillon
Dolphins,RS Pillay
Dolphins,K Zondo
Dolphins,VB van Jaarsveld
Dolphins,KA Maharaj
Dolphins,K Nipper
Dolphins,A Myoli
Dolphins,N Mokoena
Dolphins,BG Porteous
Warriors,A Mhletywa
Warriors,Z Abrahams
Warriors,S Muthusamy
Warriors,S Simetu
Warriors,KR Smuts
Warriors,CN Ackermann
Warriors,C Jonker
Warriors,L Mbane
Warriors,KJ Abbott
Warriors,RS Second
Warriors,T Stubbs
Warriors,MJ Nqolo
Warriors,GA Stuurman
Warriors,J du Plessis
Warriors,CA Ingram
Warriors,A Jacobs
Warriors,S Tait
Warriors,M Marais
Warriors,J Theron
Warriors,S Qeshile
Warriors,BM Dolley
Warriors,M Nabe
Warriors,M Ntini
Warriors,RT Bailey
Warriors,CA Thyssen
Warriors,SSB Magala
Warriors,R Meyer
Warriors,T Ruma
Warriors,M Wai Siu
Warriors,ER Oza
Warriors,T van Vuuren
Warriors,SA Mothoa
Warriors,ACR Birch
Warriors,L Makhosi
Warriors,LC Ngoepe
Warriors,Tsepo Ndwandwa
Warriors,CJ King
Warriors,AG Prince
Warriors,M du Preez
Warriors,AZM Dyili
Warriors,SR Patel
Warriors,JT Smuts
Warriors,AP McLaren
Warriors,K Jacobs
Warriors,KE Bryce
Warriors,J de Klerk
Warriors,J King
Warriors,Yasmeen Khan
Warriors,JM Kerr
Warriors,J Botha
Warriors,SSN Nqweni
Warriors,J Hermann
Warriors,O Nyaku
Warriors,P Litchfield
Warriors,MQ Adams
Warriors,Shanzeen Shahzad
Warriors,A Nortje
Warriors,JP Kreusch
Warriors,MP Breetzke
Warriors,WD Parnell
Warriors,HK Matthews
Warriors,JP King
Warriors,M Jansen
Warriors,WJ Lubbe
Warriors,GL Cloete
Warriors,S Sriharsha
Warriors,SS Connell
Warriors,M Martinez
Warriors,SR Harmer
Warriors,S Plaatjie
Warriors,A Wellington
Warriors,MY Vallie
Warriors,A Mnyaka
Warriors,B Swanepoel
Warriors,J Pillay
Warriors,N van Heerden
Warriors,C Fortuin
Warriors,DJ White
Warriors,EM Moore
Warriors,D Paterson
Warriors,BD Walters
Warriors,DS Rosier
Warriors,A Gqamane
Warriors,L Sipamla
Warriors,T Ntuli
Warriors,N Boje
Warriors,L Alder
Warriors,TP Kaber
Warriors,S Seyibokwe
Warriors,PE Kruger
Warriors,S Langa
Warriors,C Kieswetter
Warriors,DJ Jacobs
Warriors,E Johnston
Warriors,A Mokgakane
Warriors,K Molefe
Warriors,L Meyer
Multan Sultans,Sahibzada Farhan
Multan Sultans,Ihsanullah
Multan Sultans,Tayyab Tahir
Multan Sultans,Zeeshan Ashraf
Multan Sultans,Izharulhaq Naveed
Multan Sultans,CJ Jordan
Multan Sultans,KA Pollard
Multan Sultans,LJ Evans
Multan Sultans,Saif Badar
Multan Sultans,AJ Hosein
Multan Sultans,Anwar Ali
Multan Sultans,MG Bracewell
Multan Sultans,OP Stone
Multan Sultans,Usman Khan
Multan Sultans,Rohail Nazir
Multan Sultans,Yasir Khan
Multan Sultans,RR Hendricks
Multan Sultans,Shakeel Ansar
Multan Sultans,Imran Khan
Multan Sultans,Mohammad Rizwan
Multan Sultans,J Charles
Multan Sultans,CJ Green
Multan Sultans,J Little
Multan Sultans,RA Whiteley
Multan Sultans,D Madushanka
Multan Sultans,Imran Khan (2)
Multan Sultans,CA Lynn
Multan Sultans,Khushdil Shah
Multan Sultans,Mohammad Wasim
Multan Sultans,Shoaib Malik
Multan Sultans,RS Bopara
Multan Sultans,Asad Shafiq
Multan Sultans,B Muzarabani
Multan Sultans,Shahid Aziz
Multan Sultans,Sohail Khan
Multan Sultans,SO Hetmyer
Multan Sultans,Muhammad Ismail
Multan Sultans,Hammad Azam
Multan Sultans,Sameen Gul
Multan Sultans,Umar Siddiq
Multan Sultans,Abbas Afridi
Multan Sultans,TH David
Multan Sultans,Arafat Minhas
Multan Sultans,RR Rossouw
Multan Sultans,Kamran Ghulam
Multan Sultans,AD Russell
Multan Sultans,Asif Afridi
Multan Sultans,Mohammad Abbas
Multan Sultans,TJ Moores
Multan Sultans,Sohaib Maqsood
Multan Sultans,A Lyth
Multan Sultans,Mohammad Irfan
Multan Sultans,JR Philippe
Multan Sultans,DJ Malan
Multan Sultans,Junaid Khan
Multan Sultans,Shan Masood
Multan Sultans,SPD Smith
Multan Sultans,DA Miller
Multan Sultans,DT Christian
Multan Sultans,Mohammad Imran
Multan Sultans,DJ Willey
Multan Sultans,Imran Tahir
Multan Sultans,Mohammad Hasnain
Multan Sultans,Aftab Ibrahim
Multan Sultans,Usama Mir
Multan Sultans,P Hatzoglou
Multan Sultans,MM Ali
Multan Sultans,Akif Javed
Multan Sultans,Mohammad Umar
Multan Sultans,Momin Qamar
Multan Sultans,Iftikhar Ahmed
Multan Sultans,Rumman Raees
Multan Sultans,Shahnawaz Dhani
Multan Sultans,C Campher
Multan Sultans,Shahid Afridi
Multan Sultans,Jahanzaib Sultan
Multan Sultans,SD Hope
Multan Sultans,GC Viljoen
Multan Sultans,Faisal Akram
Multan Sultans,Ahmed Shehzad
Multan Sultans,Bilawal Bhatti
Multan Sultans,SS Cottrell
Multan Sultans,Aamer Azmat
Multan Sultans,Ubaid Shah
Multan Sultans,Sohaibullah
Multan Sultans,Mohammad Ali
Multan Sultans,Awais Zafar
Multan Sultans,CR Brathwaite
Multan Sultans,JM Vince
Multan Sultans,Shehzad Gul
Multan Sultans,Mohammad Ilyas
Multan Sultans,Rahmanullah Gurbaz
Multan Sultans,PM Siddle
Multan Sultans,Ali Shafiq
Multan Sultans,DM Bravo
Multan Sultans,KC Sangakkara
Multan Sultans,Sohail Tanvir
Multan Sultans,Mohammad Irfan (5)
Multan Sultans,Usman Qadir
Multan Sultans,Mohammad Nawaz
Multan Sultans,AJ Turner
Multan Sultans,Umar Gul
Multan Sultans,Hamayun Altaf
Multan Sultans,Nauman Ali
Lahore Qalandars,DAS Gunaratne
Lahore Qalandars,DJ Mitchell
Lahore Qalandars,Hassan Khan
Lahore Qalandars,Rashid Khan
Lahore Qalandars,Aamer Yamin
Lahore Qalandars,Sahibzada Farhan
Lahore Qalandars,AP Devcich
Lahore Qalandars,Zeeshan Ashraf
Lahore Qalandars,Abdullah Shafique
Lahore Qalandars,RN ten Doeschate
Lahore Qalandars,Yasir Shah
Lahore Qalandars,Gulraiz Sadaf
Lahore Qalandars,DN Wellalage
Lahore Qalandars,Imran Khan (1)
Lahore Qalandars,KJ Abbott
Lahore Qalandars,Haris Sohail
Lahore Qalandars,Muhammad Faizan
Lahore Qalandars,Umair Masood
Lahore Qalandars,S Dadswell
Lahore Qalandars,Mohammad Azab
Lahore Qalandars,CJ Anderson
Lahore Qalandars,JL Denly
Lahore Qalandars,Zia-ul-Haq
Lahore Qalandars,Haris Rauf
Lahore Qalandars,Sohail Akhtar
Lahore Qalandars,Aizaz Cheema
Lahore Qalandars,Mohammad Farooq
Lahore Qalandars,TK Curran
Lahore Qalandars,GD Elliott
Lahore Qalandars,BB McCullum
Lahore Qalandars,Azhar Ali
Lahore Qalandars,Bilal Asif
Lahore Qalandars,Mohammad Rizwan
Lahore Qalandars,KK Cooper
Lahore Qalandars,Ahmed Daniyal
Lahore Qalandars,Maaz Khan
Lahore Qalandars,Raja Farzan
Lahore Qalandars,BRM Taylor
Lahore Qalandars,CA Lynn
Lahore Qalandars,Shawaiz Irfan
Lahore Qalandars,JJ Roy
Lahore Qalandars,S Prasanna
Lahore Qalandars,Rahat Ali
Lahore Qalandars,Usman Shinwari
Lahore Qalandars,Muhammad Naeem
Lahore Qalandars,Sohail Khan
Lahore Qalandars,Parvez Hossain Emon
Lahore Qalandars,S Lamichhane
Lahore Qalandars,AB de Villiers
Lahore Qalandars,PD Salt
Lahore Qalandars,Hammad Azam
Lahore Qalandars,HE van der Dussen
Lahore Qalandars,LA Dawson
Lahore Qalandars,RP Burl
Lahore Qalandars,RA Herman
Lahore Qalandars,TH David
Lahore Qalandars,Adnan Rasool
Lahore Qalandars,Ahsan Hafeez
Lahore Qalandars,Salman Butt
Lahore Qalandars,Jahandad Khan
Lahore Qalandars,Kamran Ghulam
Lahore Qalandars,SR Patel
Lahore Qalandars,Agha Salman
Lahore Qalandars,HC Brook
Lahore Qalandars,Raza Hasan
Lahore Qalandars,Asif Afridi
Lahore Qalandars,CH Gayle
Lahore Qalandars,Saad Ali
Lahore Qalandars,Shaheen Shah Afridi
Lahore Qalandars,Sohaib Maqsood
Lahore Qalandars,DR Sams
Lahore Qalandars,DJ Vilas
Lahore Qalandars,Salman Mirza
Lahore Qalandars,MH Wessels
Lahore Qalandars,Gauhar Ali
Lahore Qalandars,Faizan Khan
Lahore Qalandars,GF Linde
Lahore Qalandars,Mustafizur Rahman
Lahore Qalandars,Mohammad Imran
Lahore Qalandars,Mohammad Irfan (4)
Lahore Qalandars,D Ramdin
Lahore Qalandars,JP Faulkner
Lahore Qalandars,Usama Mir
Lahore Qalandars,Salman Fayyaz
Lahore Qalandars,Rishad Hossain
Lahore Qalandars,DJ Bravo
Lahore Qalandars,MDKJ Perera
Lahore Qalandars,Asif Ali
Lahore Qalandars,Umar Akmal
Lahore Qalandars,Zohaib Khan
Lahore Qalandars,D Foxcroft
Lahore Qalandars,Mirza Baig
Lahore Qalandars,Zaman Khan
Lahore Qalandars,Dilbar Hussain
Lahore Qalandars,Haseebullah Khan
Lahore Qalandars,Salman Irshad
Lahore Qalandars,Naved Yasin
Lahore Qalandars,Mohammad Hafeez
Lahore Qalandars,Sikandar Raza
Lahore Qalandars,SD Hope
Lahore Qalandars,Ghulam Mudassar
Lahore Qalandars,GC Viljoen
Lahore Qalandars,Muhammad Akhlaq
Lahore Qalandars,BAW Mendis
Lahore Qalandars,Bilawal Bhatti
Lahore Qalandars,Fakhar Zaman
Lahore Qalandars,Ubaid Shah
Lahore Qalandars,Tamim Iqbal
Lahore Qalandars,CR Brathwaite
Lahore Qalandars,D Wiese
Lahore Qalandars,PBB Rajapaksa
Lahore Qalandars,KIC Asalanka
Lahore Qalandars,SP Narine
Lahore Qalandars,MJ McClenaghan
Lahore Qalandars,SW Billings
Lahore Qalandars,Zafar Gohar
Lahore Qalandars,Sohail Tanvir
Lahore Qalandars,L Tucker
Lahore Qalandars,Hussain Talat
Lahore Qalandars,CS Delport
Lahore Qalandars,Tayyab Abbas
Lahore Qalandars,Shakib Al Hasan
Lahore Qalandars,BR Dunk
Lahore Qalandars,Ehsan Adil
Lahore Qalandars,Fawad Ahmed
Kuwait,Aamir Javed
Kuwait,Mudassar Ali
Kuwait,Alqallaf Mohammad
Kuwait,Faizan Ali
Kuwait,Maryyam Ashraf
Kuwait,Mohammad Amin
Kuwait,Abdul Sadiq
Kuwait,Jandu Hamoud
Kuwait,Saad Khalid
Kuwait,Abdul Jabar
Kuwait,Hisham Mirza
Kuwait,Iqra Ishaq
Kuwait,Khadija Khalil
Kuwait,Naveed Fakhr
Kuwait,Maryam Omar
Kuwait,Yasin Patel
Kuwait,CV Anto
Kuwait,SL Gomez
Kuwait,Bastaki Mahmoud
Kuwait,Ahsan ul Haq
Kuwait,Mohammed Ghulam
Kuwait,Adnan Idrees
Kuwait,Beidas Tareq
Kuwait,B Shanti
Kuwait,Azmatullah Nazeer
Kuwait,Aqif Farooq
Kuwait,Mohamed Shafeeq
Kuwait,AG D'Costa
Kuwait,VS D'Souza
Kuwait,Usman Patel
Kuwait,Sibtain Raza
Kuwait,R Sandaruwan
Kuwait,Sabreen Zaki
Kuwait,A Makesh
Kuwait,Eissa Jassim
Kuwait,Sayed Monib
Kuwait,T Yangchen
Kuwait,Fiaz Ahmad
Kuwait,CJ Dias
Kuwait,Usman Waheed
Kuwait,Sajid Manzil
Kuwait,Priyada Murali
Kuwait,Mariamma Hyder
Kuwait,D Sheeli
Kuwait,Ali Zaheer
Kuwait,Khalid Butt
Kuwait,Mohammad Ahsan
Kuwait,RM D'Souza
Kuwait,Muhammad Umar
Kuwait,Mohammed Asghar
Kuwait,Shahrukh Quddus
Kuwait,Imran Ali
Kuwait,Bilal Tahir
Kuwait,Aphsal Ashraf
Kuwait,Ali Bushahri
Kuwait,Alotaibi Mohammed
Kuwait,UKPW Kumaranayaka
Kuwait,Abdullah Akhunzada
Kuwait,Mofida Kocchargi
Kuwait,Mirza Ahmed
Kuwait,Mahnoor Mahmood
Kuwait,Abid Mushtaq
Kuwait,MNM Aslam
Kuwait,S Varathappan
Kuwait,Parvindar Kumar
Kuwait,Alkandari Abdulrahman
Kuwait,Yasar Idrees
Kuwait,Maria Jasvi
Kuwait,ED Silva
Kuwait,Maryyam Sheikh
Kuwait,Zeefa Jilani
Kuwait,Abdulrahman Dashti
Kuwait,Muhammad Ansar
Kuwait,MM Sarwar
Kuwait,Alkandari Mohammad
Kuwait,Nawaf Ahmed
Kuwait,Madeeha Zuberi
Kuwait,A Liaqat Ali
Kuwait,GR Menes
Kuwait,S Lita D'Sa
Kuwait,Abdullah Ghulam
Kuwait,Rida Zainab
Kuwait,Bilal Ahmed
Kuwait,A Chenthamara
Kuwait,Bhavani Yekkeli
Kuwait,A Bose
Kuwait,Yousif Alzaid
Kuwait,Meet Bhavsar
Kuwait,Nimish Lathief
Kuwait,Mohammed Irfan
Kuwait,Haroon Shahid
Kuwait,Ilyas Ahmed
Kuwait,Mohamed Rifkas
Kuwait,NT Rajendran
Kuwait,Muhammad Kashif
Kuwait,Shiraz Khan
Kuwait,Amna Tariq
Kuwait,Bastaki Fahad
Hong Kong,Ruchitha Venkatesh
Hong Kong,JM Davies
Hong Kong,KLG Li
Hong Kong,Rajab Hussain
Hong Kong,Simandeep Singh
Hong Kong,J Kaur
Hong Kong,MBA Lamplough
Hong Kong,Waqas Khan
Hong Kong,R Sutton
Hong Kong,M Bibi
Hong Kong,RJ Campbell
Hong Kong,A Kanwal
Hong Kong,Maira Saleem
Hong Kong,Kalhan Challu
Hong Kong,Tabarak Dar
Hong Kong,CK Kruger
Hong Kong,MS Chapman
Hong Kong,Skhawat Ali
Hong Kong,S Mathur
Hong Kong,Iqra Sahar
Hong Kong,A Gorawara
Hong Kong,Mohammad Waheed
Hong Kong,Mohammad Ghazanfar
Hong Kong,Najeeb Amar
Hong Kong,M Yousaf
Hong Kong,KY Chan
Hong Kong,H Sin Yee
Hong Kong,NT Miles
Hong Kong,K Poon
Hong Kong,Joyleen Kaur
Hong Kong,Munir Dar
Hong Kong,Ehsan Nawaz
Hong Kong,D Vora
Hong Kong,Dhananjay Rao
Hong Kong,GLB Lamplough
Hong Kong,C McAuslan
Hong Kong,YS To
Hong Kong,Ahsan Abbasi
Hong Kong,Ateeq Iqbal
Hong Kong,Nadeem Ahmed
Hong Kong,Anas Khan
Hong Kong,SYD Chan
Hong Kong,M Kaur
Hong Kong,M Wai Siu
Hong Kong,Niaz Ali
Hong Kong,Afzaal Haider
Hong Kong,H Lui
Hong Kong,IA Gidwani
Hong Kong,Y Daswani
Hong Kong,Raag Kapur
Hong Kong,K Christie
Hong Kong,Zeeshan Ali
Hong Kong,Fatima Amir
Hong Kong,Zain Abbas
Hong Kong,Daljeet Singh
Hong Kong,Nizakat Khan
Hong Kong,Nasrulla Rana
Hong Kong,Hung Ying Ho
Hong Kong,TOW Chu
Hong Kong,Zara Haider
Hong Kong,Chan Sau Har
Hong Kong,Ankur Sharma
Hong Kong,Ehsan Khan
Hong Kong,M Coetzee
Hong Kong,Raunaq Kapur
Hong Kong,Asad Rasheed
Hong Kong,Tanveer Ahmed
Hong Kong,SS McKechnie
Hong Kong,JPR Lamsam
Hong Kong,J Subramanyan
Hong Kong,Aftab Hussain
Hong Kong,Yasim Murtaza
Hong Kong,M Stiller
Hong Kong,Chan Ka Man
Hong Kong,G Bradley
Hong Kong,Shanzeen Shahzad
Hong Kong,KD Shah
Hong Kong,JJ Atkinson
Hong Kong,Muhammad Khan
Hong Kong,K Mahekdeep
Hong Kong,Haroon Arshad
Hong Kong,JE Titmuss
Hong Kong,A Bhagwat
Hong Kong,Paras Singh
Hong Kong,Aizaz Khan
Hong Kong,Haseeb Amjad
Hong Kong,KK Gill
Hong Kong,EK Hubbard
Hong Kong,Shahid Wasif
Hong Kong,Hamed Khan
Hong Kong,C Carter
Hong Kong,Jason Lui
Hong Kong,M Hill
Hong Kong,KH Butt
Hong Kong,Waqas Barkat
Hong Kong,Sze Wan Yip
Hong Kong,Tanwir Afzal
Hong Kong,Hiu Ying Cheung
Hong Kong,Akbar Khan
Hong Kong,Hassan Khan Mohammad
Hong Kong,A Shukla
Hong Kong,Bella Poon
Hong Kong,Irfan Ahmed
Hong Kong,Anshuman Rath
Hong Kong,WK Lai
Hong Kong,A Mehmood
Hong Kong,Babar Hayat
Hong Kong,Mohsin Khan
Ireland,NG Jones
Ireland,A Beggs
Ireland,RA Rolfe
Ireland,A Balbirnie
Ireland,PG Gillespie
Ireland,RM West
Ireland,A Dalzell
Ireland,EJ Richardson
Ireland,JP Bray
Ireland,CA Young
Ireland,KJ Garth
Ireland,SR Thompson
Ireland,NJ Coffey
Ireland,MC Sorensen
Ireland,GJ Thompson
Ireland,EAJ Richardson
Ireland,U Raymond-Hoey
Ireland,GC Wilson
Ireland,GI Hume
Ireland,KJ McCartney
Ireland,ELC Flanagan
Ireland,MT Herbert
Ireland,AR McBrine
Ireland,C Carmichael
Ireland,TJ Murtagh
Ireland,WK McCallan
Ireland,SW Poynter
Ireland,W McClintock
Ireland,KJ O'Brien
Ireland,CC Dalton
Ireland,GJ Delany
Ireland,MF Kendal
Ireland,Simi Singh
Ireland,GJ McCarter
Ireland,WTS Porterfield
Ireland,BF Calitz
Ireland,J Little
Ireland,JF Mooney
Ireland,FA Sargent
Ireland,EJ Tice
Ireland,GE Kidd
Ireland,EJG Morgan
Ireland,S MacMahon
Ireland,SC Getkate
Ireland,KED Carroll
Ireland,H Little
Ireland,MR Adair
Ireland,RD McCann
Ireland,AR White
Ireland,R Stokell
Ireland,PR Stirling
Ireland,GH Lewis
Ireland,O Prendergast
Ireland,C Olphert
Ireland,HT Tector
Ireland,CNIM Joyce
Ireland,LK O'Reilly
Ireland,GR Adair
Ireland,A van der Merwe
Ireland,RK Whelan
Ireland,D Langford-Smith
Ireland,M Commins
Ireland,AJ Kenealy
Ireland,ST Doheny
Ireland,AR Cusack
Ireland,HE Whelan
Ireland,A Canning
Ireland,DA Rankin
Ireland,TF van Woerkom
Ireland,TH Tector
Ireland,R Strydom
Ireland,PC Connell
Ireland,A Tector
Ireland,SM Kavanagh
Ireland,MJ Fourie
Ireland,L Paul
Ireland,T Mayes
Ireland,CJ Metcalfe
Ireland,LA McBride
Ireland,MV Waldron
Ireland,BJ McCarthy
Ireland,LC Boylan
Ireland,TE Kane
Ireland,L Maritz
Ireland,C Murray
Ireland,LN McCarthy
Ireland,C Raack
Ireland,PJ Moor
Ireland,L Little
Ireland,G Hoey
Ireland,F Hand
Ireland,PKD Chase
Ireland,AL Kerrison
Ireland,DI Joyce
Ireland,GH Dockrell
Ireland,AC Botha
Ireland,CM Beggs
Ireland,RA Lewis
Ireland,L McCarthy
Ireland,EC Joyce
Ireland,G Dempsey
Ireland,DT Johnston
Ireland,JNK Shannon
Ireland,CE Coulter Reilly
Ireland,SP Terry
Ireland,K McKenna
Ireland,PJK Mooney
Ireland,JA Whelan
Ireland,S Forbes
Ireland,J Neill
Ireland,C Campher
Ireland,A Hunter
Ireland,DC Delany
Ireland,NJ O'Brien
Ireland,JC Carroll
Ireland,J Maguire
Ireland,L Delany
Ireland,NA Rock
Ireland,AK Maguire
Ireland,Rachel Delaney
Ireland,MJ Humphreys
Ireland,IMHC Joyce
Ireland,J Gray
Ireland,AD Poynter
Ireland,WB Rankin
Ireland,JA McCollum
Ireland,CMA Shillington
Ireland,MEMO Scott-Hayward
Ireland,AN Kelly
Ireland,L Tucker
Ireland,JR Loughran
Ireland,B White
Ireland,J Mulder
Ireland,J Anderson
Mumbai Indians,D Jansen
Mumbai Indians,R Sanjay Yadav
Mumbai Indians,G Coetzee
Mumbai Indians,HH Gibbs
Mumbai Indians,R Shepherd
Mumbai Indians,A Dananjaya
Mumbai Indians,AS Roy
Mumbai Indians,Naman Dhir
Mumbai Indians,Mohammad Nabi
Mumbai Indians,CJ Jordan
Mumbai Indians,AS Joseph
Mumbai Indians,D Brevis
Mumbai Indians,Vaishnavi Sharma
Mumbai Indians,M de Lange
Mumbai Indians,KA Pollard
Mumbai Indians,NR Sciver-Brunt
Mumbai Indians,RP Singh
Mumbai Indians,N Thushara
Mumbai Indians,JC Archer
Mumbai Indians,T Stubbs
Mumbai Indians,C Madan
Mumbai Indians,C Green
Mumbai Indians,JDP Oram
Mumbai Indians,CJ Anderson
Mumbai Indians,AC Kerr
Mumbai Indians,H Kaur
Mumbai Indians,AP Tare
Mumbai Indians,DR Smith
Mumbai Indians,TS Mills
Mumbai Indians,Anmolpreet Singh
Mumbai Indians,M Markande
Mumbai Indians,P Kumar
Mumbai Indians,A Nel
Mumbai Indians,Ashwani Kumar
Mumbai Indians,Ishan Kishan
Mumbai Indians,Z Khan
Mumbai Indians,RA Shaikh
Mumbai Indians,K Kartikeya
Mumbai Indians,AN Ahmed
Mumbai Indians,PP Ojha
Mumbai Indians,JD Unadkat
Mumbai Indians,PP Chawla
Mumbai Indians,Raghu Sharma
Mumbai Indians,PR Shah
Mumbai Indians,BB Sran
Mumbai Indians,AF Milne
Mumbai Indians,SD Chitnis
Mumbai Indians,YH Bhatia
Mumbai Indians,SN Thakur
Mumbai Indians,R Shukla
Mumbai Indians,CA Lynn
Mumbai Indians,UBT Chand
Mumbai Indians,GR Napier
Mumbai Indians,S Ismail
Mumbai Indians,KH Pandya
Mumbai Indians,JL Pattinson
Mumbai Indians,N Rana
Mumbai Indians,C Nanda
Mumbai Indians,R Goyal
Mumbai Indians,N Wadhera
Mumbai Indians,PN Khemnar
Mumbai Indians,RG Sharma
Mumbai Indians,SS Tiwary
Mumbai Indians,RJ Peterson
Mumbai Indians,S Gupta
Mumbai Indians,Mujeeb Ur Rahman
Mumbai Indians,Q de Kock
Mumbai Indians,G Kamalini
Mumbai Indians,R McLaren
Mumbai Indians,PP Bala
Mumbai Indians,DJ Thornely
Mumbai Indians,N Kranthi Reddy
Mumbai Indians,TL Suman
Mumbai Indians,MJ Guptill
Mumbai Indians,SE Rutherford
Mumbai Indians,PJ Sangwan
Mumbai Indians,SA Yadav
Mumbai Indians,SL Malinga
Mumbai Indians,CM Gautam
Mumbai Indians,RJ Gleeson
Mumbai Indians,KV Sharma
Mumbai Indians,Arjun Tendulkar
Mumbai Indians,A Nehra
Mumbai Indians,CRD Fernando
Mumbai Indians,L Wood
Mumbai Indians,A Kamboj
Mumbai Indians,TG Southee
Mumbai Indians,RD Chahar
Mumbai Indians,Rahila Firdous
Mumbai Indians,RJW Topley
Mumbai Indians,TH David
Mumbai Indians,RE Levi
Mumbai Indians,RR Raje
Mumbai Indians,MK Pandey
Mumbai Indians,MA Khote
Mumbai Indians,JP Duminy
Mumbai Indians,MM Patel
Mumbai Indians,C Bosch
Mumbai Indians,LMP Simmons
Mumbai Indians,AB Kaur
Mumbai Indians,JDS Neesham
Mumbai Indians,SB Keerthana
Mumbai Indians,DV Malewar
Mumbai Indians,DR Sams
Mumbai Indians,AG Murtaza
Mumbai Indians,JP Behrendorff
Mumbai Indians,RA Bawa
Mumbai Indians,HH Pandya
Mumbai Indians,NM Coulter-Nile
Mumbai Indians,SM Pollock
Mumbai Indians,KT Maphaka
Mumbai Indians,S Dhawan
Mumbai Indians,PS Sisodia
Mumbai Indians,HR Shokeen
Mumbai Indians,Yuvraj Singh
Mumbai Indians,AM Rahane
Mumbai Indians,Harbhajan Singh
Mumbai Indians,SZ Mulani
Mumbai Indians,AC Blizzard
Mumbai Indians,J Yadav
Mumbai Indians,Mustafizur Rahman
Mumbai Indians,RV Uthappa
Mumbai Indians,IECM Wong
Mumbai Indians,AT Rayudu
Mumbai Indians,T Vasistha
Mumbai Indians,MEK Hussey
Mumbai Indians,JM Bairstow
Mumbai Indians,S Ishaque
Mumbai Indians,R Dhawan
Mumbai Indians,HK Matthews
Mumbai Indians,ST Jayasuriya
Mumbai Indians,GJ Maxwell
Mumbai Indians,M Jansen
Mumbai Indians,RV Pawar
Mumbai Indians,DJ Bravo
Mumbai Indians,SD Lad
Mumbai Indians,AJ Finch
Mumbai Indians,MG Johnson
Mumbai Indians,Tilak Varma
Mumbai Indians,CJ McKay
Mumbai Indians,Arshad Khan
Mumbai Indians,JEC Franklin
Mumbai Indians,YS Chahal
Mumbai Indians,R Vinay Kumar
Mumbai Indians,TA Boult
Mumbai Indians,RW Price
Mumbai Indians,Krish Bhagat
Mumbai Indians,M Ashwin
Mumbai Indians,WG Jacks
Mumbai Indians,STR Binny
Mumbai Indians,DV Gujjar
Mumbai Indians,YV Takawale
Mumbai Indians,Rasikh Salam
Mumbai Indians,S Gopal
Mumbai Indians,PA Patel
Mumbai Indians,NLTC Perera
Mumbai Indians,Basil Thampi
Mumbai Indians,P Vastrakar
Mumbai Indians,JJ Bumrah
Mumbai Indians,Mayank Rawat
Mumbai Indians,RD Rickelton
Mumbai Indians,A Symonds
Mumbai Indians,K Santokie
Mumbai Indians,SR Tendulkar
Mumbai Indians,P Suyal
Mumbai Indians,RT Ponting
Mumbai Indians,AM Ghazanfar
Mumbai Indians,L Ronchi
Mumbai Indians,MJ McClenaghan
Mumbai Indians,R Minz
Mumbai Indians,MJ Santner
Mumbai Indians,S Sajana
Mumbai Indians,R Sathish
Mumbai Indians,KD Karthik
Mumbai Indians,RP Meredith
Mumbai Indians,PVSN Raju
Mumbai Indians,NJ Carey
Mumbai Indians,Vishnu Vinod
Mumbai Indians,E Lewis
Mumbai Indians,V Puthur
Mumbai Indians,JN Kalita
Mumbai Indians,AM Nayar
Mumbai Indians,Akash Madhwal
Mumbai Indians,DJ Jacobs
Mumbai Indians,FA Allen
Mumbai Indians,VS Yeligati
Mumbai Indians,BR Dunk
Mumbai Indians,Mohammad Ashraful
Mumbai Indians,JC Buttler
Mumbai Indians,J Suchith
Mumbai Indians,DS Kulkarni
Mumbai Indians,Ramandeep Singh
Mumbai Indians,DL Chahar
Mumbai Indians,HY Kazi
Mumbai Indians,BCJ Cutting
Delhi Capitals,TU Deshpande
Delhi Capitals,P Dubey
Delhi Capitals,Mandeep Singh
Delhi Capitals,KK Ahmed
Delhi Capitals,GH Vihari
Delhi Capitals,M Mani
Delhi Capitals,HV Patel
Delhi Capitals,DA Warner
Delhi Capitals,JA Richardson
Delhi Capitals,Kuldeep Yadav
Delhi Capitals,T Stubbs
Delhi Capitals,RK Bhui
Delhi Capitals,PP Shaw
Delhi Capitals,S Pandey
Delhi Capitals,CA Ingram
Delhi Capitals,TK Curran
Delhi Capitals,LB Williams
Delhi Capitals,SN Khan
Delhi Capitals,J Fraser-McGurk
Delhi Capitals,RR Pant
Delhi Capitals,MM Sharma
Delhi Capitals,SS Iyer
Delhi Capitals,SN Thakur
Delhi Capitals,YV Dhull
Delhi Capitals,CR Woakes
Delhi Capitals,Aman Hakim Khan
Delhi Capitals,CA Henry
Delhi Capitals,C Munro
Delhi Capitals,N Rana
Delhi Capitals,A Sutherland
Delhi Capitals,N Shree Charani
Delhi Capitals,Abishek Porel
Delhi Capitals,Sediqullah Atal
Delhi Capitals,F du Plessis
Delhi Capitals,Avesh Khan
Delhi Capitals,A Mishra
Delhi Capitals,M Kapp
Delhi Capitals,SE Rutherford
Delhi Capitals,Poonam Yadav
Delhi Capitals,R Ashwin
Delhi Capitals,Auqib Nabi
Delhi Capitals,SO Hetmyer
Delhi Capitals,S Lamichhane
Delhi Capitals,AR Patel
Delhi Capitals,Lalit Yadav
Delhi Capitals,TR Sadhu
Delhi Capitals,PD Salt
Delhi Capitals,T Natarajan
Delhi Capitals,MM Lanning
Delhi Capitals,TL Seifert
Delhi Capitals,M Tiwari
Delhi Capitals,LI Meriwala
Delhi Capitals,AT Carey
Delhi Capitals,MK Pandey
Delhi Capitals,RR Rossouw
Delhi Capitals,P Nissanka
Delhi Capitals,L Wolvaardt
Delhi Capitals,NSS Sharma
Delhi Capitals,KL Nagarkoti
Delhi Capitals,V Nigam
Delhi Capitals,LK Hamilton
Delhi Capitals,R Powell
Delhi Capitals,DR Sams
Delhi Capitals,TG Norris
Delhi Capitals,S Dhawan
Delhi Capitals,SPD Smith
Delhi Capitals,Sumit Kumar
Delhi Capitals,AM Rahane
Delhi Capitals,DA Miller
Delhi Capitals,T Bhatia
Delhi Capitals,KS Bharat
Delhi Capitals,Mustafizur Rahman
Delhi Capitals,A Nortje
Delhi Capitals,RV Patel
Delhi Capitals,KMA Paul
Delhi Capitals,MR Marsh
Delhi Capitals,S Rana
Delhi Capitals,A Capsey
Delhi Capitals,I Sharma
Delhi Capitals,RP Yadav
Delhi Capitals,TA Boult
Delhi Capitals,D Ferreira
Delhi Capitals,NS Prasad
Delhi Capitals,PK Garg
Delhi Capitals,Rasikh Salam
Delhi Capitals,Deeya Yadav
Delhi Capitals,Ashutosh Sharma
Delhi Capitals,Gulbadin Naib
Delhi Capitals,K Rabada
Delhi Capitals,SD Hope
Delhi Capitals,Kumar Kushagra
Delhi Capitals,KA Jamieson
Delhi Capitals,CH Morris
Delhi Capitals,R Tewatia
Delhi Capitals,KL Rahul
Delhi Capitals,A Reddy
Delhi Capitals,PVD Chameera
Delhi Capitals,Mukesh Kumar
Delhi Capitals,JI Rodrigues
Delhi Capitals,SU Parakh
Delhi Capitals,Sameer Rizvi
Delhi Capitals,KK Nair
Delhi Capitals,Shafali Verma
Delhi Capitals,SJ Bryce
Delhi Capitals,L Harris
Delhi Capitals,MA Starc
Delhi Capitals,JL Jonassen
Delhi Capitals,L Lee
Delhi Capitals,J Suchith
Delhi Capitals,L Ngidi
Delhi Capitals,MP Stoinis
Delhi Capitals,C Sakariya
Rangpur Riders,Nazmul Islam
Rangpur Riders,Mohammad Sharif
Rangpur Riders,Hasan Murad
Rangpur Riders,DJG Sammy
Rangpur Riders,Robiul Haque
Rangpur Riders,Mohammad Nabi
Rangpur Riders,RJMGM Rupasinghe
Rangpur Riders,Rakibul Hasan (2)
Rangpur Riders,Azizul Hakim
Rangpur Riders,Faheem Ashraf
Rangpur Riders,Al Islam
Rangpur Riders,Amit Kumar
Rangpur Riders,Shahriar Nafees
Rangpur Riders,Imrul Kayes
Rangpur Riders,Taposh Ghosh
Rangpur Riders,Anwar Ali
Rangpur Riders,Sufiyan Muqeem
Rangpur Riders,DP Hyatt
Rangpur Riders,CK Kapugedera
Rangpur Riders,Haris Rauf
Rangpur Riders,FH Edwards
Rangpur Riders,Wahab Riaz
Rangpur Riders,Mohammad Shahzad
Rangpur Riders,AD Mascarenhas
Rangpur Riders,BB McCullum
Rangpur Riders,Rony Talukdar
Rangpur Riders,RR Hendricks
Rangpur Riders,T Kohler-Cadmore
Rangpur Riders,N Pooran
Rangpur Riders,Nahid Rana
Rangpur Riders,Liton Das
Rangpur Riders,KJ O'Brien
Rangpur Riders,J Charles
Rangpur Riders,Mashrafe Mortaza
Rangpur Riders,Shykat Ali
Rangpur Riders,I Udana
Rangpur Riders,Khushdil Shah
Rangpur Riders,MD Shanaka
Rangpur Riders,R Mondol
Rangpur Riders,Arafat Sunny
Rangpur Riders,Azmatullah Omarzai
Rangpur Riders,Muktar Ali
Rangpur Riders,Shoaib Malik
Rangpur Riders,Mujeeb Ur Rahman
Rangpur Riders,RS Bopara
Rangpur Riders,Abdullah Al Mamun
Rangpur Riders,Babar Azam
Rangpur Riders,Mohammad Mithun
Rangpur Riders,Saim Ayub
Rangpur Riders,Mrittunjoy Chowdhury
Rangpur Riders,Nasir Jamshed
Rangpur Riders,Abu Jayed
Rangpur Riders,SL Malinga
Rangpur Riders,RJ Gleeson
Rangpur Riders,Parvez Hossain Emon
Rangpur Riders,Misbah-ul-Haq
Rangpur Riders,AB de Villiers
Rangpur Riders,Hasan Mahmud
Rangpur Riders,LA Dawson
Rangpur Riders,KR Mayers
Rangpur Riders,TH David
Rangpur Riders,Minhajul Abedin Afridi
Rangpur Riders,D Pretorius
Rangpur Riders,RR Rossouw
Rangpur Riders,AD Russell
Rangpur Riders,AD Hales
Rangpur Riders,Nayeem Hasan
Rangpur Riders,LMP Simmons
Rangpur Riders,JDS Neesham
Rangpur Riders,Shamim Hossain
Rangpur Riders,TJ Moores
Rangpur Riders,A Mpeka
Rangpur Riders,Abdur Razzak
Rangpur Riders,Fazle Mahmud
Rangpur Riders,Dhiman Ghosh
Rangpur Riders,CH Gayle
Rangpur Riders,Murad Khan
Rangpur Riders,Aaron Jones
Rangpur Riders,Nurul Hasan
Rangpur Riders,A Lyth
Rangpur Riders,Nahidul Islam
Rangpur Riders,DJ Malan
Rangpur Riders,Sohag Gazi
Rangpur Riders,Abu Hider
Rangpur Riders,CJ Borgas
Rangpur Riders,Irfan Sukkur
Rangpur Riders,Mahmudullah
Rangpur Riders,Saju Datta
Rangpur Riders,Shamsur Rahman
Rangpur Riders,Nadif Chowdhury
Rangpur Riders,Ashiqur Zaman
Rangpur Riders,Fazalhaq Farooqi
Rangpur Riders,Mustafizur Rahman
Rangpur Riders,Rejaur Rahman
Rangpur Riders,Farhad Reza
Rangpur Riders,Imran Tahir
Rangpur Riders,Junaid Siddique
Rangpur Riders,DJ Bravo
Rangpur Riders,Shohidul Islam
Rangpur Riders,Akif Javed
Rangpur Riders,S Badree
Rangpur Riders,Mohammad Saifuddin
Rangpur Riders,Naveen-ul-Haq
Rangpur Riders,MDKJ Perera
Rangpur Riders,Saif Hassan
Rangpur Riders,Iftikhar Ahmed
Rangpur Riders,Naeem Islam
Rangpur Riders,Shahid Afridi
Rangpur Riders,Al-Amin
Rangpur Riders,Mohammad Naim
Rangpur Riders,NJ O'Brien
Rangpur Riders,Tapash Baisya
Rangpur Riders,Salman Irshad
Rangpur Riders,NLTC Perera
Rangpur Riders,Sikandar Raza
Rangpur Riders,Samiullah Shenwari
Rangpur Riders,Soumya Sarkar
Rangpur Riders,Nasir Hossain
Rangpur Riders,SMSM Senanayake
Rangpur Riders,BAC Howell
Rangpur Riders,Kamrul Islam Rabbi
Rangpur Riders,JM Vince
Rangpur Riders,Ziaur Rahman
Rangpur Riders,Ebadat Hossain
Rangpur Riders,Mehedi Maruf
Rangpur Riders,Rahmanullah Gurbaz
Rangpur Riders,SW Billings
Rangpur Riders,SR Taylor
Rangpur Riders,Rakibul Hasan
Rangpur Riders,Towhid Hridoy
Rangpur Riders,Saqlain Sajib
Rangpur Riders,Mohammad Nawaz
Rangpur Riders,Rubel Hossain
Rangpur Riders,Shakib Al Hasan
Rangpur Riders,Zahir Khan
Rangpur Riders,Jahurul Islam
Rangpur Riders,BA King
Rangpur Riders,Towfiq Khan
Rangpur Riders,Shafiul Islam
Rangpur Riders,Mominul Haque
Rangpur Riders,Mahedi Hasan
Swaziland,H Rashid
Swaziland,Mohsin Khan
Swaziland,N Magagula
Swaziland,A Nicholas
Swaziland,SC Mucyo
Swaziland,J Hansrod
Swaziland,M Jele
Swaziland,Shahzad Mahmood
Swaziland,Jawad Muhammad
Swaziland,JF Chester
Swaziland,Shehzad Patel
Swaziland,Umair Qasim
Swaziland,M Magagula
Swaziland,L Zulu
Swaziland,C Forbes
Swaziland,Naeem Gull
Swaziland,Muhammad Amin
Swaziland,Sohail Akhtar
Swaziland,Imran Patel
Swaziland,Tehseen Hassan
Swaziland,JJ Wright
Swaziland,J Ghadiyali
Swaziland,S Kubheka
Seychelles,S Pillay
Seychelles,T Rajiv
Seychelles,M Viswanathan
Seychelles,KJ Patel
Seychelles,SR Rocket
Seychelles,T Shanmugam
Seychelles,HAG Madhushanka
Seychelles,HL Harji
Seychelles,N Krishna
Seychelles,Mohomed Saddam
Seychelles,R Nil
Seychelles,P Abhijit
Seychelles,D Kalvin
Seychelles,T Horpinitch
Seychelles,K Govind
Seychelles,Jobayer Hossen
Seychelles,SKDT Madusanka
Seychelles,S Rana
Seychelles,Mazharul Islam
Seychelles,Thilina Silva
Seychelles,SR Mohan
Seychelles,S Udhayan
Seychelles,N Gnanapragasam
Seychelles,VL Mukesh
Seychelles,TKP Rajapaksha
Seychelles,S Rukmal
Seychelles,STRA de Silva
Seychelles,M Mariyappan
Seychelles,P Byron
Spirit,A Doddaballapur
Spirit,A Khaka
Spirit,Bismah Maroof
Spirit,N Chaiwai
Spirit,GC Bhogle
Spirit,M Gaur
Spirit,NH Patel
Spirit,Chan Ka Man
Spirit,N Boochatham
Spirit,Y Daswani
Spirit,SJ Bryce
Spirit,NJ Carey
Spirit,FO Kibasu
Spirit,KA Tomlinson
Spirit,N Chantam
Spirit,SIR Dunkley
Spirit,S Miyaji
Spirit,GK Diviya
Spirit,S Ecclestone
Spirit,Chaya Mughal
Sapphires,EA Burns
Sapphires,NE Farrant
Sapphires,S Jimmy
Sapphires,KM Mack
Sapphires,S Ismail
Sapphires,AI Chudasama
Sapphires,EJ Villani
Sapphires,B de Leede
Sapphires,CJM Lovino
Sapphires,KJ Garth
Sapphires,GH Lewis
Sapphires,J Allen
Sapphires,KY Chan
Sapphires,G Kodali
Sapphires,Maryam Omar
Sapphires,GM Harris
Sapphires,JL Aras
Sapphires,Sana Mir
Sapphires,S Bhaskar
Sapphires,WK Lai
Sapphires,KH Sciver-Brunt
Sapphires,YS To
Texas Super Kings,AF Milne
Texas Super Kings,DJ Mitchell
Texas Super Kings,G Coetzee
Texas Super Kings,DP Conway
Texas Super Kings,AM Hardie
Texas Super Kings,SK Patel
Texas Super Kings,Noor Ahmad
Texas Super Kings,DR Sams
Texas Super Kings,N Burger
Texas Super Kings,BKEL Milantha
Texas Super Kings,OEG Baartman
Texas Super Kings,F du Plessis
Texas Super Kings,Zia Shahzad
Texas Super Kings,DA Miller
Texas Super Kings,AJ Hosein
Texas Super Kings,SV Wiig
Texas Super Kings,Shubham Ranjane
Texas Super Kings,Zia-ul-Haq
Texas Super Kings,MJ Santner
Texas Super Kings,CAH Stevenson
Texas Super Kings,Mohammad Mohsin
Texas Super Kings,SR Mukkamalla
Texas Super Kings,J Tromp
Texas Super Kings,C Chetty
Texas Super Kings,DJ Bravo
Texas Super Kings,Milind Kumar
Texas Super Kings,CP Savage
Texas Super Kings,Naveen-ul-Haq
Texas Super Kings,J Theron
Texas Super Kings,D Ferreira
Texas Super Kings,MP Stoinis
MI New York,Rashid Khan
MI New York,Sunny Patel
MI New York,AD Chopra
MI New York,S Ladda
MI New York,K Rabada
MI New York,R Shepherd
MI New York,NP Kenjige
MI New York,R Ugarkar
MI New York,Kunwarjeet Singh
MI New York,D Brevis
MI New York,H Richards
MI New York,Tajinder Singh
MI New York,KA Pollard
MI New York,Q de Kock
MI New York,D Wiese
MI New York,MD Patel
MI New York,GF Linde
MI New York,T Luus
MI New York,A Nortje
MI New York,D Potgieter
MI New York,SR Taylor
MI New York,Jasdeep Singh
MI New York,MG Bracewell
MI New York,R Clinton
MI New York,Shayan Jahangir
MI New York,Hammad Azam
MI New York,S van Staden
MI New York,FA Allen
MI New York,N Pooran
MI New York,Naveen-ul-Haq
MI New York,TA Boult
MI New York,Ehsan Adil
MI New York,TH David
MI New York,Sharad Lumba
Worcestershire,DJ Mitchell
Worcestershire,ST Gabriel
Worcestershire,RP Jones
Worcestershire,HJ Cullen
Worcestershire,NM Lyon
Worcestershire,CW Jones
Worcestershire,GH Rhodes
Worcestershire,MJ Waite
Worcestershire,AS Joseph
Worcestershire,AG Milton
Worcestershire,KJ Abbott
Worcestershire,JO Baker
Worcestershire,Isaac Mohammed
Worcestershire,APR Gidman
Worcestershire,Saeed Ajmal
Worcestershire,CF Parkinson
Worcestershire,MG Bracewell
Worcestershire,J Banton
Worcestershire,A Carter
Worcestershire,JW Hartshorn
Worcestershire,GLS Scrimshaw
Worcestershire,CJ Russell
Worcestershire,IS Sodhi
Worcestershire,Azhar Ali
Worcestershire,T Kohler-Cadmore
Worcestershire,JA Brooks
Worcestershire,JA Duffy
Worcestershire,OE Westbury
Worcestershire,ML Cummins
Worcestershire,JC Tongue
Worcestershire,CAJ Morris
Worcestershire,HC Darley
Worcestershire,RA Whiteley
Worcestershire,AW Finch
Worcestershire,GM Andrew
Worcestershire,Navdeep Saini
Worcestershire,NG Smith
Worcestershire,JA Haynes
Worcestershire,F Singh
Worcestershire,DKH Mitchell
Worcestershire,BJ Twohig
Worcestershire,JJ Cobb
Worcestershire,C Munro
Worcestershire,A Virdi
Worcestershire,JD Shantry
Worcestershire,MJ Guptill
Worcestershire,EA Brookes
Worcestershire,Y Singh
Worcestershire,O Davidson
Worcestershire,LV van Beek
Worcestershire,RL Evitts
Worcestershire,R Ashwin
Worcestershire,MT Stanley
Worcestershire,TC Fell
Worcestershire,CJ Ferguson
Worcestershire,MJ Henry
Worcestershire,SH Choudhry
Worcestershire,TI Hinley
Worcestershire,DH Lategan
Worcestershire,TG Sturgess
Worcestershire,L Wood
Worcestershire,JD Libby
Worcestershire,DY Pennington
Worcestershire,GH Roderick
Worcestershire,OB Cox
Worcestershire,AD Hales
Worcestershire,JM Clarke
Worcestershire,BL D'Oliveira
Worcestershire,EG Barnard
Worcestershire,MG Pardoe
Worcestershire,RM Edavalath
Worcestershire,Kashif Ali
Worcestershire,MH Wessels
Worcestershire,WD Parnell
Worcestershire,RK Oliver
Worcestershire,Mohammad Hasnain
Worcestershire,TAI Taylor
Worcestershire,Usama Mir
Worcestershire,MM Ali
Worcestershire,DJ Bravo
Worcestershire,HM Khan
Worcestershire,TR Cornall
Worcestershire,Shoaib Bashir
Worcestershire,AM Foreman
Worcestershire,JW Hastings
Worcestershire,HR Walsh
Worcestershire,HM Nicholls
Worcestershire,BMJ Allison
Worcestershire,JO Holder
Worcestershire,B Swanepoel
Worcestershire,SJ Magoffin
Worcestershire,PR Brown
Worcestershire,EJ Pollock
Worcestershire,SMSM Senanayake
Worcestershire,HD Rutherford
Worcestershire,A Hepburn
Worcestershire,AN Kervezee
Worcestershire,MJ McClenaghan
Worcestershire,MJ Santner
Worcestershire,BJ Dwarshuis
Worcestershire,BJ Gibbon
Worcestershire,TM Head
Worcestershire,JJ Dell
Worcestershire,JE Home
Worcestershire,OJ Hannon-Dalby
Worcestershire,Khurram Shahzad
Worcestershire,AJ Hose
Worcestershire,J Leach
Birmingham Bears,SR Hain
Birmingham Bears,ZGF Foulkes
Birmingham Bears,TR Ambrose
Birmingham Bears,Aamer Jamal
Birmingham Bears,TWM Latham
Birmingham Bears,HJH Brookes
Birmingham Bears,CR Woakes
Birmingham Bears,CJ Green
Birmingham Bears,JC Wainman
Birmingham Bears,AD Thomason
Birmingham Bears,CN Miles
Birmingham Bears,PJ Malan
Birmingham Bears,EG Barnard
Birmingham Bears,JB Lintott
Birmingham Bears,JE Poysden
Birmingham Bears,EJ Pollock
Birmingham Bears,MG Booth
Birmingham Bears,AL Davies
Birmingham Bears,CG Benjamin
Birmingham Bears,L Banks
Birmingham Bears,DC Drakes
Birmingham Bears,AJ Mellor
Birmingham Bears,PR Stirling
Birmingham Bears,GA Garrett
Birmingham Bears,WB Rankin
Birmingham Bears,CR Brathwaite
Birmingham Bears,Hasan Ali
Birmingham Bears,DR Briggs
Birmingham Bears,WMH Rhodes
Birmingham Bears,MJ Lamb
Birmingham Bears,LC Norwell
Birmingham Bears,RN Sidebottom
Birmingham Bears,AT Thomson
Birmingham Bears,GHS Garton
Birmingham Bears,RJ Gleeson
Birmingham Bears,OP Stone
Birmingham Bears,IR Bell
Birmingham Bears,JS Patel
Birmingham Bears,DR Mousley
Birmingham Bears,GJ Maxwell
Birmingham Bears,V Kelley
Birmingham Bears,FH Edwards
Birmingham Bears,AR Sylvester
Birmingham Bears,MM Ali
Birmingham Bears,DP Sibley
Birmingham Bears,OJ Hannon-Dalby
Birmingham Bears,GD Elliott
Birmingham Bears,JG Bethell
Birmingham Bears,AC Agar
Birmingham Bears,K Smith
Birmingham Bears,MGK Burgess
Birmingham Bears,KR Mayers
Birmingham Bears,AJ Hose
Birmingham Bears,TT Bresnan
Birmingham Bears,RM Yates
Birmingham Bears,C de Grandhomme
Singapore,KB Shinde
Singapore,K Sathish
Singapore,Amjad Mahboob
Singapore,T Omaidurai
Singapore,C Janik
Singapore,Hassan Nawaz
Singapore,A Krishna
Singapore,B Narender Reddy
Singapore,K Subramanian
Singapore,A Tomar
Singapore,Smriti Anand
Singapore,V Nagpaul
Singapore,C Boyle
Singapore,PA Dahiwal
Singapore,CR Kumarage
Singapore,PVSS Raja
Singapore,Avi Dixit
Singapore,HK Kukreja
Singapore,R Altaff Hussein
Singapore,Jenissa Jain
Singapore,AR Puri
Singapore,DA Galia
Singapore,Abhinav Raman
Singapore,R Kalimuthu
Singapore,JS Iggo
Singapore,E Ungerman
Singapore,Sidhant Singh
Singapore,AE Paraam
Singapore,C Sridev
Singapore,IP Swaney
Singapore,SA Pradhan
Singapore,JT Pooranakaran
Singapore,SC Pattnaik
Singapore,A Chaudhary
Singapore,NL Jacinta Si Ping
Singapore,V Hampihallikar
Singapore,CH Abeyratne
Singapore,Ada Bhasin
Singapore,C Shivakumar
Singapore,H Bharadwaj
Singapore,R Sheshadri
Singapore,SK Sonpethkar
Singapore,I Shukla
Singapore,S Banamali
Singapore,Zay Hua Tan
Singapore,S Gulecha
Singapore,RR Seth
Singapore,Pushpa Murali
Singapore,S Srikanth
Singapore,S Vijayakumar
Singapore,NA Karnik
Singapore,Kashish Agarwal
Singapore,A Mutreja
Singapore,Abdul Rahman
Singapore,A Kaul
Singapore,R Rohan
Singapore,Ankita Ved
Singapore,V Kadiresan
Singapore,RK Raval
Singapore,AP Venkata
Singapore,Abhiraj Singh
Singapore,R Gnanaraj
Singapore,Kamal Raja
Singapore,Vathana Sreemurugavel
Singapore,Aman Desai
Singapore,Aarsheya Sharma
Singapore,U Rakshit
Singapore,Aslan Jafri
Singapore,Janak Prakash
Singapore,TH David
Singapore,P Dhanuka
Singapore,Kabir Berlia
Singapore,NA Pratt
Singapore,Samantha Singham
Singapore,M Bhatia
Singapore,S Chandramohan
Singapore,Yousuf Aslam
Singapore,H Dhavina
Singapore,U Aryaman Sunil
Singapore,R Butler
Singapore,V Baskaran
Singapore,Kashif Khan
Singapore,D Prakas
Singapore,LAR Bommareddy
Singapore,AR Menon
Singapore,NMS Param
Singapore,Ananya Sarma
Singapore,A Vijayan
Singapore,R Sharma
Singapore,Manpreet Singh
Singapore,K Suresh
Singapore,M Dharmichand
Singapore,WA Simpson
Singapore,S Merican
Singapore,Shafia Hassan
Singapore,TO Thilappan
Singapore,S Appusamy
Singapore,Mohamed Shoib
Singapore,Shafina Mahesh
Singapore,JS Pooranakaran
Singapore,R Gaznavi
Singapore,A Modi
Singapore,Riyaa Bhasin
Singapore,A Goenka
Singapore,SH Venugopal
Singapore,DPS Tyagi
Singapore,H Venkataram
Singapore,PSR Gurusinghe
Singapore,Amna Jamal
Singapore,M Arora
Singapore,CR Suryawanshi
Singapore,Smruthi Radhakrishnan
Singapore,V Pasupathy
Singapore,J Santhanam
Singapore,G Gune
Singapore,PSRK Sudarshan
Singapore,MA Sherry
Singapore,AD de Lange
Singapore,A Bhargava
Singapore,Damini Ramesh
Singapore,T Wang Ling
Singapore,Vinu Kumar
Singapore,RR Naik
Singapore,R Pasupathy
Singapore,Saad Janjua
Singapore,T Sen
Singapore,GK Diviya
Singapore,Arnav Manoj
Singapore,Aritra Dutta
Singapore,AAhan Achar
Belize,L Bonner
Belize,Garret Banner
Belize,C Brown
Belize,TJ Stephenson
Belize,O Casasola
Belize,GG Banner
Belize,R Jones
Belize,TW Samuels
Belize,HH Banner
Belize,AA Banner
Belize,J Benjamin
Belize,J Pakeman
Belize,BS Stephenson
Belize,J Pook
Belize,F Sutherland
Belize,TAW Patterson
Belize,AK Muslar
Belize,KK Tillett
Belize,B Hower
Belize,L Hyde
Belize,B Lewis
Belize,A Oxley
Belize,D Sutherland
Belize,NN Banner
Belize,ML Castillo
Belize,Kristan Tillett
Belize,C Stephenson
Belize,KJ Young
Belize,W Banner
Belize,K Roca
Belize,N Revers
Belize,Muhammad Zaghlool
Belize,H Gillett
Galle Gladiators,PM Liyanagamage
Galle Gladiators,MD Gunathilaka
Galle Gladiators,Shahid Afridi
Galle Gladiators,CAK Walton
Galle Gladiators,M Subasingha
Galle Gladiators,N Vimukthi
Galle Gladiators,Mohammad Hafeez
Galle Gladiators,I Udana
Galle Gladiators,A Dananjaya
Galle Gladiators,Mohammad Amir
Galle Gladiators,Azam Khan
Galle Gladiators,Noor Ahmad
Galle Gladiators,Hazratullah
Galle Gladiators,PADLR Sandakan
Galle Gladiators,Ahsan Ali
Galle Gladiators,PTM Dabare
Galle Gladiators,BKG Mendis
Galle Gladiators,N Pradeep
Galle Gladiators,M Shiraz
Galle Gladiators,N Thushara
Galle Gladiators,MNK Fernando
Galle Gladiators,Pulina Tharanga
Galle Gladiators,Asad Shafiq
Galle Gladiators,LD Madushanka
Galle Gladiators,PBB Rajapaksa
Galle Gladiators,Anwar Ali
Galle Gladiators,Sammu Ashan
Galle Gladiators,AM Fernando
Galle Gladiators,S Samarawickrama
Galle Gladiators,SSD Arachchige
Galle Gladiators,LU Igalagamage
Galle Gladiators,LN Malinga
Galle Gladiators,D Lakshan
Galle Gladiators,LAC Ruwansiri
Galle Gladiators,BOP Fernando
Galle Gladiators,Imad Wasim
Galle Gladiators,Wahab Riaz
Galle Gladiators,BR Dunk
Galle Gladiators,S Lakshan
Galle Gladiators,TAM Siriwardana
Galle Gladiators,GSNFG Jayasuriya
Galle Gladiators,Iftikhar Ahmed
Galle Gladiators,Mohamed Shamaz
Galle Gladiators,SR Patel
Kandy Falcons,Agha Salman
Kandy Falcons,Shoriful Islam
Kandy Falcons,C Karunaratne
Kandy Falcons,ADS Fletcher
Kandy Falcons,LD Chandimal
Kandy Falcons,I Udana
Kandy Falcons,O Thomas
Kandy Falcons,Mohammad Haris
Kandy Falcons,C Wijesinghe
Kandy Falcons,Zahoor Khan
Kandy Falcons,C Gomez
Kandy Falcons,PC de Silva
Kandy Falcons,MD Shanaka
Kandy Falcons,PADLR Sandakan
Kandy Falcons,Kaveen Bandara
Kandy Falcons,PVD Chameera
Kandy Falcons,CR Brathwaite
Kandy Falcons,M Bhanuka
Kandy Falcons,P Rathnayake
Kandy Falcons,SMA Priyanjan
Kandy Falcons,A Daniel
Kandy Falcons,RTM Mendis
Kandy Falcons,K Pathiratne
Kandy Falcons,Mohammad Hasnain
Kandy Falcons,PWH de Silva
Kandy Falcons,CAK Rajitha
Kandy Falcons,PHKD Mendis
Kandy Falcons,FA Allen
Kandy Falcons,KNA Bandara
Kandy Falcons,Najibullah Zadran
Kandy Falcons,AD Mathews
Kandy Falcons,P Nissanka
Lancashire Thunder,E Jones
Lancashire Thunder,DN Wyatt
Lancashire Thunder,D Hazell
Lancashire Thunder,L Marshall
Lancashire Thunder,S Luus
Lancashire Thunder,AE Satterthwaite
Lancashire Thunder,KL Cross
Lancashire Thunder,AE Dyson
Lancashire Thunder,EL Lamb
Lancashire Thunder,E Threlkeld
Lancashire Thunder,NE Bolton
Lancashire Thunder,SJ Taylor
Lancashire Thunder,H Kaur
Lancashire Thunder,DJS Dottin
Lancashire Thunder,NT Miles
Lancashire Thunder,HK Matthews
Lancashire Thunder,RA Fackrell
Lancashire Thunder,A Hartley
Lancashire Thunder,N Brown
Lancashire Thunder,GEB Boyce
Lancashire Thunder,RA Dickinson
Lancashire Thunder,LK Newton
Lancashire Thunder,LMM Tahuhu
Lancashire Thunder,TM McGrath
Lancashire Thunder,JL Jonassen
Lancashire Thunder,SIR Dunkley
Lancashire Thunder,S Ecclestone
Surrey Stars,A Cranstone
Surrey Stars,GJ Gibbs
Surrey Stars,GM Davies
Surrey Stars,R Southby
Surrey Stars,ND Dattani
Surrey Stars,AG Gordon
Surrey Stars,SJ Taylor
Surrey Stars,M Kapp
Surrey Stars,E Gray
Surrey Stars,HV Jones
Surrey Stars,BF Smith
Surrey Stars,TT Beaumont
Surrey Stars,A Hartley
Surrey Stars,KE White
Surrey Stars,CL Griffith
Surrey Stars,MK Villiers
Surrey Stars,LA Marsh
Surrey Stars,D van Niekerk
Surrey Stars,NR Sciver
Surrey Stars,LMM Tahuhu
Surrey Stars,RM Farrell
Surrey Stars,L Lee
Surrey Stars,SIR Dunkley
Surrey Stars,BL Morgan
Yorkshire,C McKerr
Yorkshire,ST Gabriel
Yorkshire,SA Northeast
Yorkshire,OE Robinson
Yorkshire,Abdullah Shafique
Yorkshire,EG Thomas
Yorkshire,BD Birkhead
Yorkshire,MJ Waite
Yorkshire,HG Duke
Yorkshire,JE Poysden
Yorkshire,D Olivier
Yorkshire,JA Thompson
Yorkshire,BM Cliff
Yorkshire,JA Richardson
Yorkshire,SL Kalis
Yorkshire,JD Warner
Yorkshire,JS Lehmann
Yorkshire,AU Rashid
Yorkshire,Haris Rauf
Yorkshire,T Kohler-Cadmore
Yorkshire,JA Brooks
Yorkshire,N Pooran
Yorkshire,BV Sears
Yorkshire,R Gibson
Yorkshire,KC Brathwaite
Yorkshire,MT Steketee
Yorkshire,FJ Bean
Yorkshire,JC Wainman
Yorkshire,LE Plunkett
Yorkshire,CA Pujara
Yorkshire,DM Bess
Yorkshire,FH Allen
Yorkshire,Saud Shakeel
Yorkshire,SE Marsh
Yorkshire,JA Raval
Yorkshire,AW Gale
Yorkshire,W Sutherland
Yorkshire,J Shaw
Yorkshire,AJ Hodd
Yorkshire,LV van Beek
Yorkshire,AZ Lees
Yorkshire,Sarfraz Ahmed
Yorkshire,MD Stoneman
Yorkshire,R Duckworth
Yorkshire,FDM Karunaratne
Yorkshire,JA Leaning
Yorkshire,JA Tattersall
Yorkshire,W O'Rourke
Yorkshire,M Ward
Yorkshire,L Winfield-Hill
Yorkshire,DJ Leech
Yorkshire,BO Coad
Yorkshire,PSP Handscomb
Yorkshire,MD Fisher
Yorkshire,SA Wisniewski
Yorkshire,Shadab Khan
Yorkshire,HC Brook
Yorkshire,RM Pyrah
Yorkshire,A Lyth
Yorkshire,DJ Malan
Yorkshire,NM Kelly
Yorkshire,YV Vagadia
Yorkshire,Shan Masood
Yorkshire,WAR Fraine
Yorkshire,GS Ballance
Yorkshire,MW Pillans
Yorkshire,IL Blackwell
Yorkshire,KS Williamson
Yorkshire,WMH Rhodes
Yorkshire,ME Milnes
Yorkshire,JM Bairstow
Yorkshire,DJ Willey
Yorkshire,JS Buckingham
Yorkshire,James Middlebrook
Yorkshire,GJ Maxwell
Yorkshire,GCH Hill
Yorkshire,AJ Finch
Yorkshire,R Slater
Yorkshire,W Luxton
Yorkshire,JA Chohan
Yorkshire,MW Edwards
Yorkshire,D Moriarty
Yorkshire,Azeem Rafiq
Yorkshire,JA Woolston
Yorkshire,D Ferreira
Yorkshire,A Campbell
Yorkshire,ML Revis
Yorkshire,TT Bresnan
Yorkshire,SM Whiteman
Yorkshire,CAR Cooper
Yorkshire,MVT Fernando
Yorkshire,JE Root
Yorkshire,K Carver
Yorkshire,JW Shutt
Yorkshire,MA Agarwal
Yorkshire,SD Hope
Yorkshire,JR Sullivan
Yorkshire,RD Rickelton
Yorkshire,WJ Bennison
Yorkshire,DC Drakes
Yorkshire,SA Patterson
Yorkshire,MS Firbank
Yorkshire,CJ White
Yorkshire,TW Loten
Yorkshire,D Wiese
Yorkshire,BWM Mike
Yorkshire,Imam-ul-Haq
Yorkshire,AY Patel
Yorkshire,TM Head
Yorkshire,GEB Boyce
Yorkshire,JEG Logan
Yorkshire,HA Sullivan
Yorkshire,LH Ferguson
Yorkshire,BA Langston
Yorkshire,JL Jonassen
Yorkshire,JH Wharton
Yorkshire,KA Maharaj
Yorkshire,RJ Sidebottom
Melbourne Stars,SK Warne
Melbourne Stars,H McKenzie
Melbourne Stars,XA Crone
Melbourne Stars,SB Harper
Melbourne Stars,BM Duckett
Melbourne Stars,RJ Quiney
Melbourne Stars,HM Brennan
Melbourne Stars,JM Bird
Melbourne Stars,HWR Cartwright
Melbourne Stars,CA Wakim
Melbourne Stars,KJ Garth
Melbourne Stars,JE Cameron
Melbourne Stars,J Merlo
Melbourne Stars,DW Lawrence
Melbourne Stars,SE Gotch
Melbourne Stars,Haris Rauf
Melbourne Stars,J Seymour
Melbourne Stars,U Raymond-Hoey
Melbourne Stars,OP Stone
Melbourne Stars,GA Elwiss
Melbourne Stars,SM Elliott
Melbourne Stars,JM Muirhead
Melbourne Stars,BL Couch
Melbourne Stars,SL Rainbird
Melbourne Stars,TK Curran
Melbourne Stars,DJ Hussey
Melbourne Stars,AD Mascarenhas
Melbourne Stars,E Kearney
Melbourne Stars,NCR Larkin
Melbourne Stars,N Pooran
Melbourne Stars,A Zampa
Melbourne Stars,Ahmed Daniyal
Melbourne Stars,MT Steketee
Melbourne Stars,R McKenna
Melbourne Stars,AF Milne
Melbourne Stars,BJ Hodge
Melbourne Stars,YH Bhatia
Melbourne Stars,D Hazell
Melbourne Stars,GJ Bailey
Melbourne Stars,A King
Melbourne Stars,LE Plunkett
Melbourne Stars,LR Morris
Melbourne Stars,D Warren
Melbourne Stars,M Penna
Melbourne Stars,J Avendano
Melbourne Stars,AR Reakes
Melbourne Stars,A Sutherland
Melbourne Stars,LCN Smith
Melbourne Stars,DR Gibson
Melbourne Stars,AR Keath
Melbourne Stars,CL Rafferty
Melbourne Stars,CL White
Melbourne Stars,DW Steyn
Melbourne Stars,IY Mckeon
Melbourne Stars,Syed Faridoun
Melbourne Stars,M Kapp
Melbourne Stars,C Smith
Melbourne Stars,SL Malinga
Melbourne Stars,KH Brunt
Melbourne Stars,S Lamichhane
Melbourne Stars,CA Rose
Melbourne Stars,LA Dawson
Melbourne Stars,L Wood
Melbourne Stars,MM Lanning
Melbourne Stars,CD Hinchliffe
Melbourne Stars,LC Hatcher
Melbourne Stars,MJG Nielsen
Melbourne Stars,L Winfield-Hill
Melbourne Stars,PM Nevill
Melbourne Stars,KM Applebee
Melbourne Stars,PSP Handscomb
Melbourne Stars,M du Preez
Melbourne Stars,CJ Gannon
Melbourne Stars,T Flintoff
Melbourne Stars,GL Triscari
Melbourne Stars,ML Gibson
Melbourne Stars,AD Russell
Melbourne Stars,JS Paris
Melbourne Stars,HL Ferling
Melbourne Stars,JM Clarke
Melbourne Stars,ADS Fletcher
Melbourne Stars,BW Hilfenhaus
Melbourne Stars,B Stanlake
Melbourne Stars,MS Wade
Melbourne Stars,S Day
Melbourne Stars,MH Illingworth
Melbourne Stars,EJ Villani
Melbourne Stars,NM Coulter-Nile
Melbourne Stars,MA Beer
Melbourne Stars,TIF Triffitt
Melbourne Stars,CP Simpson
Melbourne Stars,BJ Webster
Melbourne Stars,C Kellaway
Melbourne Stars,Qais Ahmad
Melbourne Stars,KM Beams
Melbourne Stars,SK Moloney
Melbourne Stars,JW Dernbach
Melbourne Stars,NM Hancock
Melbourne Stars,M Blows
Melbourne Stars,A Capsey
Melbourne Stars,GJ Maxwell
Melbourne Stars,JP Faulkner
Melbourne Stars,L Bowe
Melbourne Stars,Usama Mir
Melbourne Stars,Imad Wasim
Melbourne Stars,EJ Inglis
Melbourne Stars,DJ Bravo
Melbourne Stars,CJ Rocchiccioli
Melbourne Stars,L Bardsley
Melbourne Stars,CJ McKay
Melbourne Stars,NR Sciver
Melbourne Stars,TA Boult
Melbourne Stars,JW Hastings
Melbourne Stars,ME Bouchier
Melbourne Stars,TL O'Connell
Melbourne Stars,N Faltum
Melbourne Stars,Dilbar Hussain
Melbourne Stars,KJ Martin
Melbourne Stars,JA Burns
Melbourne Stars,M Darke
Melbourne Stars,Mohammad Hafeez
Melbourne Stars,AE Jones
Melbourne Stars,L Cripps
Melbourne Stars,KM Mack
Melbourne Stars,BAM Heath
Melbourne Stars,HNK Jensen
Melbourne Stars,D Fallins
Melbourne Stars,RA Mair
Melbourne Stars,TF Rogers
Melbourne Stars,TJ Dean
Melbourne Stars,JI Rodrigues
Melbourne Stars,EP Gulbis
Melbourne Stars,BD Macdonald
Melbourne Stars,PM Siddle
Melbourne Stars,KP Pietersen
Melbourne Stars,A Lanning
Melbourne Stars,O Henry
Melbourne Stars,JR Coleman
Melbourne Stars,SM Boland
Melbourne Stars,G Prestwidge
Melbourne Stars,DJ Worrall
Melbourne Stars,DB Sharma
Melbourne Stars,NJ Maddinson
Melbourne Stars,BR Dunk
Melbourne Stars,LJ Wright
Melbourne Stars,Zahir Khan
Melbourne Stars,EA Osborne
Melbourne Stars,L Lee
Melbourne Stars,SIR Dunkley
Melbourne Stars,MP Stoinis
Melbourne Stars,MJ Swepson
Melbourne Stars,S Reid
Melbourne Stars,AC Voges
Melbourne Stars,P Rowe
Melbourne Renegades,CP Tremain
Melbourne Renegades,Hassan Khan
Melbourne Renegades,XA Crone
Melbourne Renegades,NP Winter
Melbourne Renegades,SB Harper
Melbourne Renegades,AC Jayangani
Melbourne Renegades,JK Lalor
Melbourne Renegades,Mohammad Nabi
Melbourne Renegades,MW Hill
Melbourne Renegades,Noor Ahmad
Melbourne Renegades,MG Gale
Melbourne Renegades,KA Pollard
Melbourne Renegades,JW Wells
Melbourne Renegades,HF Gurney
Melbourne Renegades,LJ Evans
Melbourne Renegades,CJ Boyce
Melbourne Renegades,SF Mire
Melbourne Renegades,AJ Hosein
Melbourne Renegades,J Merlo
Melbourne Renegades,H Kaur
Melbourne Renegades,MJ Buchanan
Melbourne Renegades,BA Stokes
Melbourne Renegades,CJ Koski
Melbourne Renegades,J Seymour
Melbourne Renegades,SM Elliott
Melbourne Renegades,TM Beaton
Melbourne Renegades,J Taffs
Melbourne Renegades,D Perrin
Melbourne Renegades,SJ Coyte
Melbourne Renegades,J Fraser-McGurk
Melbourne Renegades,HT Dixon
Melbourne Renegades,D van Niekerk
Melbourne Renegades,CE Brock
Melbourne Renegades,A Ayre
Melbourne Renegades,M Strano
Melbourne Renegades,A Zampa
Melbourne Renegades,Mohammad Rizwan
Melbourne Renegades,C Webb
Melbourne Renegades,MW Archer
Melbourne Renegades,MW Harvey
Melbourne Renegades,E de Broughe
Melbourne Renegades,BJ Hodge
Melbourne Renegades,UBT Chand
Melbourne Renegades,KR Smith
Melbourne Renegades,NM Goodwin
Melbourne Renegades,S Ismail
Melbourne Renegades,JL Pattinson
Melbourne Renegades,TS Muyeye
Melbourne Renegades,A Sutherland
Melbourne Renegades,LCN Smith
Melbourne Renegades,JA Prestwidge
Melbourne Renegades,NM Hauritz
Melbourne Renegades,CL White
Melbourne Renegades,F du Plessis
Melbourne Renegades,Mujeeb Ur Rahman
Melbourne Renegades,Q de Kock
Melbourne Renegades,JE Dooley
Melbourne Renegades,BR McDermott
Melbourne Renegades,SE Marsh
Melbourne Renegades,W Sutherland
Melbourne Renegades,MJ Guptill
Melbourne Renegades,Josh Brown
Melbourne Renegades,C Stow
Melbourne Renegades,TS Rogers
Melbourne Renegades,G Wareham
Melbourne Renegades,Usman Shinwari
Melbourne Renegades,AG Harriott
Melbourne Renegades,CAH Stevenson
Melbourne Renegades,RJ Gleeson
Melbourne Renegades,AW O'Brien
Melbourne Renegades,NA Plane
Melbourne Renegades,KL Britt
Melbourne Renegades,CJ Ferguson
Melbourne Renegades,DJM Moody
Melbourne Renegades,LMM Tahuhu
Melbourne Renegades,TL Seifert
Melbourne Renegades,RJW Topley
Melbourne Renegades,PM Nevill
Melbourne Renegades,WD Sheridan
Melbourne Renegades,K Lamb
Melbourne Renegades,SM Harwood
Melbourne Renegades,CJ Gannon
Melbourne Renegades,PSP Handscomb
Melbourne Renegades,T Flintoff
Melbourne Renegades,MN Samuels
Melbourne Renegades,RR Rossouw
Melbourne Renegades,RP Kellepotha
Melbourne Renegades,SR Patel
Melbourne Renegades,AD Russell
Melbourne Renegades,DN Wyatt
Melbourne Renegades,NJ Rimmington
Melbourne Renegades,AD Hales
Melbourne Renegades,HL Ferling
Melbourne Renegades,JM Clarke
Melbourne Renegades,AJ Tye
Melbourne Renegades,CH Gayle
Melbourne Renegades,AE Satterthwaite
Melbourne Renegades,NE Stalenberg
Melbourne Renegades,C Leeson
Melbourne Renegades,MS Wade
Melbourne Renegades,TL Lawford
Melbourne Renegades,DP Nannes
Melbourne Renegades,Z Evans
Melbourne Renegades,MJJ Critchley
Melbourne Renegades,MH Illingworth
Melbourne Renegades,JP Behrendorff
Melbourne Renegades,TG Norris
Melbourne Renegades,SJ Elliott
Melbourne Renegades,E Falconer
Melbourne Renegades,Sara Kennedy
Melbourne Renegades,TLW Cooper
Melbourne Renegades,MW Short
Melbourne Renegades,BJ Webster
Melbourne Renegades,DJS Dottin
Melbourne Renegades,IECM Wong
Melbourne Renegades,S Molineux
Melbourne Renegades,DT Christian
Melbourne Renegades,M Muralitharan
Melbourne Renegades,JM Holland
Melbourne Renegades,BG McDonald
Melbourne Renegades,GA Manou
Melbourne Renegades,HK Matthews
Melbourne Renegades,M Blows
Melbourne Renegades,A Capsey
Melbourne Renegades,GJ Maxwell
Melbourne Renegades,SW Tait
Melbourne Renegades,BJ Rohrer
Melbourne Renegades,Imad Wasim
Melbourne Renegades,P Hatzoglou
Melbourne Renegades,EJ Inglis
Melbourne Renegades,DJ Bravo
Melbourne Renegades,AJ Finch
Melbourne Renegades,CJ Rocchiccioli
Melbourne Renegades,CP Jewell
Melbourne Renegades,AL Fekete
Melbourne Renegades,BC Binch
Melbourne Renegades,JG Bethell
Melbourne Renegades,GB Hogg
Melbourne Renegades,PA Bowdler
Melbourne Renegades,DJ Harris
Melbourne Renegades,N Faltum
Melbourne Renegades,E Jones
Melbourne Renegades,AJ Doolan
Melbourne Renegades,BJ Stepien
Melbourne Renegades,Shahid Afridi
Melbourne Renegades,GL Walker
Melbourne Renegades,M Brown
Melbourne Renegades,JD Wildermuth
Melbourne Renegades,NA McSweeney
Melbourne Renegades,NLTC Perera
Melbourne Renegades,RH Priest
Melbourne Renegades,F O'Neill
Melbourne Renegades,HNK Jensen
Melbourne Renegades,OJ Peake
Melbourne Renegades,RA Mair
Melbourne Renegades,AK Heal
Melbourne Renegades,M Spoors
Melbourne Renegades,BAC Howell
Melbourne Renegades,EG Fazackerley
Melbourne Renegades,E Kershaw
Melbourne Renegades,JI Rodrigues
Melbourne Renegades,XJ Doherty
Melbourne Renegades,J Brown
Melbourne Renegades,JM Herrick
Melbourne Renegades,SP Narine
Melbourne Renegades,KW Richardson
Melbourne Renegades,PM Siddle
Melbourne Renegades,NJ Reardon
Melbourne Renegades,B Doggett
Melbourne Renegades,A Lanning
Melbourne Renegades,JM Mennie
Melbourne Renegades,A Yates
Melbourne Renegades,MS Harris
Melbourne Renegades,M Perry
Melbourne Renegades,AB McDonald
Melbourne Renegades,TT Beaumont
Melbourne Renegades,G Scrivens
Melbourne Renegades,G Prestwidge
Melbourne Renegades,GM Harris
Melbourne Renegades,RK O'Donnell
Melbourne Renegades,TP Ludeman
Melbourne Renegades,R Carter
Melbourne Renegades,TD Andrews
Melbourne Renegades,NJ Maddinson
Melbourne Renegades,Zahir Khan
Melbourne Renegades,Shakib Al Hasan
Melbourne Renegades,CB Neale
Melbourne Renegades,C Bekker
Melbourne Renegades,GS Sandhu
Melbourne Renegades,DJ Pattinson
Melbourne Renegades,L Lee
Melbourne Renegades,JC Buttler
Melbourne Renegades,Abdul Razzaq
Melbourne Renegades,Fawad Ahmed
Melbourne Renegades,JE Duffin
Melbourne Renegades,JM Cox
Melbourne Renegades,E Hayward
Melbourne Renegades,TJ Vlaeminck
Tanzania,AA Jasani
Tanzania,ZR Jaboneke
Tanzania,Muhammad Zafar Khan
Tanzania,AP Rajeevan
Tanzania,KZ Rehmtullah
Tanzania,JC Darji
Tanzania,PZ Kamunya
Tanzania,W Kevin
Tanzania,MI Shakim
Tanzania,Rahima Yahaya
Tanzania,ZH Saidi
Tanzania,Shaik Basha
Tanzania,Simba Mbaki
Tanzania,AJ Jabiri
Tanzania,AM Kimote
Tanzania,B Mwita
Tanzania,AD Kamania
Tanzania,J Ulrik
Tanzania,Zinaida Jeremiah
Tanzania,MS Kibwana
Tanzania,A Mohamed
Tanzania,M Pascal
Tanzania,A Dagar
Tanzania,RK Kiseto
Tanzania,Saidat Mbaki
Tanzania,A Augastin
Tanzania,MA Swedy
Tanzania,Akhil Anil
Tanzania,S Khalifa
Tanzania,AS Qwele
Tanzania,J Masquater
Tanzania,S Borakambi
Tanzania,SF Jerome
Tanzania,LM Massawe
Tanzania,IJ Kikasi
Tanzania,K Juma
Tanzania,KN Mussa
Tanzania,FO Kibasu
Tanzania,YM Nkanya
Tanzania,MS Maker
Tanzania,RA Maringanti
Tanzania,SA Jumbe
Tanzania,JG Kimaro
Tanzania,M Yunusu Issa
Tanzania,HA Chohan
Tanzania,NJ Pius
Tanzania,AA Hussein
Tanzania,RE Francis
Tanzania,M Salum
Tanzania,N Mapunda
Tanzania,S Kizito
Tanzania,A Mpeka
Tanzania,Sefu Athumani
Tanzania,S Selvaraj
Tanzania,SH Mohamedi
Tanzania,MH Ushanga
Tanzania,MO Kitunda
Tanzania,Nasra Mohamedi
Tanzania,Acrey Hugo
Tanzania,AR Patwa
Tanzania,A Cassim
Tanzania,GL Mushi
Tanzania,KD Kamania
Tanzania,HM Omary
Tanzania,AA Premji
Tanzania,SD Hussein
Tanzania,SJ Ally
Tanzania,TS Omary
Tanzania,S Mtae
Tanzania,NO Tindo
Tanzania,Arun Yadav
Tanzania,R Amarshi
Tanzania,T Shabani
Tanzania,II Selemani
Tanzania,DA Mehta
Tanzania,HH Abdallah
Tanzania,Shaheed Dhanani
Tanzania,K Nassoro
Tanzania,S Thakor
Tanzania,JJ Nyambo
Tanzania,NN Saidi
Tanzania,LS Barkania
Tanzania,H Ramaiya
Tanzania,R Amiri
Tanzania,E Kiongozi
Tanzania,Jitin Singh
Uganda,M Anyigo
Uganda,C Aweko
Uganda,F Akankwasa
Uganda,R Agamiire
Uganda,M Ariokot
Uganda,S Tino
Uganda,R Otim
Uganda,Raghav Dhawan
Uganda,AL Ndhlovu
Uganda,CN Kakuru
Uganda,R Lutaaya
Uganda,Bilal Hassun
Uganda,J Miyaji
Uganda,S Nampiina
Uganda,F Najjumba
Uganda,L Anyait
Uganda,B Masaba
Uganda,Saud Islam
Uganda,SG Mangela
Uganda,K Waiswa
Uganda,PE Kulume
Uganda,C Namugenyi
Uganda,P Timong
Uganda,J Sebanja
Uganda,J Mbabazi
Uganda,D Ruyange
Uganda,DK Arinaitwe
Uganda,B Musoke
Uganda,RG Okia
Uganda,Mohammed Jimia
Uganda,D Wabwire
Uganda,G Candiru
Uganda,Riazat Ali Shah
Uganda,P Malemikia
Uganda,S Kakai
Uganda,Z Arinaitwe
Uganda,T Oyella
Uganda,C Waiswa
Uganda,A Ziraba
Uganda,K Awino
Uganda,S Kemigisha
Uganda,E Anyipo
Uganda,JM Apio
Uganda,I Mutoni
Uganda,S Ukani
Uganda,Abdalah Lubega
Uganda,A Otwani
Uganda,S Walaza
Uganda,H Ssenyondo
Uganda,I Mwebaze
Uganda,R Musamali
Uganda,Shakirah Sadick
Uganda,I Nandera
Uganda,F Nsubuga
Uganda,LM Babirye
Uganda,E Isaneez
Uganda,HS Almuzahim
Uganda,M Nalule
Uganda,RG Mukasa
Uganda,HB Kayondo
Uganda,R Olipa
Uganda,K Amuge
Uganda,P Ochan
Uganda,L Sematimba
Uganda,S Sesazi
Uganda,AS Kyobe
Uganda,Naeem Bardai
Uganda,A Akurut
Uganda,P Murungi
Uganda,C Anayo
Uganda,NJ Amongin
Uganda,SL Verma
Uganda,GY Tomar
Uganda,P Nakitende
Uganda,RE Nyangendo
Uganda,S Nsubuga
Uganda,NK Bagenda
Uganda,IS Munir
Uganda,J Baguma
Uganda,M Musinguzi
Uganda,G Obukor
Uganda,R Ntono
Uganda,F Achelam
Uganda,PM Selowa
Uganda,G Mubiru
Uganda,RB Patel
Uganda,E Iloku
Uganda,Suleman
Uganda,AR Ramjani
Uganda,I Alumo
Uganda,T Bukenya
Uganda,S Akiteng
Uganda,M Kagoya
Uganda,DM Nakrani
Uganda,R Obuya
Uganda,D Muhumuza
Uganda,E Hasahya
Uganda,Mohammed Irfan
Uganda,M Ndiko
Uganda,C Kyewuta
Uganda,I Nakisuuyi
Uganda,P Alako
Uganda,C Watuwa
Uganda,D Busingye
Zimbabwe,BG Rogers
Zimbabwe,VM Mutungwindu
Zimbabwe,TK Musakanda
Zimbabwe,S Matsikenyeri
Zimbabwe,M Musonda
Zimbabwe,F Mutizwa
Zimbabwe,D Jakiel
Zimbabwe,B Mavuta
Zimbabwe,T Mufudza
Zimbabwe,TR Gripper
Zimbabwe,N Mutasa
Zimbabwe,T Kamungozi
Zimbabwe,TT Maposa
Zimbabwe,DT Tiripano
Zimbabwe,RW Chakabva
Zimbabwe,W Mwayenga
Zimbabwe,T Mlilo
Zimbabwe,L Pemhiwa
Zimbabwe,PS Masvaure
Zimbabwe,ML Nkala
Zimbabwe,A Mazvishaya
Zimbabwe,SF Mire
Zimbabwe,NR Ferreira
Zimbabwe,P Marange
Zimbabwe,R Mupfudza
Zimbabwe,EC Rainsford
Zimbabwe,MN Waller
Zimbabwe,T Duffin
Zimbabwe,A Ndiraya
Zimbabwe,T Makoni
Zimbabwe,IA Nicolson
Zimbabwe,K Chigora
Zimbabwe,K Matigimu
Zimbabwe,JK Masara
Zimbabwe,R Mutumbami
Zimbabwe,L Phiri
Zimbabwe,A Sibanda
Zimbabwe,J Nkomo
Zimbabwe,T Mupariwa
Zimbabwe,TL Chatara
Zimbabwe,NT Nyamhuri
Zimbabwe,F Kasteni
Zimbabwe,DA Marillier
Zimbabwe,CR Ervine
Zimbabwe,T Taibu
Zimbabwe,C Moyo
Zimbabwe,A Zimunu
Zimbabwe,N Sibanda
Zimbabwe,M Faraz Akram
Zimbabwe,A Ndlovu
Zimbabwe,T Marumani
Zimbabwe,KM Jarvis
Zimbabwe,T Musekiwa
Zimbabwe,J Gumbie
Zimbabwe,BRM Taylor
Zimbabwe,SW Masakadza
Zimbabwe,C Zhuwao
Zimbabwe,TS Chisoro
Zimbabwe,BJ Bennett
Zimbabwe,M Shumba
Zimbabwe,B Evans
Zimbabwe,K Ndlovu
Zimbabwe,N M'shangwe
Zimbabwe,E Masuku
Zimbabwe,A Burdett
Zimbabwe,SM Mayers
Zimbabwe,E Mbofana
Zimbabwe,NL Mtomba
Zimbabwe,P Munorwei
Zimbabwe,A Maregwede
Zimbabwe,A Flower
Zimbabwe,HK Olonga
Zimbabwe,BB Chari
Zimbabwe,M Mavunga
Zimbabwe,CN Evans
Zimbabwe,T Maruma
Zimbabwe,AJ Ireland
Zimbabwe,B Biza
Zimbabwe,V Masekesa
Zimbabwe,CJ Chibhabha
Zimbabwe,MT Chinouya
Zimbabwe,B Muzarabani
Zimbabwe,DT Hondo
Zimbabwe,N Nyathi
Zimbabwe,R Murray
Zimbabwe,J Campbell
Zimbabwe,TL Chivanga
Zimbabwe,MS Kanchingwe
Zimbabwe,BV Vitori
Zimbabwe,SM Ervine
Zimbabwe,NB Mahwire
Zimbabwe,R Kaia
Zimbabwe,T Gwandu
Zimbabwe,RP Burl
Zimbabwe,CS Mugeri-Tiripano
Zimbabwe,CT Dhururu
Zimbabwe,T Makusha
Zimbabwe,T Granger
Zimbabwe,CB Mpofu
Zimbabwe,L Tshuma
Zimbabwe,WT Mashinge
Zimbabwe,N Madziva
Zimbabwe,L Mabhero
Zimbabwe,TMK Mawoyo
Zimbabwe,GM Ewing
Zimbabwe,CK Tshuma
Zimbabwe,AG Cremer
Zimbabwe,SV Carlisle
Zimbabwe,R Pasipanodya
Zimbabwe,GA Lamb
Zimbabwe,CT Mutombodzi
Zimbabwe,BJ Curran
Zimbabwe,C Chatonzwa
Zimbabwe,O Muzondo
Zimbabwe,T Kaitano
Zimbabwe,I Kaia
Zimbabwe,LN Roche
Zimbabwe,CB Wishart
Zimbabwe,PJ Moor
Zimbabwe,GS Ballance
Zimbabwe,GB Brent
Zimbabwe,ADR Campbell
Zimbabwe,T Munyonga
Zimbabwe,WT Mubayiwa
Zimbabwe,TZ Chataira
Zimbabwe,NR Welch
Zimbabwe,J Nyumbu
Zimbabwe,DD Ebrahim
Zimbabwe,C Mutasa
Zimbabwe,HP Rinke
Zimbabwe,E Chigumbura
Zimbabwe,K Macheka
Zimbabwe,HH Streak
Zimbabwe,P Utseya
Zimbabwe,GJ Rennie
Zimbabwe,AM Blignaut
Zimbabwe,RW Price
Zimbabwe,TJ Friend
Zimbabwe,T Panyangara
Zimbabwe,GJ Whittall
Zimbabwe,P Mujaji
Zimbabwe,KO Meth
Zimbabwe,GM Strydom
Zimbabwe,TE Tsiga
Zimbabwe,CT Mumba
Zimbabwe,SC Williams
Zimbabwe,LM Jongwe
Zimbabwe,M Mupachikwa
Zimbabwe,Sikandar Raza
Zimbabwe,R Ngarava
Zimbabwe,GW Flower
Zimbabwe,TS Kamunhukamwe
Zimbabwe,O Chare
Zimbabwe,NP Mayavo
Zimbabwe,CS Mugeri
Zimbabwe,CK Coventry
Zimbabwe,W Madhevere
Zimbabwe,VM Nyauchi
Zimbabwe,WP Masakadza
Zimbabwe,D Myers
Zimbabwe,Kelly Ndiraya
Zimbabwe,AC Mushangwe
Zimbabwe,N Gwanzura
Zimbabwe,N Ncube
Zimbabwe,MA Vermeulen
Zimbabwe,RS Higgins
Zimbabwe,BS Mudzinganyama
Zimbabwe,V Sibanda
Zimbabwe,RW Sims
Zimbabwe,KT Kasuza
Zimbabwe,HS Saili
Zimbabwe,H Masakadza
Zimbabwe,BA Murphy
Zimbabwe,TV Mufambisi
Zimbabwe,F Chipare
Zimbabwe,T Muzarabani
Zimbabwe,C Madande
Zimbabwe,KM Dabengwa
Indonesia,DA Sasrikayoni
Indonesia,NKD Murtiari
Indonesia,GY Prastama
Indonesia,AA Rahayu
Indonesia,F Banunaek
Indonesia,GD Arta
Indonesia,IDGP Kisawa
Indonesia,IK Gamantika
Indonesia,BD Pare
Indonesia,DK Shetty
Indonesia,IW Budiarta
Indonesia,L Qiao
Indonesia,KD Kesuma
Indonesia,S Kharvi
Indonesia,M Corazon
Indonesia,DAL Paramitha
Indonesia,Yuliana
Indonesia,NKDP Putri
Indonesia,AAIP Bastari
Indonesia,A Alexander
Indonesia,Deep Harian
Indonesia,IK Darmawan
Indonesia,FL Albanjari
Indonesia,RT Rubbi
Indonesia,Komang Putra
Indonesia,JMJ Lynn
Indonesia,R Ramadhasyena
Indonesia,Gaurav Tiwari
Indonesia,KN Chaddha
Indonesia,NKF Rada Rani
Indonesia,GA Priandana
Indonesia,Hilva Noor
Indonesia,TW Hamid
Indonesia,A Andriani
Indonesia,Arya Pastika
Indonesia,VC Bhammar
Indonesia,E Eduard
Indonesia,Ridha Aulia
Indonesia,Ahmad Mushtaq
Indonesia,S Jegannathan
Indonesia,JRD Ngana
Indonesia,KS Kasse
Indonesia,F Shony
Indonesia,DGAPD Wiswi
Indonesia,RD Pangestuti
Indonesia,AH Kapadia
Indonesia,Y Anggraeni
Indonesia,NW Sariani
Indonesia,SAN Maypriani
Indonesia,D Nanda
Indonesia,SKPD Ayu
Indonesia,NLKWR Dewi
Indonesia,Ashish Gupta
Indonesia,Mia Arda
Indonesia,Muhaddis Muhaddis
Indonesia,NPAN Sakarini
Indonesia,IGASF Pratiwi
Indonesia,SI Bara
Indonesia,IKEG Artawan
Indonesia,IGTP Wiguna
Indonesia,R Rohmalia
Indonesia,MD Byrne
Indonesia,KB Tember
Indonesia,KC Ramamoorthy
Indonesia,Muhammad Afis
Indonesia,NMP Suwandewi
Indonesia,PR Surve
Indonesia,P Haryanti
Indonesia,Emily Sirs
Indonesia,Ahmad Ramdoni
Indonesia,D Wulandari
Indonesia,Anjar Tadarus
Indonesia,N Sitompul
Indonesia,NK Ariani
Indonesia,S Sheelan
Indonesia,Noorainah
Indonesia,TJP Weo
Indonesia,TNM Soleh
Indonesia,DJ Hawoe
Indonesia,T Wigradianti
Indonesia,T Hanum
Indonesia,RM Koda
Indonesia,Vineet Shah
Indonesia,FFJ Heo
Indonesia,K Winda Prastini
Indonesia,J Dzulfikar
Indonesia,D Desandri
Cambodia,Pech Pisa
Cambodia,Salvin Stanly
Cambodia,LY Loch Srey
Cambodia,Manish Sharma
Cambodia,E Beukes
Cambodia,Prasad Anish
Cambodia,Nirmaljit Singh
Cambodia,RR Sharan
Cambodia,GC Murtaza
Cambodia,C Rathanak
Cambodia,Pen Samon
Cambodia,Utkarsh Jain
Cambodia,Phon Bunthean
Cambodia,Md Shuayeb
Cambodia,NT Gireesh
Cambodia,Ouen Sophy
Cambodia,RV Viraj
Cambodia,Heal Theara
Cambodia,Mongdara Sok
Cambodia,Phoup Srey Pheak
Cambodia,Luqman Butt
Cambodia,Hor Siv na
Cambodia,KDACK Gunarathne
Cambodia,Pel Vannak
Cambodia,Marcelle Hanekom
Cambodia,Soung Seav
Cambodia,Em Rotana
Cambodia,Hon Sovannary
Cambodia,PK Shoufeer
Cambodia,S Godara
Cambodia,Muhammad Naeem
Cambodia,Sok Srey Maov
Cambodia,Sivakumar
Cambodia,Te Senglong
Cambodia,US Hathinjar
Cambodia,Ly Saomakara
Cambodia,Dok Da Nit
Cambodia,M Chadha
Cambodia,Shah Abrar Hussain
Cambodia,N Vichara
Cambodia,Lakshit Gupta
Cambodia,Sean Chan Boromey
Derbyshire,ROL Haydon
Derbyshire,HJ Moore
Derbyshire,C McKerr
Derbyshire,MD Wagstaff
Derbyshire,MJ North
Derbyshire,M Montgomery
Derbyshire,AP Palladino
Derbyshire,A Harrison
Derbyshire,TC Knight
Derbyshire,D Olivier
Derbyshire,DI Stevens
Derbyshire,HWR Cartwright
Derbyshire,CD Fletcher
Derbyshire,AJ Mellor
Derbyshire,WJ Durston
Derbyshire,TC Lace
Derbyshire,S Conners
Derbyshire,Hamidullah Qadri
Derbyshire,CF Parkinson
Derbyshire,RN Sidebottom
Derbyshire,GC Wilson
Derbyshire,A Carter
Derbyshire,Wahab Riaz
Derbyshire,GLS Scrimshaw
Derbyshire,DR Melton
Derbyshire,BMAJ Mendis
Derbyshire,TP Milnes
Derbyshire,LJ Hurt
Derbyshire,DM Hodgson
Derbyshire,JL du Plooy
Derbyshire,BD Cotton
Derbyshire,Haider Ali
Derbyshire,LM Reece
Derbyshire,DL Lloyd
Derbyshire,TM Dilshan
Derbyshire,RA Whiteley
Derbyshire,BT Slater
Derbyshire,H Kerr
Derbyshire,CA Pujara
Derbyshire,SC Moore
Derbyshire,MRJ Watt
Derbyshire,BR McDermott
Derbyshire,FJ Hudson-Prentice
Derbyshire,HM Amla
Derbyshire,MJ Guptill
Derbyshire,HR Hosein
Derbyshire,DJ Wainwright
Derbyshire,LV van Beek
Derbyshire,ML Turner
Derbyshire,MJ Lamb
Derbyshire,AT Thomson
Derbyshire,NO Priestley
Derbyshire,PM Borrington
Derbyshire,MJ Henry
Derbyshire,RAS Lakmal
Derbyshire,DM Dupavillon
Derbyshire,WS Davis
Derbyshire,SL Elstone
Derbyshire,CR Marshall
Derbyshire,SR Patel
Derbyshire,WA White
Derbyshire,D Smit
Derbyshire,NJ Rimmington
Derbyshire,CM MacDonell
Derbyshire,JDS Neesham
Derbyshire,M Higginbottom
Derbyshire,CF Hughes
Derbyshire,Mohammad Abbas
Derbyshire,AHT Donald
Derbyshire,B Stanlake
Derbyshire,BA Godleman
Derbyshire,WL Madsen
Derbyshire,HW Podmore
Derbyshire,MJJ Critchley
Derbyshire,SM Sharif
Derbyshire,Shan Masood
Derbyshire,HRC Came
Derbyshire,SJ Thakor
Derbyshire,JL Clare
Derbyshire,BM Tickner
Derbyshire,DM Wheeldon
Derbyshire,JW Dernbach
Derbyshire,Imran Tahir
Derbyshire,GTG Cork
Derbyshire,N Potts
Derbyshire,TAI Taylor
Derbyshire,JP Morley
Derbyshire,AR Sylvester
Derbyshire,CAJ Brodrick
Derbyshire,CP Jewell
Derbyshire,AF Gleadall
Derbyshire,Shoaib Bashir
Derbyshire,MH McKiernan
Derbyshire,MYB Naeem
Derbyshire,R Rampaul
Derbyshire,JWA Hawkins
Derbyshire,HM Nicholls
Derbyshire,Zaman Khan
Derbyshire,AS Basra
Derbyshire,HJH Brookes
Derbyshire,THS Pettman
Derbyshire,GC Viljoen
Derbyshire,MHA Footitt
Derbyshire,MK Andersson
Derbyshire,Mohammad Amir
Derbyshire,PR Brown
Derbyshire,LJ Fletcher
Derbyshire,RM Johnson
Derbyshire,BD Guest
Derbyshire,ZJ Chappell
Derbyshire,WB Rankin
Derbyshire,AM Ghazanfar
Derbyshire,HD Rutherford
Derbyshire,AL Hughes
Derbyshire,CS MacLeod
Derbyshire,BW Aitchison
Derbyshire,RP Hemmings
Derbyshire,Anuj Dal
Derbyshire,T Poynton
Derbyshire,MA Cohen
Derbyshire,GD Cross
Derbyshire,EHT Moulton
Derbyshire,LH Ferguson
Derbyshire,GS Sandhu
Derbyshire,E Barnes
Derbyshire,TD Groenewald
Derbyshire,TA Wood
Derbyshire,S Chanderpaul
Derbyshire,NT Broom
Namibia,M van Lingen
Namibia,E Van Zyl
Namibia,HN Ya France
Namibia,R van Schoor
Namibia,C Peake
Namibia,KA Green
Namibia,KB Burger
Namibia,B Manuel
Namibia,JP Kotze
Namibia,C Viljoen
Namibia,N Benjamin
Namibia,L Basson
Namibia,W Mwatile
Namibia,JJ Smit
Namibia,CW Coombe
Namibia,PD Blignaut
Namibia,CG Williams
Namibia,Z Groenewald
Namibia,S Namusha
Namibia,M Mutumbe
Namibia,SJ Baard
Namibia,S Tuhadeleni
Namibia,P Rossouw
Namibia,GB Murgatroyd
Namibia,H de Klerk
Namibia,R Walters
Namibia,R Trumpelmann
Namibia,JT Brassell
Namibia,LP van der Westhuizen
Namibia,SF Burger
Namibia,BM Scholtz
Namibia,M van Schoor
Namibia,S Groenewald
Namibia,L Louwrens
Namibia,D Foerster
Namibia,M Short
Namibia,BL Kotze
Namibia,J Davidson
Namibia,D Nell
Namibia,MB Kruger
Namibia,WP Myburgh
Namibia,A van der Merwe
Namibia,MG Kariata
Namibia,MG Erasmus
Namibia,ZJ van Vuuren
Namibia,MD du Preez
Namibia,DB Kotze
Namibia,ZE Green
Namibia,M Bosman
Namibia,CF Snyman
Namibia,L Visser
Namibia,D Dreyer
Namibia,D Keulder
Namibia,W van Vuuren
Namibia,Yasmeen Khan
Namibia,B Shikongo
Namibia,M Heingo
Namibia,RJ van Vuuren
Namibia,P Burger
Namibia,L Steenkamp
Namibia,L Klazinga
Namibia,SPS Shikongo
Namibia,A Busing-Volschenk
Namibia,D van Schoor
Namibia,JN Loftie-Eaton
Namibia,C Kauripeke
Namibia,W Smith
Namibia,JA Diergaardt
Namibia,T Lungameni
Namibia,SA Wittmann
Namibia,S Fouché
Namibia,JM Bredenkamp
Namibia,T Verwey
Namibia,E Steenkamp
Namibia,K Birkenstock
Namibia,W Els
Namibia,GJ van Rensburg
Namibia,JL Louw
Namibia,DO Leicher
Namibia,G Snyman
Namibia,BO van Rooi
Namibia,D la Cock
Namibia,N Davin
Namibia,M Karg
Namibia,JN Frylinck
Namibia,I van Zyl
Namibia,NRP Scholtz
Namibia,AJ Burger
Namibia,M Gorases
Namibia,M Mwatile
Namibia,E Simeon
Namibia,A van Schoor
Namibia,EU Kejarukua
Namibia,MP Enright
Namibia,H Klazinge
Namibia,JC Balt
Namibia,D Wiese
Namibia,JI de Villiers
Namibia,Reehana Khan
Namibia,V Hamunyela
Namibia,RAH Pitchers
Namibia,SN Shihepo
Namibia,SJ Swanepoel
Namibia,LJ Burger
Namibia,I Opperman
MI Emirates,BTJ Wheal
MI Emirates,V Viyaskanth
MI Emirates,Rashid Khan
MI Emirates,OF Smith
MI Emirates,Basil Hameed
MI Emirates,Mohamed Shafeeq
MI Emirates,BFW de Leede
MI Emirates,R Shepherd
MI Emirates,ADS Fletcher
MI Emirates,CR Woakes
MI Emirates,Waqar Salamkheil
MI Emirates,AS Joseph
MI Emirates,C Overton
MI Emirates,Zahoor Khan
MI Emirates,SR Patel
MI Emirates,JA Thompson
MI Emirates,Tajinder Singh
MI Emirates,KA Pollard
MI Emirates,WCF Smeed
MI Emirates,CG Benjamin
MI Emirates,V Aravind
MI Emirates,Muhammad Rohid
MI Emirates,AM Ghazanfar
MI Emirates,AJ Hosein
MI Emirates,Arab Gul
MI Emirates,CJ Anderson
MI Emirates,Asif Khan
MI Emirates,PBB Rajapaksa
MI Emirates,Fazalhaq Farooqi
MI Emirates,Waseem Muhammad
MI Emirates,AT Rayudu
MI Emirates,JM Bairstow
MI Emirates,SP Krishnamurthi
MI Emirates,Imran Tahir
MI Emirates,DR Mousley
MI Emirates,L Tucker
MI Emirates,DJ Bravo
MI Emirates,PHKD Mendis
MI Emirates,Shakib Al Hasan
MI Emirates,N Pooran
MI Emirates,Naveen-ul-Haq
MI Emirates,Zahir Khan
MI Emirates,MDKJ Perera
MI Emirates,TA Boult
MI Emirates,T Banton
MI Emirates,TH David
MI Emirates,Najibullah Zadran
MI Emirates,WG Jacks
MI Emirates,BJ Jacobs
Dubai Capitals,Haider Ali
Dubai Capitals,JO Holder
Dubai Capitals,Gulbadin Naib
Dubai Capitals,JE Root
Dubai Capitals,C Karunaratne
Dubai Capitals,JDS Neesham
Dubai Capitals,SD Hope
Dubai Capitals,Sikandar Raza
Dubai Capitals,I Udana
Dubai Capitals,TB Abell
Dubai Capitals,Mohammad Nabi
Dubai Capitals,RE van der Merwe
Dubai Capitals,Waqar Salamkheil
Dubai Capitals,R Powell
Dubai Capitals,R Chopra
Dubai Capitals,Hazratullah
Dubai Capitals,MD Shanaka
Dubai Capitals,DA Warner
Dubai Capitals,R Ngarava
Dubai Capitals,N Dickwella
Dubai Capitals,OC McCoy
Dubai Capitals,Sediqullah Atal
Dubai Capitals,TE Albert
Dubai Capitals,Khalid Shah
Dubai Capitals,PVD Chameera
Dubai Capitals,Mujeeb Ur Rahman
Dubai Capitals,YK Pathan
Dubai Capitals,RS Bopara
Dubai Capitals,Muhammad Jawadullah
Dubai Capitals,PBB Rajapaksa
Dubai Capitals,Rahmanullah Gurbaz
Dubai Capitals,Mustafizur Rahman
Dubai Capitals,RV Uthappa
Dubai Capitals,KW Richardson
Dubai Capitals,SW Billings
Dubai Capitals,Qais Ahmad
Dubai Capitals,DJ Willey
Dubai Capitals,N Bidaisee
Dubai Capitals,OP Stone
Dubai Capitals,Farhan Khan
Dubai Capitals,Akif Raja
Dubai Capitals,JT Ball
Dubai Capitals,Shayan Jahangir
Dubai Capitals,BJ McMullen
Dubai Capitals,HG Munsey
Dubai Capitals,J Fraser-McGurk
Dubai Capitals,FA Allen
Dubai Capitals,Zahir Khan
Dubai Capitals,SC Kuggeleijn
Dubai Capitals,SW Currie
Dubai Capitals,AM Rossington
Dubai Capitals,BR Dunk
Dubai Capitals,RJW Topley
Dubai Capitals,Hazrat Luqman
Dubai Capitals,A Zampa
Dubai Capitals,T Banton
Dubai Capitals,Chirag Suri
Dubai Capitals,FJ Klaassen
Dubai Capitals,MDE Holden
Dubai Capitals,DW Lawrence
Dubai Capitals,JL du Plooy
Dubai Capitals,JM Cox
Dubai Capitals,PA van Meekeren
Dubai Capitals,Najibullah Zadran
Yorkshire Diamonds,D Hazell
Yorkshire Diamonds,AC Jayangani
Yorkshire Diamonds,DM Kimmince
Yorkshire Diamonds,MR Walsh
Yorkshire Diamonds,S Luus
Yorkshire Diamonds,KL George
Yorkshire Diamonds,BAM Heath
Yorkshire Diamonds,S Ismail
Yorkshire Diamonds,LCN Smith
Yorkshire Diamonds,GM Davies
Yorkshire Diamonds,LM Kasperek
Yorkshire Diamonds,JI Rodrigues
Yorkshire Diamonds,TF Brookes
Yorkshire Diamonds,AN Davidson-Richards
Yorkshire Diamonds,BL Mooney
Yorkshire Diamonds,SFM Devine
Yorkshire Diamonds,L Spragg
Yorkshire Diamonds,KC Thompson
Yorkshire Diamonds,S Butler
Yorkshire Diamonds,HJ Armitage
Yorkshire Diamonds,KH Brunt
Yorkshire Diamonds,GK Davis
Yorkshire Diamonds,L Winfield
Yorkshire Diamonds,CL Griffith
Yorkshire Diamonds,KA Levick
Yorkshire Diamonds,AJ Blackwell
Yorkshire Diamonds,AZ Monaghan
Yorkshire Diamonds,AJ Healy
Yorkshire Diamonds,BA Langston
Yorkshire Diamonds,AL Nicholls
Yorkshire Diamonds,S Munro
Yorkshire Diamonds,JL Gunn
Yorkshire Diamonds,HL Fenby
Chandigarh,Arpit Pannu
Chandigarh,Arslan Khan
Chandigarh,Bhagmender Lather
Chandigarh,Sarul Kanwar
Chandigarh,Arjit Pannu
Chandigarh,Anirudh Kanwar
Chandigarh,Gurinder Singh
Chandigarh,Sandeep Sharma
Chandigarh,Mandeep Singh
Chandigarh,Jaskaran Singh
Chandigarh,Ankit Kaushik
Chandigarh,Gaurav Puri
Chandigarh,Amit Parashar
Chandigarh,Gaurav Gambhir
Chandigarh,RA Bawa
Chandigarh,Yuvraj Chaudhary
Chandigarh,M Vohra
Chandigarh,Jaskaranvir Singh Sohi
Chandigarh,Amrit Lubana
Chandigarh,Shivam Bhambri
Chandigarh,Pardeep Yadav
Chandigarh,U Kaul
Chandigarh,NS Sharma
Chandigarh,Shreshth Nirmohi
Chandigarh,Parmesh Vaidik
Chandigarh,Jagjit Singh
Chandigarh,Kunal Mahajan
Chandigarh,Karanveer Singh
Chandigarh,Nishunk Birla
Chandigarh,Bipul Sharma
Chandigarh,BB Sran
Hyderabad (India),A Prateek Reddy
Hyderabad (India),PA Reddy
Hyderabad (India),Akash Bhandari
Hyderabad (India),Ravi Kiran
Hyderabad (India),Bhavesh Seth
Hyderabad (India),GH Vihari
Hyderabad (India),Rakshan Readdi
Hyderabad (India),Jayram Reddy
Hyderabad (India),Ravi Teja
Hyderabad (India),B Punnaiah
Hyderabad (India),Kartikeya Kak
Hyderabad (India),PS Sairam
Hyderabad (India),Mohammed Siraj
Hyderabad (India),MSR Charan
Hyderabad (India),Mehdi Hassan
Hyderabad (India),Himalay Agarwal
Hyderabad (India),Bavanaka Sandeep
Hyderabad (India),Rohit Rayudu
Hyderabad (India),CV Milind
Hyderabad (India),Pragnay Reddy
Hyderabad (India),AT Rayudu
Hyderabad (India),Vishal Sharma
Hyderabad (India),Shashidhar Reddy
Hyderabad (India),CP Sahani
Hyderabad (India),A Ashish Reddy
Hyderabad (India),Rahul Buddhi
Hyderabad (India),Tanmay Agarwal
Hyderabad (India),Rahul Singh
Hyderabad (India),Ajay Dev Goud
Hyderabad (India),Tanay Thyagarajan
Hyderabad (India),Kolla Sumanth
Hyderabad (India),Yudhvir Singh
Hyderabad (India),Jaweed Ali
Hyderabad (India),Tilak Varma
Hyderabad (India),PS Chaitanya Reddy
Hyderabad (India),Hitesh Yadav
Hyderabad (India),PP Ojha
Hyderabad (India),G Anikethreddy
Hyderabad (India),Annabathula Akash
Hyderabad (India),J Mallikarjun
Hyderabad (India),E Sanketh
Hyderabad (India),K Bhagath Varma
Hyderabad (India),P Nitesh Reddy
Hyderabad (India),Mickil Jaiswal
Hyderabad (India),Trishank Gupta
Lancashire,DL Collins
Lancashire,DJ Mitchell
Lancashire,RP Jones
Lancashire,JJ Bohannon
Lancashire,NM Lyon
Lancashire,GT Griffiths
Lancashire,A Phillip
Lancashire,UT Khawaja
Lancashire,LS Livingstone
Lancashire,MA Jones
Lancashire,M Gaur
Lancashire,JS Lehmann
Lancashire,SC Kerrigan
Lancashire,DK Fonseka
Lancashire,A Clarke
Lancashire,LWP Wells
Lancashire,JM Anderson
Lancashire,HPN Singh
Lancashire,LJ Hurt
Lancashire,GD Burrows
Lancashire,KM Jarvis
Lancashire,KW Hogg
Lancashire,CJ Green
Lancashire,SD Parry
Lancashire,LM Reece
Lancashire,KK Jennings
Lancashire,A King
Lancashire,S Morris
Lancashire,L Hands
Lancashire,L Heap
Lancashire,M Penna
Lancashire,KL Cross
Lancashire,MF Hurst
Lancashire,TN Kesteven
Lancashire,EL Lamb
Lancashire,FH Allen
Lancashire,G Onions
Lancashire,TW Hartley
Lancashire,AN Petersen
Lancashire,R McLaren
Lancashire,WSA Williams
Lancashire,MRJ Watt
Lancashire,MJ Guptill
Lancashire,GH Lewis
Lancashire,Hasan Ali
Lancashire,JA Boyden
Lancashire,RJ Gleeson
Lancashire,MT Stanley
Lancashire,KR Brown
Lancashire,SJ Croft
Lancashire,JM Blatherwick
Lancashire,PD Salt
Lancashire,TH Aspinwall
Lancashire,L Wood
Lancashire,AG Prince
Lancashire,TH David
Lancashire,C de Grandhomme
Lancashire,WA White
Lancashire,TJ Moores
Lancashire,AS Dale
Lancashire,NL Buck
Lancashire,Washington Sundar
Lancashire,TG Norris
Lancashire,AL Davies
Lancashire,DJ Vilas
Lancashire,Junaid Khan
Lancashire,E Threlkeld
Lancashire,FMK Morris
Lancashire,R Flintoff
Lancashire,GH Dockrell
Lancashire,P Mustard
Lancashire,HE Jones
Lancashire,GJ Maxwell
Lancashire,JP Faulkner
Lancashire,CM Barnard
Lancashire,JP Morley
Lancashire,TC Smith
Lancashire,GA Edwards
Lancashire,OW Sutton
Lancashire,TR Cornall
Lancashire,A Lister
Lancashire,DEM Carter
Lancashire,S Ecclestone
Lancashire,AP Agathangelou
Lancashire,Harry Singh
Lancashire,E Jones
Lancashire,TE Bailey
Lancashire,TJ Lester
Lancashire,JA Burns
Lancashire,LA Procter
Lancashire,VR Iyer
Lancashire,G Potts
Lancashire,P Coughlin
Lancashire,KM Mack
Lancashire,TC Bruce
Lancashire,GJ Bell
Lancashire,BD Guest
Lancashire,J Moores
Lancashire,S Smale
Lancashire,J Clark
Lancashire,S Mahmood
Lancashire,GP Balderson
Lancashire,GID Lavelle
Lancashire,JA Turner
Lancashire,PM Siddle
Lancashire,JM Mennie
Lancashire,PC Graham
Lancashire,N Wagner
Lancashire,MS Harris
Lancashire,A Flintoff
Lancashire,G Chapple
Lancashire,DJ Lamb
Lancashire,MW Parkinson
Lancashire,EHT Moulton
Lancashire,AJ Turner
Lancashire,AM Lilley
Lancashire,H Hameed
Lancashire,Zahir Khan
Lancashire,PJ Horton
Lancashire,JC Buttler
Lancashire,AR Shetty
Lancashire,KA Maharaj
Lancashire,GM Johnson
Lancashire,Kabir Ali
Lancashire,S Chanderpaul
Germany,Hassan Khan
Germany,L Skatulla
Germany,H Singh
Germany,Abdul Stanikzai
Germany,B Maes Loch
Germany,M Montgomery
Germany,R Pillai
Germany,B Ess
Germany,CM Gough
Germany,C Pfalzner-Gibbon
Germany,CG Campbell
Germany,Adil Khan
Germany,MJ Richardson
Germany,Amir Mangal
Germany,Ahmad Ullah
Germany,JE Ronalds
Germany,J van Heerden
Germany,V Aritharan
Germany,K Vijayaraghavan
Germany,A Doddaballapur
Germany,Rameesha Shahid
Germany,S Meyenborg
Germany,Muslim Yar
Germany,N Kingsley
Germany,B Kohler-Cadmore
Germany,D Klein
Germany,Nooruddin Mujadady
Germany,SR McAnanama-Brereton
Germany,Musaddiq Ahmed
Germany,S Malikzai
Germany,S Sadarangani
Germany,Jagdeep Singh
Germany,H Srinivasan
Germany,K Qureshi
Germany,Abdul-Shakoor Rahimzei
Germany,ST Frohnmayer
Germany,Sahir Naqash
Germany,V Ganesan
Germany,D Weston
Germany,Shahil Momin
Germany,Ahmadschah Ahmadzai
Germany,Kashif Hussain
Germany,MS Beresford
Germany,ME Latif
Germany,A Meyenborg
Germany,Husnain Kabeer
Germany,Ghulam Ahmadi
Germany,AM Healey
Germany,Talha Khan
Germany,Aishani Kishore
Germany,V Jatinder Kumar
Germany,Sachin Mandy
Germany,Sajid Liaqat
Germany,Azmat Ali
Germany,J Broad
Germany,V Stolle
Germany,Abdul Bashir
Germany,Rana Singh
Germany,Faisal Mubashir
Germany,S Mannan
Germany,S Kolcharam
Germany,VB Chikkannaiah
Germany,CAJ Meschede
Germany,Asad Mohammad
Germany,JD Bhatt
Germany,SVE Bharathi
Germany,Ashwini Balaji
Germany,Israr Khan
Germany,Shahid Afridi
Germany,A Sarma
Germany,DA Blignaut
Germany,PA Wadenpohl
Germany,Mudassar Muhammad
Germany,Shoaib Khan
Germany,Janpreet Singh
Germany,W Behr
Germany,Zahid Zadran
Germany,Izatullah Dawlatzai
Germany,Ahmed Wardak
Germany,Fayaz Khan
Germany,W Hornero-Garcia
Germany,EC Bargna
Germany,A Kanukuntla
Germany,K Klesse
Germany,Khaled Khan
Germany,A Kohli
Germany,A Bierwisch
Germany,I Edwards
Durham,ZGF Foulkes
Durham,TWM Latham
Durham,WR Smith
Durham,HM Crawshaw
Durham,EJH Eckersley
Durham,MA Jones
Durham,CN Ackermann
Durham,TSS Mackintosh
Durham,L Doneathy
Durham,GJ Harte
Durham,M Pretorius
Durham,S Conners
Durham,GJ Thompson
Durham,CF Parkinson
Durham,BA Stokes
Durham,MJ Killeen
Durham,JT Ball
Durham,MJ Richardson
Durham,MW Dixon
Durham,BA Raine
Durham,BS McKinney
Durham,CK Holder
Durham,SW Poynter
Durham,Shafiqullah Ghafari
Durham,PA van Meekeren
Durham,S Turner
Durham,GR Breese
Durham,NA Sowter
Durham,KK Jennings
Durham,BG Whitehead
Durham,A Glen
Durham,T Wilson
Durham,AG Bailey
Durham,G Onions
Durham,C Rushworth
Durham,AK Markram
Durham,JOI Campbell
Durham,GJ Muchall
Durham,AZ Lees
Durham,WA Young
Durham,BD Glover
Durham,MD Stoneman
Durham,MJ Potts
Durham,AR Patel
Durham,JM Blatherwick
Durham,KAJ Roach
Durham,Codi Yusuf
Durham,MA Wood
Durham,PSP Handscomb
Durham,KD Petersen
Durham,RC Davies
Durham,J Harrison
Durham,F Behardien
Durham,BA Carse
Durham,PD Collingwood
Durham,NJ Rimmington
Durham,BFW de Leede
Durham,DM Hogg
Durham,EN Gay
Durham,JDS Neesham
Durham,L Filer
Durham,JJ Bushnell
Durham,AJ Tye
Durham,CN Miles
Durham,SR Dickson
Durham,BJ McCarthy
Durham,SW Bates
Durham,CG Benjamin
Durham,BJ Watling
Durham,AJ Robson
Durham,R Ravindra
Durham,RSW Bowman
Durham,PKD Chase
Durham,PE Turner
Durham,WMH Rhodes
Durham,L Trevaskis
Durham,M Rogers
Durham,HJ Armitage
Durham,GS Drissell
Durham,LS Robinson
Durham,Imran Tahir
Durham,GT Main
Durham,WD Parnell
Durham,P Mustard
Durham,CT Bancroft
Durham,WJ Weighell
Durham,U Arshad
Durham,VR Aaron
Durham,KA Levick
Durham,G Clark
Durham,DJM Short
Durham,HS Mustard
Durham,J Minto
Durham,L Dobson
Durham,Kasey Aldridge
Durham,GHI Harding
Durham,OJ Gibson
Durham,JW Hastings
Durham,MET Salisbury
Durham,OG Robinson
Durham,SG Borthwick
Durham,MP Kuhnemann
Durham,MVT Fernando
Durham,RD Pringle
Durham,P Coughlin
Durham,AJ Hickey
Durham,BAM Heath
Durham,J Coughlin
Durham,SJD Bell
Durham,S Steel
Durham,EK Marlow
Durham,SC Cook
Durham,LE Scott
Durham,T Johnson
Durham,CS MacLeod
Durham,AY Patel
Durham,PM Siddle
Durham,JTA Burnham
Durham,B Doggett
Durham,BJ Dwarshuis
Durham,RL Toole
Durham,N Wagner
Durham,KC Sangakkara
Durham,MW Parkinson
Durham,SM Boland
Durham,MK Villiers
Durham,CT Steel
Durham,AJ Turner
Durham,E Windsor
Durham,NJ Maddinson
Durham,DG Bedingham
Durham,SJC McAlindon
Durham,K Fraser
Durham,HRD Adair
Bangladesh,Nazmul Islam
Bangladesh,Salma Khatun
Bangladesh,Tanzim Hasan Sakib
Bangladesh,Mohammad Sharif
Bangladesh,Hasan Murad
Bangladesh,Murshida Khatun
Bangladesh,Jubair Hossain
Bangladesh,Shahadat Hossain
Bangladesh,Rabeya Khan
Bangladesh,S Mostary
Bangladesh,Shahriar Hossain
Bangladesh,Elias Sunny
Bangladesh,Shahriar Nafees
Bangladesh,Dilara Akter
Bangladesh,Imrul Kayes
Bangladesh,Sharmin Sultana
Bangladesh,Lily Rani Biswas
Bangladesh,Tareq Aziz
Bangladesh,Mahbubul Alam
Bangladesh,Tanvir Islam
Bangladesh,Mosaddek Hossain
Bangladesh,Shorna Akter
Bangladesh,Akram Khan
Bangladesh,Shamima Sultana
Bangladesh,Robiul Islam
Bangladesh,Munim Shahriar
Bangladesh,Rony Talukdar
Bangladesh,Khaled Mahmud
Bangladesh,Tushar Imran
Bangladesh,Nahid Rana
Bangladesh,Subashis Roy
Bangladesh,Taskin Ahmed
Bangladesh,Liton Das
Bangladesh,Anwar Hossain Monir
Bangladesh,Sanwar Hossain
Bangladesh,Hasibul Hossain
Bangladesh,Shukhtara Rahman
Bangladesh,Shahanaz Parvin
Bangladesh,Ayasha Rahman
Bangladesh,Sanjida Islam
Bangladesh,Mashrafe Mortaza
Bangladesh,Jannatul Ferdus
Bangladesh,Nuzhat Tasnia
Bangladesh,Manjural Islam
Bangladesh,R Mondol
Bangladesh,Arafat Sunny
Bangladesh,Fargana Hoque
Bangladesh,Muktar Ali
Bangladesh,Sanjida Akter Meghla
Bangladesh,Sultana Khatun
Bangladesh,Zakir Hasan
Bangladesh,Mohammad Mithun
Bangladesh,Al Sahariar
Bangladesh,Sunzamul Islam
Bangladesh,Nahida Akter
Bangladesh,Sajedul Islam
Bangladesh,Mrittunjoy Chowdhury
Bangladesh,Anamul Haque
Bangladesh,Sumon Khan
Bangladesh,Abu Jayed
Bangladesh,Fariha Trisna
Bangladesh,Aftab Ahmed
Bangladesh,Parvez Hossain Emon
Bangladesh,Faisal Hossain
Bangladesh,Jahanara Alam
Bangladesh,Mushfiqur Rahman
Bangladesh,Hasan Mahmud
Bangladesh,Sabbir Rahman
Bangladesh,S Rani
Bangladesh,Khadija Tul Kubra
Bangladesh,Suhrawadi Shuvo
Bangladesh,Nayeem Hasan
Bangladesh,Tanzid Hasan
Bangladesh,Aminul Islam
Bangladesh,Shamim Hossain
Bangladesh,Rumana Ahmed
Bangladesh,Abdur Razzak
Bangladesh,Fazle Mahmud
Bangladesh,Dhiman Ghosh
Bangladesh,Lata Mondal
Bangladesh,Mosharraf Hossain
Bangladesh,Panna Ghosh
Bangladesh,Nurul Hasan
Bangladesh,Talha Jubair
Bangladesh,Sultana Yesmin
Bangladesh,Sohag Gazi
Bangladesh,Javed Omar
Bangladesh,Abu Hider
Bangladesh,Taj Nehar
Bangladesh,Nazmul Hossain
Bangladesh,Nazmul Hossain Shanto
Bangladesh,Mahmudullah
Bangladesh,Nafees Iqbal
Bangladesh,Mahmudul Hasan Joy
Bangladesh,Tazia Akhter
Bangladesh,Nigar Sultana
Bangladesh,Shamsur Rahman
Bangladesh,Enamul Haque jnr
Bangladesh,Ehsanul Haque
Bangladesh,Ariful Haque
Bangladesh,Mohammad Shahid
Bangladesh,Raqibul Hasan
Bangladesh,Nadif Chowdhury
Bangladesh,Shuvagata Hom
Bangladesh,Mustafizur Rahman
Bangladesh,Juairiya Ferdous
Bangladesh,Yasir Ali Chowdhury
Bangladesh,Farhad Reza
Bangladesh,Fahima Khatun
Bangladesh,Suraiya Azmin
Bangladesh,Syed Rasel
Bangladesh,Junaid Siddique
Bangladesh,Sabikun Nahar Jesmin
Bangladesh,Taijul Islam
Bangladesh,Afif Hossain
Bangladesh,Nazimuddin
Bangladesh,Mehrab Hossain jnr
Bangladesh,Rishad Hossain
Bangladesh,Shohidul Islam
Bangladesh,Habibul Bashar
Bangladesh,Mushfiqur Rahim
Bangladesh,Shaila Sharmin
Bangladesh,Ritu Moni
Bangladesh,Mohammad Rafique
Bangladesh,Mohammad Saifuddin
Bangladesh,Mehedi Hasan Miraz
Bangladesh,Habiba Islam
Bangladesh,Jamaluddin Ahmed
Bangladesh,Saif Hassan
Bangladesh,Naeem Islam
Bangladesh,Khaled Ahmed
Bangladesh,Abul Hasan
Bangladesh,Khaled Mashud
Bangladesh,Shoriful Islam
Bangladesh,Mohammad Naim
Bangladesh,Tapash Baisya
Bangladesh,Alok Kapali
Bangladesh,Ishma Tanjim
Bangladesh,Soumya Sarkar
Bangladesh,Mahidul Islam Ankon
Bangladesh,Shathira Jakir
Bangladesh,Nasir Hossain
Bangladesh,Shohely Akhter
Bangladesh,Rubya Haider
Bangladesh,Jaker Ali
Bangladesh,Marufa Akter
Bangladesh,Tamim Iqbal
Bangladesh,Nishita Akter Nishi
Bangladesh,Kamrul Islam Rabbi
Bangladesh,Ziaur Rahman
Bangladesh,Sharmin Akhter
Bangladesh,Ebadat Hossain
Bangladesh,Shorifa Khatun
Bangladesh,Manjural Islam Rana
Bangladesh,Al-Amin Hossain
Bangladesh,Moniruzzaman
Bangladesh,Tanbir Hayder
Bangladesh,Shadman Islam
Bangladesh,Rakibul Hasan
Bangladesh,P Chakraborty
Bangladesh,Towhid Hridoy
Bangladesh,Saqlain Sajib
Bangladesh,Rubel Hossain
Bangladesh,Shakib Al Hasan
Bangladesh,Dolar Mahmud
Bangladesh,Nasum Ahmed
Bangladesh,Mohammad Ashraful
Bangladesh,Rajin Saleh
Bangladesh,Jahurul Islam
Bangladesh,Hannan Sarkar
Bangladesh,Marshall Ayub
Bangladesh,Shafiul Islam
Bangladesh,Mominul Haque
Bangladesh,Mahedi Hasan
Bangladesh,Sumaiya Akter
Norway,Alina Aslam
Norway,Sher Sahak
Norway,Wasim Tahir
Norway,S Raveendrakumar
Norway,S Waqas Ahmed
Norway,Hayatullah Niazi
Norway,S Jadhav
Norway,Faisal Raza
Norway,Mandeep Singh
Norway,Faizan Mumtaz
Norway,P Agrawal
Norway,Mansoor Shah
Norway,RR Shinde
Norway,Walid Ghauri
Norway,Tafseer Ali
Norway,Aminullah Tanha
Norway,P Bhart
Norway,Prachi Kumari
Norway,Mofassar Saeed
Norway,DS Gamage
Norway,Ibrahim Rahimi
Norway,Shehraz Khalid
Norway,Khizer Ahmed
Norway,Pooja Kumari
Norway,AJ Parmar
Norway,Nouman Butt
Norway,L Stanfergin
Norway,Waheed Aamir
Norway,Bilal Safdar
Norway,Syed Jawad Haider
Norway,Amad Sheikh
Norway,Bijeyata Kumari
Norway,Qamar Mushtaque
Norway,Ayesha Hasan
Norway,A Dastgir
Norway,Ibrahim Mughal
Norway,D Crawford
Norway,Ahmadullah Shinwari
Norway,Nayab Alizai
Norway,AS Gorad
Norway,Purvi Kumari
Norway,Mirab Razwan
Norway,Chaudhary Akram
Norway,Adnan Shnwarei
Norway,Junaid Mehmood
Norway,Zeeshan Ali
Norway,Vinay Ravi
Norway,Javed Maroofkhail
Norway,PK Thangavadivel
Norway,Jawad Mir
Norway,Abdullah Sheikh
Norway,Ansar Iqbal
Norway,Shahzad Umran
Norway,Ali Saleem
Norway,S Kunaratnam
Norway,E Ul Haq
Norway,Nayab Razwan
Norway,D Abeyrathna
Norway,Farial Zia Safdar
Norway,Zeeshan Siddiqui
Norway,UH Sahi
Norway,A Vishwakarma
Norway,S Iftikhar
Norway,Nazakat Ali
Norway,RHO Saunders
Norway,Usman Arif
Norway,Safir Hayat
Norway,Raza Iqbal
Norway,Wahidullah Sahak
Norway,A Rautela
Norway,Pratik Agnihotri
Norway,Hashir Hussain
Norway,V Sarma
Norway,Vishal Sharma
Norway,Mahnoor Akram
Norway,Lopamudra
Norway,Shahid Ahmed
Norway,M Shahbaz Butt
Norway,A Gupta
Norway,Mirab Sajjad
Norway,Babar Shahzad
Norway,Rafaqat Ali
Norway,VB Viyala
Norway,Junaid Sheikh
Norway,Hina Hussain
Norway,Mutaiba Ansar
Norway,R Immadi
Guernsey,C Simmonds
Guernsey,A Le Ray
Guernsey,M Robinson
Guernsey,JC Martin
Guernsey,B Wentzel
Guernsey,R Hubbard
Guernsey,A Bushell
Guernsey,W Fazakerley
Guernsey,C Jennings
Guernsey,MWR Stokes
Guernsey,D Mullen
Guernsey,DR Hooper
Guernsey,PJ Stahelin
Guernsey,M Dale-Bradley
Guernsey,TJ Ravenscroft
Guernsey,JL Martel
Guernsey,K De La Mare
Guernsey,LJ Barker
Guernsey,J Savage
Guernsey,LB Ferbrache
Guernsey,T Nightingale
Guernsey,Rosie Davis
Guernsey,F Bulpitt
Guernsey,Oliver Clapham
Guernsey,TCW Veillard
Guernsey,O Morgan
Guernsey,OE Newey
Guernsey,E Millington
Guernsey,JNL Wilkes-Green
Guernsey,JAJ Nussbaumer
Guernsey,Emily Merrien
Guernsey,MLA Ellis
Guernsey,M Le Ray
Guernsey,C Milner
Guernsey,A Hutchinson
Guernsey,LC Le Tissier
Guernsey,Alice Davis
Guernsey,B Fitchet
Guernsey,BE Johnson
Guernsey,M Breban
Guernsey,R Merrien
Guernsey,C Birch
Guernsey,GH Smit
Guernsey,AS Wright
Guernsey,T Kirk
Guernsey,E Bourgaize
Guernsey,H Eulenkamp
Guernsey,LT Bichard
Guernsey,C Forshaw
Guernsey,A Martel
Guernsey,E Robinson
Guernsey,DE Martel
Guernsey,L Savident
Guernsey,J Butler
Guernsey,ACF Stokes
Guernsey,OB Nightingale
Guernsey,W Peatfield
Guernsey,IDA Damarell
Guernsey,TCR Kimber
Guernsey,Harry Johnson
Northamptonshire,CP Tremain
Northamptonshire,Azharullah
Northamptonshire,A Sharma
Northamptonshire,M Kelly
Northamptonshire,BM Duckett
Northamptonshire,AM Varma
Northamptonshire,Mohammad Nabi
Northamptonshire,RA Weatherall
Northamptonshire,Faheem Ashraf
Northamptonshire,MA Ashraf
Northamptonshire,AK Russell
Northamptonshire,CO Thurston
Northamptonshire,AG Wakely
Northamptonshire,PP Shaw
Northamptonshire,OP Stone
Northamptonshire,SC Kerrigan
Northamptonshire,Hassan Azad
Northamptonshire,A Carter
Northamptonshire,MT Coles
Northamptonshire,GLS Scrimshaw
Northamptonshire,LB Williams
Northamptonshire,AJ Hall
Northamptonshire,AM Rossington
Northamptonshire,MDE Holden
Northamptonshire,BD Cotton
Northamptonshire,BW Sanderson
Northamptonshire,RK Kleinveldt
Northamptonshire,CA Barrett
Northamptonshire,CA Lynn
Northamptonshire,B Whitehouse
Northamptonshire,G Wade
Northamptonshire,F Singh
Northamptonshire,JJ Cobb
Northamptonshire,JM Kettleborough
Northamptonshire,RI Keogh
Northamptonshire,PR Stirling
Northamptonshire,S Prasanna
Northamptonshire,LD McManus
Northamptonshire,RS Bopara
Northamptonshire,B Muzarabani
Northamptonshire,ML Turner
Northamptonshire,TB Sole
Northamptonshire,WA Young
Northamptonshire,RI Newton
Northamptonshire,RJ Gleeson
Northamptonshire,CG Harrison
Northamptonshire,MG Finan
Northamptonshire,BD Glover
Northamptonshire,L Guthrie
Northamptonshire,LPJ Kimber
Northamptonshire,L Wood
Northamptonshire,JD Libby
Northamptonshire,AC Agar
Northamptonshire,DJ Leech
Northamptonshire,IG Butler
Northamptonshire,KJ Coetzer
Northamptonshire,RE Levi
Northamptonshire,D Pretorius
Northamptonshire,EN Gay
Northamptonshire,BA Hutton
Northamptonshire,JDS Neesham
Northamptonshire,MNW Spriegel
Northamptonshire,CF Hughes
Northamptonshire,AJ Tye
Northamptonshire,S Kaul
Northamptonshire,SA Zaib
Northamptonshire,NL Buck
Northamptonshire,BJ Curran
Northamptonshire,LA Patterson-White
Northamptonshire,KK Patel
Northamptonshire,R Vasconcelos
Northamptonshire,SD Peters
Northamptonshire,TB Robinson
Northamptonshire,MP Breetzke
Northamptonshire,DJ Willey
Northamptonshire,WD Parnell
Northamptonshire,JS Buckingham
Northamptonshire,James Middlebrook
Northamptonshire,J Broad
Northamptonshire,TAI Taylor
Northamptonshire,SP Crook
Northamptonshire,SP Terry
Northamptonshire,YS Chahal
Northamptonshire,FJ Heldreich
Northamptonshire,SM Whiteman
Northamptonshire,GA Bartlett
Northamptonshire,JO Holder
Northamptonshire,Shahid Afridi
Northamptonshire,AU Buchake
Northamptonshire,NA McSweeney
Northamptonshire,N Ramesh
Northamptonshire,SP van der Merwe
Northamptonshire,Sikandar Raza
Northamptonshire,LA Procter
Northamptonshire,L Pope
Northamptonshire,T Shamsi
Northamptonshire,AH Miller
Northamptonshire,RD Rickelton
Northamptonshire,DJG Sales
Northamptonshire,GK Berg
Northamptonshire,CJ White
Northamptonshire,HOM Gouldstone
Northamptonshire,DAJ Bracewell
Northamptonshire,HNA Conway
Northamptonshire,KK Nair
Northamptonshire,A Sheikh
Northamptonshire,GG White
Northamptonshire,N Wagner
Northamptonshire,MA Chambers
Northamptonshire,IG Holland
Northamptonshire,JJG Sales
Northamptonshire,MA Richardson
Northamptonshire,MS Panesar
Northamptonshire,J Overton
Northamptonshire,T Bavuma
Northamptonshire,D Murphy
Leicestershire,HJ Swindells
Leicestershire,GT Griffiths
Leicestershire,Umar Amin
Leicestershire,EJH Eckersley
Leicestershire,GH Rhodes
Leicestershire,Mohammad Nabi
Leicestershire,U Ramji
Leicestershire,CN Ackermann
Leicestershire,ACF Wyatt
Leicestershire,OH Freckingham
Leicestershire,AM Green
Leicestershire,CF Parkinson
Leicestershire,MAG Boyce
Leicestershire,DJ Redfern
Leicestershire,Hassan Azad
Leicestershire,CJC Wright
Leicestershire,AM Ali
Leicestershire,Rehan Ahmed
Leicestershire,GD Elliott
Leicestershire,BA Raine
Leicestershire,TAR Scriven
Leicestershire,RA Jones
Leicestershire,LJ Hurt
Leicestershire,KJ O'Brien
Leicestershire,NJ Dexter
Leicestershire,GJ Delany
Leicestershire,JH Davey
Leicestershire,PWA Mulder
Leicestershire,J Weatherald
Leicestershire,JP Inglis
Leicestershire,BT Slater
Leicestershire,MA Carberry
Leicestershire,HA Evans
Leicestershire,JJ Cobb
Leicestershire,MA Thornely
Leicestershire,D Klein
Leicestershire,JF Thomas
Leicestershire,PR Stirling
Leicestershire,AJ Ireland
Leicestershire,SB Wood
Leicestershire,Y Singh
Leicestershire,LV van Beek
Leicestershire,MG Finan
Leicestershire,MJ Cosgrove
Leicestershire,ST Evans
Leicestershire,LPJ Kimber
Leicestershire,JA Tattersall
Leicestershire,A Harinath
Leicestershire,WS Davis
Leicestershire,SW Currie
Leicestershire,ML Pettini
Leicestershire,PSP Handscomb
Leicestershire,F Behardien
Leicestershire,WA White
Leicestershire,OB Cox
Leicestershire,GP Smith
Leicestershire,JDS Neesham
Leicestershire,TJ Wells
Leicestershire,Mohammad Abbas
Leicestershire,RR Sarwan
Leicestershire,CE Shreck
Leicestershire,NL Buck
Leicestershire,Shan Masood
Leicestershire,AJ Robson
Leicestershire,SJ Thakor
Leicestershire,AM Rahane
Leicestershire,A Javid
Leicestershire,MW Pillans
Leicestershire,L Trevaskis
Leicestershire,HE Dearden
Leicestershire,DW Sayer
Leicestershire,TAI Taylor
Leicestershire,WJ Weighell
Leicestershire,U Arshad
Leicestershire,VR Aaron
Leicestershire,RK Patel
Leicestershire,HG Munsey
Leicestershire,CJ McKay
Leicestershire,LJ Hill
Leicestershire,NJ Bowley
Leicestershire,Naveen-ul-Haq
Leicestershire,SS Eskinazi
Leicestershire,Umar Akmal
Leicestershire,SG Budinger
Leicestershire,A Sakande
Leicestershire,AP Agathangelou
Leicestershire,MET Salisbury
Leicestershire,BGF Green
Leicestershire,Naseem Shah
Leicestershire,NJ O'Brien
Leicestershire,SB Styris
Leicestershire,A Shahzad
Leicestershire,LP Goldsworthy
Leicestershire,S Steel
Leicestershire,JDM Evison
Leicestershire,ZJ Chappell
Leicestershire,JKH Naik
Leicestershire,ND Pinner
Leicestershire,HD Rutherford
Leicestershire,BWM Mike
Leicestershire,RML Taylor
Leicestershire,L Ronchi
Leicestershire,AY Patel
Leicestershire,BE Hendricks
Leicestershire,A Sheikh
Leicestershire,MS Harris
Leicestershire,SD Bates
Leicestershire,J Hull
Leicestershire,IG Holland
Leicestershire,CS Delport
Leicestershire,RI Walker
Leicestershire,AM Lilley
Leicestershire,MGK Burgess
Leicestershire,PJ Horton
Leicestershire,JS Sykes
Leicestershire,E Barnes
Leicestershire,RJ Sayer
Leicestershire,NR Welch
Malaysia,Fathinah Nasri
Malaysia,Ahmed Aqeel
Malaysia,Aslam Khan
Malaysia,R Madhavan
Malaysia,Suharril Fetri
Malaysia,Rizwan Haider
Malaysia,Shahrulnizam Yusof
Malaysia,Saif Ullah Malik
Malaysia,Nur Arianna Natsya
Malaysia,Nik Nur Atiela
Malaysia,Nur Alliah Asyqin
Malaysia,DI Chunan
Malaysia,Anwar Rahman
Malaysia,Mas Elysa
Malaysia,Ainna Hamizah Hashim
Malaysia,Anwar Arudin
Malaysia,Arif Ullah
Malaysia,Amalin Sorfina
Malaysia,Mohamed Arief
Malaysia,Noor Hayati Zakaria
Malaysia,Imran ullah Gul
Malaysia,Siow Tzin Yee
Malaysia,D Duraisingam
Malaysia,Ainool Haqqiem
Malaysia,Aminuddin Ramly
Malaysia,Wan Julia
Malaysia,Zumika Azmi
Malaysia,Muhammad Akram
Malaysia,SR Karthik
Malaysia,Muhammad Hafiz
Malaysia,Nazril Rahman
Malaysia,Zayani Syamimi
Malaysia,M Syahadat Ramli
Malaysia,NCK Liyanage
Malaysia,Norwira Zazmie
Malaysia,Emylia Eliani
Malaysia,Adeshlie Alias
Malaysia,Aisya Eleesa
Malaysia,Nur Syazwina Hanim
Malaysia,Fitri Sham
Malaysia,C Smith
Malaysia,Khizar Hayat
Malaysia,HG Mohammed
Malaysia,Suabika Manivannan
Malaysia,SM Dhanusri
Malaysia,Christina Baret
Malaysia,Rajkumar Rajendran
Malaysia,D Mogan
Malaysia,Rashid Ahad
Malaysia,Mahani Ahyar
Malaysia,Sharveen Surendran
Malaysia,Zubaidi Zulkifle
Malaysia,Irdina Beh Nabil
Malaysia,Muhammad Wafiq
Malaysia,Amir Khan
Malaysia,Ainool Hafizs
Malaysia,Syed Rehmatullah
Malaysia,BV Save
Malaysia,Ahmad Nasir
Malaysia,Nazmus Sakib
Malaysia,Nur Aishah
Malaysia,Mahirah Izzati Ismail
Malaysia,Suhan Alagaratnam
Malaysia,Pavandeep Singh
Malaysia,Nik Arifin
Malaysia,Musfirah Nur Ainaa
Malaysia,HB Ralalage
Malaysia,Hassan Ghulam
Malaysia,J Francis
Malaysia,Shafiq Sharif
Malaysia,Faruq Hakimin
Malaysia,Nazatul Hidayah Husna
Malaysia,Yusrina Yaakop
Malaysia,S Navaratnam
Malaysia,Rewina Mohammad
Malaysia,Mohammad Shukri
Malaysia,Jannadiah Halim
Malaysia,Rahim Khan
Malaysia,Muhammad Amir
Malaysia,Virandeep Singh
Malaysia,Nurilyaa Natasya
Malaysia,Fikri Makram
Malaysia,Nur Izzatul Syafiqa
Malaysia,Azri Azhar
Malaysia,Ammar Zuhdi Hazalan
Malaysia,Syazrul Idrus
Malaysia,S Vijay Unni
Malaysia,Hammadullah Khan
Malaysia,S Muniandy
Malaysia,Wan Nor Zulaika
Malaysia,P Madhukar
Malaysia,Nur Nadihirah
Malaysia,P Syafiq Ali
Malaysia,Marsya Qistina Binti
Malaysia,WA Duraisingam
Malaysia,Muhammad Haziq Aiman
Malaysia,SKG Krishnan
Malaysia,Nasir Shafiq
Malaysia,Aina Najwa
Malaysia,Nur Alya Batrisyia
Malaysia,CWR Zalati
Malaysia,Nur Dania Syuhada
Malaysia,Ahmed Faiz
Malaysia,Syed Aziz
Malaysia,Sasha Azmi
Malaysia,J Intan
Knights,G Coetzee
Knights,LM Zuma
Knights,D Olivier
Knights,M de Lange
Knights,GJ Snyman
Knights,RS Second
Knights,M Mhlanga
Knights,M Pretorius
Knights,L Adam
Knights,TB de Bruyn
Knights,J van Dyk
Knights,FD Adams
Knights,AGS Gous
Knights,JD Vandiar
Knights,D du Preez
Knights,M Budaza
Knights,LL Mnyanda
Knights,K Mohale
Knights,RR Hendricks
Knights,TM Bodibe
Knights,CA Dry
Knights,JL du Plooy
Knights,AM Phangiso
Knights,O Motlhoaring
Knights,G Mahlokwana
Knights,RT Bailey
Knights,MN van Wyk
Knights,E Leie
Knights,MP Siboto
Knights,AR Swanepoel
Knights,DL Piedt
Knights,R McLaren
Knights,PJ van Biljon
Knights,R van Tonder
Knights,T van Vuuren
Knights,SA Mothoa
Knights,S Fledermaus
Knights,AJ Pienaar
Knights,Q Friend
Knights,J Raubenheimer
Knights,T Mnyaka
Knights,KD Petersen
Knights,RR Rossouw
Knights,F Behardien
Knights,TG Mokoena
Knights,AD Russell
Knights,W Makwetu
Knights,D Elgar
Knights,OEG Baartman
Knights,DA Miller
Knights,L Senokwane
Knights,JJ van der Wath
Knights,J Coetzee
Knights,LE Bosman
Knights,P Botha
Knights,M Mosehle
Knights,S von Berg
Knights,GL Cloete
Knights,LMG Masekela
Knights,RK Terblanche
Knights,G Tarr
Knights,N van Heerden
Knights,MN Erlank
Knights,DS Rosier
Knights,LLL Sesele
Knights,GJ Abrahams
Knights,T Ntuli
Knights,N Roux
Knights,LN Mosena
Knights,N Boje
Knights,MC Kleinveldt
Knights,D Forrester
Knights,PE Kruger
Knights,SC van Schalkwyk
Knights,I Dikgale
Knights,S Langa
Knights,CP Klijnhans
Knights,WL Coetsee
Lions,E Jones
Lions,S Pillay
Lions,P Matshikwe
Lions,PWA Mulder
Lions,SSB Magala
Lions,DP Conway
Lions,BC Fortuin
Lions,K Rabada
Lions,OA Ramela
Lions,W Makwetu
Lions,GC Viljoen
Lions,E Leie
Lions,GH Bodi
Lions,CH Morris
Lions,M Van Buuren
Lions,CH Gayle
Lions,MP Siboto
Lions,MJ Ackerman
Lions,C Esterhuizen
Lions,M Manack
Lions,RD Rickelton
Lions,DP Nannes
Lions,SC Cook
Lions,Azhar Mahmood
Lions,KT Maphaka
Lions,L Sipamla
Lions,DA Hendricks
Lions,T Ntuli
Lions,Q de Kock
Lions,J Dawood
Lions,AN Petersen
Lions,S Dadswell
Lions,M Pretorius
Lions,R Haasbroek
Lions,Z Pongolo
Lions,K Rapulana
Lions,S Burger
Lions,BE Hendricks
Lions,J Richards
Lions,D Potgieter
Lions,M Mosehle
Lions,Imran Tahir
Lions,TM Maphaka
Lions,Sohail Tanvir
Lions,JD Vandiar
Lions,LB Williams
Lions,WJ Lubbe
Lions,LL Tsotsobe
Lions,CS Delport
Lions,G Adams
Lions,HE van der Dussen
Lions,N Peter
Lions,J Landsberg
Lions,A Myoli
Lions,RR Hendricks
Lions,MK McGillivray
Lions,AJ Malan
Lions,E O'Reilly
Lions,TL Moreki
Lions,ND McKenzie
Lions,Codi Yusuf
Lions,NJ van den Bergh
Lions,Zubayr Hamza
Lions,D Pretorius
Lions,T Bavuma
Lions,J Symes
Lions,TL Tsolekile
Lions,T Bokako
Lions,AM Phangiso
Qatar,Shahzaib Jamil
Qatar,Syed Tameem
Qatar,DM Kavinisseri
Qatar,Iqbal Hussain
Qatar,Khadija Imtiaz
Qatar,Faisal Javed
Qatar,Musawar Shah
Qatar,Sargam Patel
Qatar,MM Baig
Qatar,S Thapa
Qatar,Sabah Nawab
Qatar,Mujeeb-ur-Rehman
Qatar,T Kale
Qatar,Muhammad Murad
Qatar,Nouman Sarwar
Qatar,Kamran Khan
Qatar,Lihara Ayeysekara
Qatar,AR Berenger
Qatar,Muhammad Tanveer
Qatar,Imran Ashraf
Qatar,Assad Borham
Qatar,Bukhar Illikkal
Qatar,Zubair Ali
Qatar,Muhammad Jabir
Qatar,Aleena Khan
Qatar,Mohammad Ahnaff
Qatar,VN Veetil
Qatar,Shahreeennawab
Qatar,Uzair Amir
Qatar,DAM Louis
Qatar,G Candiru
Qatar,Mokbul Ahammed
Qatar,Dharmang Patel
Qatar,KP Bhuva
Qatar,Qalandar Khan
Qatar,A Mare
Qatar,P Gopalkrishnan
Qatar,R Shah
Qatar,Akash Babu
Qatar,R Theruvath
Qatar,Shariq Munir
Qatar,Shakkir Kassim
Qatar,KE Pounsett
Qatar,Adnan Mirza
Qatar,Imraz Rafi
Qatar,Arif Nasir Uddin
Qatar,H Rathod
Qatar,Aisha Rahman
Qatar,Sarrinah Ahmed
Qatar,Mohammed Awais
Qatar,Bipin Kumar
Qatar,Amir Farooq
Qatar,Mohammed Aslam
Qatar,SA Panayan
Qatar,CE Jacob
Qatar,Mohammed Irshad
Qatar,Zaheer Ibrahim
Qatar,Shahzeb Afridi
Qatar,Inam-ul-Haq
Qatar,Fatima Mukadam
Qatar,S Dhadwal
Qatar,Jassim Khan
Qatar,Muhammad Asim
Qatar,S Krisheta
Qatar,Amma Kashif
Qatar,Taful Elkhair
Qatar,Lavanya Pillai
Qatar,RS Quyn
Qatar,Mohammed Nadeem
Qatar,Gayan Munaweera
Qatar,Roheed Akhtar
Qatar,Yousuf Ali
Qatar,H Agarwal
Qatar,Rizpha Bano
Qatar,Amina Kashif
Qatar,Aysha
Qatar,Tamoor Sajjad
Qatar,A Nagarajan
Qatar,Saqlain Arshad
Qatar,Mohammad Abrar
Qatar,Pavithra Selvam
Qatar,I Liyanage
Qatar,S Chandnani
Qatar,MT Jacob
Qatar,Ikramullah Khan
Qatar,Mohammad Rizlan
Qatar,Owais Ahmed
Qatar,Zeeshan Haider
Qatar,SK Rana
Qatar,Khurram Shahzad
Qatar,Khadeer Mohammed
Qatar,Kamran Khan (2)
Nigeria,OS Oyronke
Nigeria,M Akhigbe
Nigeria,CM Akachukwu
Nigeria,H Ayoka
Nigeria,F Eseigbe
Nigeria,JO Ogunlola
Nigeria,AA Jimoh
Nigeria,P Agboya
Nigeria,U Peace
Nigeria,I Uboh
Nigeria,A Igbobie
Nigeria,S Sunday
Nigeria,CN Onwuzulike
Nigeria,Gershon Yusuf
Nigeria,DNA Ankrah
Nigeria,H Mbam
Nigeria,K Abdulquadri
Nigeria,M Desmond
Nigeria,B Etim
Nigeria,E Sandy
Nigeria,M Imimole
Nigeria,I Danladi
Nigeria,JO Adedeji
Nigeria,SA Okpe
Nigeria,Azeez Salako
Nigeria,IO Okpe
Nigeria,MK Amusa
Nigeria,VD Adewoye
Nigeria,S Mba
Nigeria,L Piety
Nigeria,A Obulor
Nigeria,Mustapha Yusuf
Nigeria,E Ndubudem
Nigeria,B Frank
Nigeria,O Isesele
Nigeria,O Olatunji
Nigeria,L Udeh
Nigeria,Ali Rahmon
Nigeria,Sulaimon Runsewe
Nigeria,T Abdulquadri
Nigeria,B Nwobodo
Nigeria,A Adekunle
Nigeria,AE Isesele
Nigeria,P Useni
Nigeria,F Fyneface
Nigeria,O Onwuzulike
Nigeria,R Samson
Nigeria,C Chukwuonye
Nigeria,P Aho
Nigeria,R Abdulrasak
Nigeria,S Chilemanya
Nigeria,E Ofem
Nigeria,AP Adegbola
Nigeria,Joshua Asia
Nigeria,Muhammad Hashim
Nigeria,A Akhigbe
Nigeria,Abdullahi Ismail
Nigeria,RA Abolarin
Nigeria,G Ephraim
Nigeria,Chinyenum George
Nigeria,AA Onikoyi
Nigeria,R Sharma
Nigeria,R Abdulkareem
Nigeria,C Udekwe
Nigeria,O Asika
Nigeria,O Isiyaku
Nigeria,D Ajekun
Nigeria,B Adu
Nigeria,OJ Bejide
Nigeria,F Effiong
Nigeria,O Omonkhobio
Nigeria,SO Akolade
Nigeria,O Olaleye
Nigeria,D Gim
Nigeria,U Friday
Nigeria,EA Okwudili
Nigeria,AS Abioye
Nigeria,AM Oyede
Nigeria,S Agazuma
Nigeria,S Etim
Nigeria,AJ Ayannaike
Nigeria,Selim Salau
Nigeria,K Boniface
Nigeria,OA Olympio
Nigeria,Mohameed Taiwo
Nigeria,S Ogundipe
Nigeria,A Shreshta
Nigeria,Ovais Yousof
Nigeria,J Efosa
Nigeria,A Mene-Ejegi
Nigeria,OP Eguakun
Nigeria,V Igbinedion
Nigeria,SO Olayinka
Falcons,CM Gough
Falcons,SW Bates
Falcons,DN Wyatt
Falcons,N Koncharoenkai
Falcons,B Cooper
Falcons,G Shukla
Falcons,S Tippoch
Falcons,A Gurung
Falcons,AC Jayangani
Falcons,MBA Lamplough
Falcons,Mas Elysa
Falcons,M Hill
Falcons,M Kapp
Falcons,Jahanara Alam
Falcons,Theertha Satish
Falcons,K Arua
Italy,Baljit Singh
Italy,MG Raso
Italy,CJPF Kalugamage
Italy,DKD Warnakulasuriya
Italy,T Araliya
Italy,NP Rodrigo
Italy,S di Bartolomeo
Italy,V Pennazza
Italy,S Arachchige
Italy,AS Withanage
Italy,Anik Ahmed
Italy,PA Petricola
Italy,HS Jayasena
Italy,DA Marage
Italy,D Samarawickrama
Italy,L di Giglio
Italy,Ilenia Sims
Italy,ISW Ranepura
Italy,J Mosca
Italy,Syed Naqvi
Italy,J Grassi
Italy,ZH Cheema
Italy,HJ Manenti
Italy,WTN Fernando
Italy,ECB Moore
Italy,NA Maiolo
Italy,K Peddrick
Italy,Gurpreet Singh
Italy,G Stewart
Italy,AS Wikman
Italy,CS Sandri
Italy,GRD Munasinghe
Italy,HP Patrizi
Italy,P Sadev
Italy,M Campopiano
Italy,Fida Hussain
Italy,GP Meade
Italy,HA Daluwatta
Italy,EL Bartram
Italy,Anmoldeep Singh
Italy,K Kekulawala
Italy,MMBRSTC Wanigaratne
Italy,JT Smuts
Italy,BAD Manenti
Italy,Amaya Rajapaksha
Italy,NL Smith
Italy,IU Jayamannage
Italy,EN Gay
Italy,Amir Sharif
Italy,WL Madsen
Italy,Bashar Khan
Italy,A Denuwan
Italy,Haseeb Khan
Italy,Jaspreet Singh
Italy,Waleed Rana
Italy,R Tanweer
Italy,K Kaur
Italy,G Batagoda
Italy,A Kontopirakis
Italy,A Bonora
Italy,Sukhwinder Singh
Italy,RS Abeywickrama
Italy,S Kanankege
Italy,Zain Ali
Italy,Manpreet Singh
Italy,MGDCK Fernando
Italy,AM Northcote
Italy,JW Dernbach
Italy,M Morettini
Italy,Simranjit Singh
Italy,MGSM Fernando
Italy,BBJL Perera
Italy,DG Crowley
Italy,N Asuramanage
Italy,C Piparo
Italy,C Mahamalage
Italy,TJ Draca
Italy,Anam Mollik
Italy,MJ Ross
Italy,Hasnat Ahmed
Italy,JA Burns
Italy,Jagmeet Singh
Italy,N Pauththuwadura
Italy,AJ Mosca
Italy,GK Berg
Italy,TA Kurukulasuriya
Italy,D Nanayakkara
Italy,Ahmed Nisar
Italy,Ali Hasan
Italy,Rakibul Hasan
Italy,M Rathnayake
Italy,Charanjeet Singh
Italy,Rehman Abdul
Italy,P Fernando
Italy,NPF Ranhaluge
Italy,Regina Khan
Italy,S Malwatta
Italy,AS Warnakulasuriya
Italy,DSF Arsakulasuriya
Italy,NM Northcote
Italy,LM Sims
Italy,S Toffoletto
Perth Scorchers,H McKenzie
Perth Scorchers,HH Gibbs
Perth Scorchers,M Kelly
Perth Scorchers,KR Patterson
Perth Scorchers,AC Jayangani
Perth Scorchers,CC Ainsworth
Perth Scorchers,LS Livingstone
Perth Scorchers,JK Lalor
Perth Scorchers,AM Hardie
Perth Scorchers,M Klinger
Perth Scorchers,CJ Jordan
Perth Scorchers,BM Halliday
Perth Scorchers,MJ North
Perth Scorchers,DA Payne
Perth Scorchers,HM Brennan
Perth Scorchers,HWR Cartwright
Perth Scorchers,NJ Shaw
Perth Scorchers,NR Sciver-Brunt
Perth Scorchers,JA Richardson
Perth Scorchers,T Peschel
Perth Scorchers,LJ Evans
Perth Scorchers,KJ Garth
Perth Scorchers,C Green
Perth Scorchers,Yasir Arafat
Perth Scorchers,CJM Sabburg
Perth Scorchers,BM Edmondson
Perth Scorchers,IR Bell
Perth Scorchers,JM Muirhead
Perth Scorchers,BL Couch
Perth Scorchers,CJ Simmons
Perth Scorchers,TS Mills
Perth Scorchers,PJ Scholfield
Perth Scorchers,MW Dixon
Perth Scorchers,M Beardman
Perth Scorchers,KK Jennings
Perth Scorchers,A King
Perth Scorchers,JP Inglis
Perth Scorchers,PJ Cummins
Perth Scorchers,LR Morris
Perth Scorchers,TMM Newton
Perth Scorchers,S Fanning
Perth Scorchers,MA Carberry
Perth Scorchers,C Munro
Perth Scorchers,R Strange
Perth Scorchers,KL Cross
Perth Scorchers,MF Hurst
Perth Scorchers,F du Plessis
Perth Scorchers,FH Allen
Perth Scorchers,E Biss
Perth Scorchers,JJ Roy
Perth Scorchers,EL King
Perth Scorchers,SE Marsh
Perth Scorchers,BL Mooney
Perth Scorchers,SFM Devine
Perth Scorchers,M Kapp
Perth Scorchers,TJ Armstrong
Perth Scorchers,LR Down
Perth Scorchers,FG Kemp
Perth Scorchers,J Morgan
Perth Scorchers,JL Curtis
Perth Scorchers,KH Brunt
Perth Scorchers,P Cleary
Perth Scorchers,DJM Moody
Perth Scorchers,MM Lanning
Perth Scorchers,G Redmayne
Perth Scorchers,CD Hinchliffe
Perth Scorchers,AC Agar
Perth Scorchers,L Winfield-Hill
Perth Scorchers,Z Crawley
Perth Scorchers,TH David
Perth Scorchers,SM Betts
Perth Scorchers,S Campbell
Perth Scorchers,PD Collingwood
Perth Scorchers,JL Barsby
Perth Scorchers,NJ Rimmington
Perth Scorchers,JS Paris
Perth Scorchers,ML Green
Perth Scorchers,HL Ferling
Perth Scorchers,JM Clarke
Perth Scorchers,AJ Tye
Perth Scorchers,AL Edgar
Perth Scorchers,A Lyth
Perth Scorchers,C Leeson
Perth Scorchers,SW Bates
Perth Scorchers,JR Philippe
Perth Scorchers,JP Behrendorff
Perth Scorchers,EJ Villani
Perth Scorchers,RL Grundy
Perth Scorchers,NM Coulter-Nile
Perth Scorchers,MA Beer
Perth Scorchers,TIF Triffitt
Perth Scorchers,DJS Dottin
Perth Scorchers,MEK Hussey
Perth Scorchers,M Hinkley
Perth Scorchers,DJ Willey
Perth Scorchers,MR Marsh
Perth Scorchers,CT Bancroft
Perth Scorchers,P Hatzoglou
Perth Scorchers,M Banting
Perth Scorchers,EJ Smith
Perth Scorchers,S Glenn
Perth Scorchers,C Piparo
Perth Scorchers,SP Terry
Perth Scorchers,MG Johnson
Perth Scorchers,NR Sciver
Perth Scorchers,GB Hogg
Perth Scorchers,SS Eskinazi
Perth Scorchers,A Shrubsole
Perth Scorchers,TT Bresnan
Perth Scorchers,SM Whiteman
Perth Scorchers,WG Bosisto
Perth Scorchers,CM Edwards
Perth Scorchers,M Darke
Perth Scorchers,JCL Wallace
Perth Scorchers,AE Jones
Perth Scorchers,KM Mack
Perth Scorchers,KJ Hartshorn
Perth Scorchers,HNK Jensen
Perth Scorchers,M Carmichael
Perth Scorchers,NR Hobson
Perth Scorchers,AC Thomas
Perth Scorchers,M Spoors
Perth Scorchers,NE Bolton
Perth Scorchers,D Hemalatha
Perth Scorchers,L Holt
Perth Scorchers,L Ronchi
Perth Scorchers,L Mills
Perth Scorchers,BM Devchand
Perth Scorchers,M Morkel
Perth Scorchers,JM Mennie
Perth Scorchers,MS Harris
Perth Scorchers,LK Ebsary
Perth Scorchers,H Graham
Perth Scorchers,Usman Qadir
Perth Scorchers,SM Katich
Perth Scorchers,KM Hempenstall
Perth Scorchers,AJ Turner
Perth Scorchers,L Griffith
Perth Scorchers,E Hoskin
Perth Scorchers,C Connolly
Perth Scorchers,MP Stoinis
Perth Scorchers,Fawad Ahmed
Perth Scorchers,AC Voges
Hobart Hurricanes,JL Hunter
Hobart Hurricanes,NP Winter
Hobart Hurricanes,B Hepburn
Hobart Hurricanes,A Genford
Hobart Hurricanes,DJG Sammy
Hobart Hurricanes,V Pyke
Hobart Hurricanes,CJ Jordan
Hobart Hurricanes,E Thompson
Hobart Hurricanes,MW Hill
Hobart Hurricanes,JA Thompson
Hobart Hurricanes,M Wright
Hobart Hurricanes,ZE Cooke
Hobart Hurricanes,NR Sciver-Brunt
Hobart Hurricanes,JC Archer
Hobart Hurricanes,JW Wells
Hobart Hurricanes,CA Wakim
Hobart Hurricanes,Faheem Ashraf
Hobart Hurricanes,PG Dooley
Hobart Hurricanes,CJ Boyce
Hobart Hurricanes,W Sanders
Hobart Hurricanes,JR Doran
Hobart Hurricanes,CJ Anderson
Hobart Hurricanes,M Bean
Hobart Hurricanes,Nikhil Chaudhary
Hobart Hurricanes,B Laughlin
Hobart Hurricanes,H Silver-holmes
Hobart Hurricanes,TR Birt
Hobart Hurricanes,HC Knight
Hobart Hurricanes,R Johnston
Hobart Hurricanes,CA Ingram
Hobart Hurricanes,A Hartley
Hobart Hurricanes,TS Mills
Hobart Hurricanes,SL Rainbird
Hobart Hurricanes,A Smith
Hobart Hurricanes,Rehan Ahmed
Hobart Hurricanes,AD Mascarenhas
Hobart Hurricanes,T van der Gugten
Hobart Hurricanes,M Strano
Hobart Hurricanes,OA Shah
Hobart Hurricanes,GJ Bailey
Hobart Hurricanes,S Ismail
Hobart Hurricanes,MJ Owen
Hobart Hurricanes,LCN Smith
Hobart Hurricanes,CL Rafferty
Hobart Hurricanes,Shoaib Malik
Hobart Hurricanes,FC Wilson
Hobart Hurricanes,BR McDermott
Hobart Hurricanes,TA Lammonby
Hobart Hurricanes,TS Rogers
Hobart Hurricanes,TP Ward
Hobart Hurricanes,AW Summers
Hobart Hurricanes,BF Smith
Hobart Hurricanes,MJ Cosgrove
Hobart Hurricanes,HP Kingston
Hobart Hurricanes,S Lamichhane
Hobart Hurricanes,DJM Moody
Hobart Hurricanes,CA Rose
Hobart Hurricanes,MJ Johnston
Hobart Hurricanes,G Redmayne
Hobart Hurricanes,Z Crawley
Hobart Hurricanes,TH David
Hobart Hurricanes,PSP Handscomb
Hobart Hurricanes,M du Preez
Hobart Hurricanes,CJ Gannon
Hobart Hurricanes,M Phillips
Hobart Hurricanes,SR Hain
Hobart Hurricanes,ML Gibson
Hobart Hurricanes,DN Wyatt
Hobart Hurricanes,Shadab Khan
Hobart Hurricanes,KE Bryce
Hobart Hurricanes,HC Brook
Hobart Hurricanes,EA Burns
Hobart Hurricanes,JS Paris
Hobart Hurricanes,AD Hales
Hobart Hurricanes,RJG Lockyear
Hobart Hurricanes,BW Hilfenhaus
Hobart Hurricanes,J Botha
Hobart Hurricanes,JDS Neesham
Hobart Hurricanes,JK Reed
Hobart Hurricanes,AE Satterthwaite
Hobart Hurricanes,B Stanlake
Hobart Hurricanes,Waqar Salamkheil
Hobart Hurricanes,S Daffara
Hobart Hurricanes,NE Stalenberg
Hobart Hurricanes,MS Wade
Hobart Hurricanes,SW Bates
Hobart Hurricanes,DJ Malan
Hobart Hurricanes,EJ Villani
Hobart Hurricanes,CL Hall
Hobart Hurricanes,C Raack
Hobart Hurricanes,JA Freeman
Hobart Hurricanes,V Krishnamurthy
Hobart Hurricanes,TIF Triffitt
Hobart Hurricanes,DA Miller
Hobart Hurricanes,J Kann
Hobart Hurricanes,DP Michael
Hobart Hurricanes,R Trenaman
Hobart Hurricanes,W Parker
Hobart Hurricanes,AC Blizzard
Hobart Hurricanes,T Saville
Hobart Hurricanes,BJ Webster
Hobart Hurricanes,DT Christian
Hobart Hurricanes,Qais Ahmad
Hobart Hurricanes,SK Moloney
Hobart Hurricanes,KMA Paul
Hobart Hurricanes,M Hinkley
Hobart Hurricanes,NM Hancock
Hobart Hurricanes,HK Matthews
Hobart Hurricanes,JP Faulkner
Hobart Hurricanes,SW Tait
Hobart Hurricanes,DE Bollinger
Hobart Hurricanes,K Fryett
Hobart Hurricanes,L Winfield
Hobart Hurricanes,P Hatzoglou
Hobart Hurricanes,EJ Smith
Hobart Hurricanes,Rishad Hossain
Hobart Hurricanes,DJM Short
Hobart Hurricanes,CP Jewell
Hobart Hurricanes,PA Jaques
Hobart Hurricanes,Asif Ali
Hobart Hurricanes,A Day
Hobart Hurricanes,WG Jacks
Hobart Hurricanes,TT Bresnan
Hobart Hurricanes,AJ Doolan
Hobart Hurricanes,RM Ghosh
Hobart Hurricanes,SD Hope
Hobart Hurricanes,W Prestwidge
Hobart Hurricanes,RH Priest
Hobart Hurricanes,SB Styris
Hobart Hurricanes,HNK Jensen
Hobart Hurricanes,RA Mair
Hobart Hurricanes,IMHC Joyce
Hobart Hurricanes,EG Fazackerley
Hobart Hurricanes,E Kershaw
Hobart Hurricanes,XJ Doherty
Hobart Hurricanes,S Milenko
Hobart Hurricanes,TD Paine
Hobart Hurricanes,EP Gulbis
Hobart Hurricanes,RT Ponting
Hobart Hurricanes,E Manix-Geeves
Hobart Hurricanes,SCJ Broad
Hobart Hurricanes,NJ Reardon
Hobart Hurricanes,JM Mennie
Hobart Hurricanes,B Vakarewa
Hobart Hurricanes,RP Meredith
Hobart Hurricanes,JJ Krejza
Hobart Hurricanes,Naved-ul-Hasan
Hobart Hurricanes,NJ Carey
Hobart Hurricanes,KC Sangakkara
Hobart Hurricanes,SM Boland
Hobart Hurricanes,H Graham
Hobart Hurricanes,RK O'Donnell
Hobart Hurricanes,C Wilson
Hobart Hurricanes,TD Andrews
Hobart Hurricanes,S Mandhana
Hobart Hurricanes,BR Dunk
Hobart Hurricanes,CL Tryon
Hobart Hurricanes,L Lee
Hobart Hurricanes,NT Ellis
Hobart Hurricanes,LG Smith
Hobart Hurricanes,JM Cox
Hobart Hurricanes,MG Hogan
Hobart Hurricanes,TJ Vlaeminck
Jersey,R McBey
Jersey,W Harris
Jersey,ASJ Dewhurst
Jersey,A Merritt
Jersey,Tallulah Spry
Jersey,B Kynman
Jersey,G Wetherall
Jersey,W Perchard
Jersey,PW Gough
Jersey,BDH Stevens
Jersey,D Birrell
Jersey,K Follain
Jersey,F Copley
Jersey,NA Greenwood
Jersey,S Hanson
Jersey,AM Tribe
Jersey,C Miles
Jersey,C Brennan
Jersey,JW Jenner
Jersey,NJ Ferraby
Jersey,JAD Lawrenson
Jersey,J Sumerauer
Jersey,RJG Palmer
Jersey,G Mallett
Jersey,T Pullman
Jersey,D Pearce
Jersey,T Smith
Jersey,M Maguire
Jersey,T Britton
Jersey,B Ward
Jersey,E Gouge
Jersey,NAT Watkins
Jersey,O Bastin
Jersey,N Greig
Jersey,S Norman
Jersey,LE Gallichan
Jersey,A Mossop
Jersey,RM Hill
Jersey,A Aikenhead
Jersey,CM Greechan
Jersey,SSJ Dewhurst
Jersey,ZM Tribe
Jersey,PB Gouge
Jersey,AW Hawkins-Kay
Jersey,JE Dunford
Jersey,S Simpson
Jersey,G Richardson
Jersey,TE Minty
Jersey,L Greig
Jersey,EJ Farley
Jersey,EJB Miles
Jersey,CJ Bodenstein
Jersey,CW Perchard
Jersey,H Carlyon
Jersey,MD Rocha
Jersey,R Bowley
Jersey,DA Morrison
Jersey,DG Blampied
Jersey,WJR Robertson
Jersey,C Bisson
Jersey,J Kemp
Jersey,JN Duckett
Jersey,F Tanguy
Jersey,SA van Breda
Jersey,E Duffy
Sharjah Warriorz,AF Milne
Sharjah Warriorz,NA Sowter
Sharjah Warriorz,JEK Rew
Sharjah Warriorz,T Mathew
Sharjah Warriorz,D Madushanka
Sharjah Warriorz,Sikandar Raza
Sharjah Warriorz,TB Abell
Sharjah Warriorz,R Ngarava
Sharjah Warriorz,MS Wade
Sharjah Warriorz,Saghir Khan
Sharjah Warriorz,BKG Mendis
Sharjah Warriorz,M Pathirana
Sharjah Warriorz,JJ Roy
Sharjah Warriorz,Ethan D'Souza
Sharjah Warriorz,WIA Fernando
Sharjah Warriorz,Harmeet Singh (2)
Sharjah Warriorz,Muhammad Jawadullah
Sharjah Warriorz,Harmeet Singh
Sharjah Warriorz,Rohan Mustafa
Sharjah Warriorz,MD Patel
Sharjah Warriorz,PBB Rajapaksa
Sharjah Warriorz,AU Rashid
Sharjah Warriorz,Shubham Ranjane
Sharjah Warriorz,KD Karthik
Sharjah Warriorz,KMA Paul
Sharjah Warriorz,Junaid Siddique
Sharjah Warriorz,Karim Janat
Sharjah Warriorz,MM Ali
Sharjah Warriorz,LWP Wells
Sharjah Warriorz,SN Netravalkar
Sharjah Warriorz,RP Burl
Sharjah Warriorz,T Kohler-Cadmore
Sharjah Warriorz,TL Seifert
Sharjah Warriorz,AC Agar
Sharjah Warriorz,TG Southee
Sharjah Warriorz,Taskin Ahmed
Sharjah Warriorz,Wasim Akram
Sharjah Warriorz,A Zampa
Sharjah Warriorz,TH David
Sharjah Warriorz,J Charles
Sharjah Warriorz,M Theekshana
Sharjah Warriorz,D Pretorius
Sharjah Warriorz,Raees Ahmed
Madhya Pradesh,Akshat Raghuwanshi
Madhya Pradesh,Tripuresh Singh
Madhya Pradesh,Sohraab Dhaliwal
Madhya Pradesh,Parth Sahani
Madhya Pradesh,Ashutosh Sharma
Madhya Pradesh,Zafar Ali
Madhya Pradesh,Saransh Jain
Madhya Pradesh,VR Iyer
Madhya Pradesh,Ayan Khan
Madhya Pradesh,Anshul Tripathi
Madhya Pradesh,Ashutosh Singh
Madhya Pradesh,Puneet Datey
Madhya Pradesh,S Solanki
Madhya Pradesh,Surendra Malviya
Madhya Pradesh,Jalaj S Saxena
Madhya Pradesh,AR Rohera
Madhya Pradesh,RM Patidar
Madhya Pradesh,AB Bhadoriya
Madhya Pradesh,Gaurav Yadav
Madhya Pradesh,Avesh Khan
Madhya Pradesh,Harpreet Singh
Madhya Pradesh,HP Gawli
Madhya Pradesh,K Khejroliya
Madhya Pradesh,Shivam Shukla
Madhya Pradesh,SM Patidar
Madhya Pradesh,Kuldeep Gehi
Madhya Pradesh,Rishabh Chouhan
Madhya Pradesh,NV Ojha
Madhya Pradesh,Rakesh Thakur
Madhya Pradesh,Rahul Batham
Madhya Pradesh,AR Shrivastava
Madhya Pradesh,Anand Bais
Madhya Pradesh,Ankit Dane
Madhya Pradesh,Ankit Sharma
Madhya Pradesh,Subhransu Senapati
Madhya Pradesh,Arshad Khan
Madhya Pradesh,K Tripathi
Madhya Pradesh,C Rathore
Madhya Pradesh,Arpit Gaud
Madhya Pradesh,Shubham Sharma
Madhya Pradesh,KR Sen
Madhya Pradesh,K Kartikeya
Madhya Pradesh,Mihir Hirwani
Madhya Pradesh,Salman Baig
Madhya Pradesh,Abhishek Bhandari
Madhya Pradesh,Ashwin Das
Madhya Pradesh,Ankit Kushwah
Madhya Pradesh,IC Pandey
Services,Ritesh Negi
Services,Ravi Chauhan
Services,Vikas Hathwala
Services,Raushan Raj
Services,Devender Lohchab
Services,SR Swain
Services,Varun Choudhary
Services,Sumit Singh
Services,Rahul Khajan Singh
Services,Diwesh Pathania
Services,Pulkit Narang
Services,NK Singh
Services,Mohit Ahlawat
Services,RV Darji
Services,Yashpal Singh
Services,Rajat Paliwal
Services,Amit Pachhara
Services,Aanshul Gupta
Services,Nitin Yadav
Services,AP Sharma
Services,Avishek Sinha
Services,Sachidanand Pandey
Services,AA Bamal
Services,Rahul Singh
Services,Vikas Yadav
Services,Nakul Sharma
Services,Nakul Verma
Services,Abhishek Sakuja
Services,Sufiyan Alam
Services,D Rai
Services,Mohit Kumar
Services,Nitin Tanwar
Services,Lakhan Singh
Delhi Daredevils,AM Salvi
Delhi Daredevils,Y Nagar
Delhi Daredevils,AR Bawne
Delhi Daredevils,HV Patel
Delhi Daredevils,DA Warner
Delhi Daredevils,CJ Anderson
Delhi Daredevils,AP Tare
Delhi Daredevils,TR Birt
Delhi Daredevils,PP Shaw
Delhi Daredevils,Mohammad Asif
Delhi Daredevils,CA Ingram
Delhi Daredevils,BMAJ Mendis
Delhi Daredevils,Z Khan
Delhi Daredevils,S Sriram
Delhi Daredevils,RR Pant
Delhi Daredevils,V Sehwag
Delhi Daredevils,JD Unadkat
Delhi Daredevils,S Nadeem
Delhi Daredevils,SS Iyer
Delhi Daredevils,MF Maharoof
Delhi Daredevils,TM Dilshan
Delhi Daredevils,GD McGrath
Delhi Daredevils,S Ladda
Delhi Daredevils,R Shukla
Delhi Daredevils,PJ Cummins
Delhi Daredevils,UBT Chand
Delhi Daredevils,LE Plunkett
Delhi Daredevils,RE van der Merwe
Delhi Daredevils,C Munro
Delhi Daredevils,CJ Dala
Delhi Daredevils,SS Tiwary
Delhi Daredevils,Avesh Khan
Delhi Daredevils,Shoaib Malik
Delhi Daredevils,LR Shukla
Delhi Daredevils,Q de Kock
Delhi Daredevils,JJ Roy
Delhi Daredevils,A Mishra
Delhi Daredevils,PJ Sangwan
Delhi Daredevils,NV Ojha
Delhi Daredevils,CM Gautam
Delhi Daredevils,UT Yadav
Delhi Daredevils,SV Samson
Delhi Daredevils,S Lamichhane
Delhi Daredevils,A Nehra
Delhi Daredevils,AB de Villiers
Delhi Daredevils,AB Dinda
Delhi Daredevils,AD Mathews
Delhi Daredevils,MN Samuels
Delhi Daredevils,JP Duminy
Delhi Daredevils,Sunny Gupta
Delhi Daredevils,AD Russell
Delhi Daredevils,DPMD Jayawardene
Delhi Daredevils,PD Collingwood
Delhi Daredevils,J Botha
Delhi Daredevils,JDS Neesham
Delhi Daredevils,M Manhas
Delhi Daredevils,S Kaul
Delhi Daredevils,MS Wade
Delhi Daredevils,DP Nannes
Delhi Daredevils,S Dhawan
Delhi Daredevils,NM Coulter-Nile
Delhi Daredevils,Yuvraj Singh
Delhi Daredevils,J Yadav
Delhi Daredevils,Y Venugopal Rao
Delhi Daredevils,R Sharma
Delhi Daredevils,LRPL Taylor
Delhi Daredevils,DT Christian
Delhi Daredevils,WD Parnell
Delhi Daredevils,Imran Tahir
Delhi Daredevils,IK Pathan
Delhi Daredevils,GJ Maxwell
Delhi Daredevils,BJ Rohrer
Delhi Daredevils,VR Aaron
Delhi Daredevils,DL Vettori
Delhi Daredevils,AJ Finch
Delhi Daredevils,B Geeves
Delhi Daredevils,JA Morkel
Delhi Daredevils,TA Boult
Delhi Daredevils,M Vijay
Delhi Daredevils,AB Agarkar
Delhi Daredevils,DJ Muthuswami
Delhi Daredevils,MK Tiwary
Delhi Daredevils,VY Mahesh
Delhi Daredevils,Abhishek Sharma
Delhi Daredevils,MA Agarwal
Delhi Daredevils,K Rabada
Delhi Daredevils,CH Morris
Delhi Daredevils,B Chipli
Delhi Daredevils,R Tewatia
Delhi Daredevils,CR Brathwaite
Delhi Daredevils,Mohammed Shami
Delhi Daredevils,R Bhatia
Delhi Daredevils,DAJ Bracewell
Delhi Daredevils,MC Henriques
Delhi Daredevils,KK Nair
Delhi Daredevils,KP Pietersen
Delhi Daredevils,M Morkel
Delhi Daredevils,SW Billings
Delhi Daredevils,KD Karthik
Delhi Daredevils,AB McDonald
Delhi Daredevils,G Gambhir
Delhi Daredevils,GS Sandhu
Delhi Daredevils,KM Jadhav
Delhi Daredevils,MC Juneja
Delhi Daredevils,V Shankar
Delhi Daredevils,JR Hopes
Delhi Daredevils,P Negi
Kings XI Punjab,L Balaji
Kings XI Punjab,Sandeep Sharma
Kings XI Punjab,Mandeep Singh
Kings XI Punjab,CJ Jordan
Kings XI Punjab,Swapnil Singh
Kings XI Punjab,BA Bhatt
Kings XI Punjab,K Gowtham
Kings XI Punjab,CV Varun
Kings XI Punjab,P Sahu
Kings XI Punjab,M Kaif
Kings XI Punjab,KJ Abbott
Kings XI Punjab,SM Curran
Kings XI Punjab,Azhar Mahmood
Kings XI Punjab,YA Abdulla
Kings XI Punjab,Gurkeerat Singh
Kings XI Punjab,S Sreesanth
Kings XI Punjab,Shivam Sharma
Kings XI Punjab,P Kumar
Kings XI Punjab,DJ Hussey
Kings XI Punjab,SN Khan
Kings XI Punjab,AD Mascarenhas
Kings XI Punjab,N Pooran
Kings XI Punjab,J Theron
Kings XI Punjab,Gagandeep Singh
Kings XI Punjab,V Sehwag
Kings XI Punjab,PP Chawla
Kings XI Punjab,BB Sran
Kings XI Punjab,B Lee
Kings XI Punjab,S Sohal
Kings XI Punjab,SD Chitnis
Kings XI Punjab,MM Sharma
Kings XI Punjab,SN Thakur
Kings XI Punjab,GJ Bailey
Kings XI Punjab,EJG Morgan
Kings XI Punjab,CA Pujara
Kings XI Punjab,VRV Singh
Kings XI Punjab,P Dogra
Kings XI Punjab,Mujeeb Ur Rahman
Kings XI Punjab,R McLaren
Kings XI Punjab,SE Marsh
Kings XI Punjab,RS Bopara
Kings XI Punjab,HM Amla
Kings XI Punjab,Harmeet Singh
Kings XI Punjab,MJ Guptill
Kings XI Punjab,KC Cariappa
Kings XI Punjab,AD Nath
Kings XI Punjab,R Ashwin
Kings XI Punjab,RJ Harris
Kings XI Punjab,AR Patel
Kings XI Punjab,MJ Henry
Kings XI Punjab,WA Mota
Kings XI Punjab,T Natarajan
Kings XI Punjab,Karanveer Singh
Kings XI Punjab,Sunny Singh
Kings XI Punjab,TM Srivastava
Kings XI Punjab,Ravi Bishnoi
Kings XI Punjab,F Behardien
Kings XI Punjab,DPMD Jayawardene
Kings XI Punjab,NJ Rimmington
Kings XI Punjab,RS Sodhi
Kings XI Punjab,JDS Neesham
Kings XI Punjab,RR Sarwan
Kings XI Punjab,AJ Tye
Kings XI Punjab,CH Gayle
Kings XI Punjab,M Kartik
Kings XI Punjab,Yuvraj Singh
Kings XI Punjab,DA Miller
Kings XI Punjab,P Dharmani
Kings XI Punjab,T Kohli
Kings XI Punjab,Arshdeep Singh
Kings XI Punjab,PC Valthaty
Kings XI Punjab,R Dhawan
Kings XI Punjab,AB Barath
Kings XI Punjab,IK Pathan
Kings XI Punjab,GJ Maxwell
Kings XI Punjab,JP Faulkner
Kings XI Punjab,VR Aaron
Kings XI Punjab,AJ Finch
Kings XI Punjab,WP Saha
Kings XI Punjab,NS Naik
Kings XI Punjab,Anureet Singh
Kings XI Punjab,MG Johnson
Kings XI Punjab,RR Bose
Kings XI Punjab,I Sharma
Kings XI Punjab,MG Neser
Kings XI Punjab,M Vijay
Kings XI Punjab,M Ashwin
Kings XI Punjab,DJ Hooda
Kings XI Punjab,Bipul Sharma
Kings XI Punjab,P Awana
Kings XI Punjab,RR Powar
Kings XI Punjab,MK Tiwary
Kings XI Punjab,MA Agarwal
Kings XI Punjab,NLTC Perera
Kings XI Punjab,GC Viljoen
Kings XI Punjab,AS Rajpoot
Kings XI Punjab,R Tewatia
Kings XI Punjab,KL Rahul
Kings XI Punjab,SS Cottrell
Kings XI Punjab,L Ablish
Kings XI Punjab,Harpreet Brar
Kings XI Punjab,M Vohra
Kings XI Punjab,Mohammed Shami
Kings XI Punjab,MS Bisla
Kings XI Punjab,BE Hendricks
Kings XI Punjab,R Sathish
Kings XI Punjab,KK Nair
Kings XI Punjab,KD Karthik
Kings XI Punjab,U Kaul
Kings XI Punjab,KC Sangakkara
Kings XI Punjab,P Simran Singh
Kings XI Punjab,K Goel
Kings XI Punjab,LA Pomersbach
Kings XI Punjab,N Saini
Kings XI Punjab,SM Katich
Kings XI Punjab,AM Nayar
Kings XI Punjab,VS Malik
Kings XI Punjab,AC Gilchrist
Kings XI Punjab,SJ Srivastava
Kings XI Punjab,JR Hopes
Kings XI Punjab,MP Stoinis
Kings XI Punjab,MS Gony
Sudur Paschim Royals,SP Jackson
Sudur Paschim Royals,CA Lynn
Sudur Paschim Royals,H Mahara
Sudur Paschim Royals,D Parashar
Sudur Paschim Royals,SA Zaib
Sudur Paschim Royals,Milan Bohara
Sudur Paschim Royals,Mukhtar Ahmed
Sudur Paschim Royals,A Bohara
Sudur Paschim Royals,DS Bajwa
Sudur Paschim Royals,H Dhami
Sudur Paschim Royals,B Bhandari
Sudur Paschim Royals,J Brown
Sudur Paschim Royals,Harmeet Singh
Sudur Paschim Royals,Rohan Mustafa
Sudur Paschim Royals,NB Budayair
Sudur Paschim Royals,Aarif Sheikh
Sudur Paschim Royals,D Bohara
Sudur Paschim Royals,P Mehra
Sudur Paschim Royals,BJ McMullen
Sudur Paschim Royals,SC Kuggeleijn
Sudur Paschim Royals,B Khatri
Sudur Paschim Royals,DS Airee
Sudur Paschim Royals,A Shrestha
Sudur Paschim Royals,N Saud
Sudur Paschim Royals,I Pandey
Lumbini Lions,R Trumpelmann
Lumbini Lions,Gulbadin Naib
Lumbini Lions,M Subasingha
Lumbini Lions,UBT Chand
Lumbini Lions,B Aagri
Lumbini Lions,TJ Moores
Lumbini Lions,S Maharjan
Lumbini Lions,D Gupta
Lumbini Lions,N Dickwella
Lumbini Lions,B Yadav
Lumbini Lions,D Nath
Lumbini Lions,S Jora
Lumbini Lions,RK Paudel
Lumbini Lions,JJ Smit
Lumbini Lions,Sameer Ali
Lumbini Lions,TR Bhandari
Lumbini Lions,A Saud
Lumbini Lions,S Malla
Lumbini Lions,DJM Short
Lumbini Lions,Saad Bin Zafar
Lumbini Lions,D Adhikari
Lumbini Lions,RR Simmonds
Lumbini Lions,Abhishesh Gautam
Lumbini Lions,A Ghiraiya
Lumbini Lions,TJ Draca
Lumbini Lions,Surya Tamang
Lumbini Lions,BCJ Cutting
Finland,Ghulam Abbas Butt
Finland,PUKK Arachchige
Finland,TDF Vehvilainen
Finland,Akhil Arjunan
Finland,NM Salonen
Finland,Raaz Mohammad
Finland,M Chauhan
Finland,E Kuchey
Finland,Ziaur Rehman
Finland,Parveen Kumar
Finland,Mohammad Asaduzzaman
Finland,PF Gallagher
Finland,R Pathak
Finland,Sumit Singh
Finland,H Dassanayake
Finland,T Mulepati
Finland,Junaid Khan
Finland,L Martin
Finland,Jordan O'Brien
Finland,AK Mohan
Finland,MB Tambe
Finland,H Nguyen
Finland,T Leskinen
Finland,Adnan Syed
Finland,M Kojo
Finland,Naveed Shahid
Finland,Malyun Hassan
Finland,M Brasier
Finland,Md Nurul Huda
Finland,M Jenkinson
Finland,Madhawa Basnayaka
Finland,Amjad Sher
Finland,A Pusthay
Finland,Sapan Mehta
Finland,TK Saha
Finland,L Ruane
Finland,P Bhandari
Finland,VS Padhaal
Finland,NG Collins
Finland,R Khullar
Finland,Faheem Nellancheri
Finland,A Khullar
Finland,Faraaz Mehti Abbas
Finland,D Unhale
Finland,Atif Rasheed
Finland,A Shanmuganathan
Finland,JOP Scamans
Finland,M Saastamoinen
Finland,M Stolt
Finland,H Dandapani
Finland,Areeb Quadir
Finland,S Sheridan
Finland,Shoaib Qureshi
Kochi Tuskers Kerala,DPMD Jayawardene
Kochi Tuskers Kerala,PA Patel
Kochi Tuskers Kerala,BJ Hodge
Kochi Tuskers Kerala,OA Shah
Kochi Tuskers Kerala,NLTC Perera
Kochi Tuskers Kerala,M Klinger
Kochi Tuskers Kerala,P Prasanth
Kochi Tuskers Kerala,RV Gomez
Kochi Tuskers Kerala,RP Singh
Kochi Tuskers Kerala,P Parameswaran
Kochi Tuskers Kerala,S Sreesanth
Kochi Tuskers Kerala,M Muralitharan
Kochi Tuskers Kerala,Y Gnaneswara Rao
Kochi Tuskers Kerala,BB McCullum
Kochi Tuskers Kerala,RA Jadeja
Kochi Tuskers Kerala,B Akhil
Kochi Tuskers Kerala,R Vinay Kumar
Kochi Tuskers Kerala,KM Jadhav
Kochi Tuskers Kerala,VVS Laxman
Kochi Tuskers Kerala,RR Powar
Austria,A Nathwani
Austria,SK Reddy
Austria,MPM Pathirannehelage
Austria,JA Stiglitz
Austria,H Khogiyani
Austria,Umair Tariq
Austria,Abdullah Akbarjan
Austria,Busra Uca
Austria,Ziaurahman Shinwari
Austria,AM Zepeda
Austria,KR Jha
Austria,MPS Cheema
Austria,H Simpson-Parker
Austria,Ebrahim Naseri
Austria,Ahsan Yusuf
Austria,SM Ariyasinghage
Austria,P Talloji
Austria,Habib Ahmadzai
Austria,Amar Naeem
Austria,P Ganeshan
Austria,A Saifee
Austria,Irfan Safi
Austria,Itibarshah Deedar
Austria,K Joshi
Austria,A Randhawa
Austria,Sahel Zadran
Austria,S Bhardwaj
Austria,Adeel Tariq
Austria,N Wijesekera
Austria,Asif Mahmood
Austria,Iqbal Hossain
Austria,Ashi Chopla
Austria,SFS Cheema
Austria,Zeshan Arif
Austria,Prithaa Ganeshan
Austria,Hadia Siddiqui
Austria,V Poglitsch
Austria,EL Kirkman
Austria,Jaweed Sadran
Austria,Rayhaan Ahmed
Austria,LP Kasturiarachchige
Austria,Arsalan Arif
Austria,R Avdylaj
Austria,SB Chamundaiah
Austria,Karanbir Singh
Austria,Waqar Zalmai
Austria,Mansoor Safi
Austria,Abrar Bilal
Austria,J Ghelzai
Austria,Mirza Ahsan
Austria,H Bhullar
Austria,Baseer Khan
Austria,S Kailath
Austria,I Asif
Austria,Aqib Iqbal
Austria,Zeeshan Goraya
Austria,Ranjit Singh
Austria,Razmal Shigiwal
Austria,Bilal Zalmai
Austria,S Subhash
Austria,P Sabu
Austria,Nageebullah Sultanzai
Austria,Shadnan Khan
Austria,M Simpson-Parker
Austria,Q Utmanzai
Austria,T Kazanci
Austria,Shahil Momin
Austria,H Dhaliwal
Austria,Hamid Safi
Austria,V Avdylaj
Austria,Osman Khan
Austria,A Nookala
Uttar Pradesh,Samarth Singh
Uttar Pradesh,Shubham Chaubey
Uttar Pradesh,Upendra Yadav
Uttar Pradesh,Manik Beri
Uttar Pradesh,Ankit Chaudhary
Uttar Pradesh,Sarul Kanwar
Uttar Pradesh,V Nigam
Uttar Pradesh,Abhishek Goswami
Uttar Pradesh,B Kumar
Uttar Pradesh,SK Raina
Uttar Pradesh,AS Rajpoot
Uttar Pradesh,Saurabh Kumar
Uttar Pradesh,Shivam Chaudhary
Uttar Pradesh,ER Dwivedi
Uttar Pradesh,N Rana
Uttar Pradesh,Saurabh Dubey
Uttar Pradesh,Yash Dayal
Uttar Pradesh,Jasmer Dhankhar
Uttar Pradesh,Kuldeep Yadav
Uttar Pradesh,Sameer Rizvi
Uttar Pradesh,Zeeshan Ansari
Uttar Pradesh,Bobby Yadav
Uttar Pradesh,Shanu Saini
Uttar Pradesh,Umang Sharma
Uttar Pradesh,Aryan Juyal
Uttar Pradesh,AD Nath
Uttar Pradesh,Shivam Sharma
Uttar Pradesh,Shivam Mavi
Uttar Pradesh,PR Veer
Uttar Pradesh,Aaqib Khan
Uttar Pradesh,Hardeep Singh
Uttar Pradesh,Mohd Israr
Uttar Pradesh,Mohsin Khan (2)
Uttar Pradesh,Shiva Singh
Uttar Pradesh,Sameer Choudhary
Uttar Pradesh,Kartik Tyagi
Uttar Pradesh,Nalin Mishra
Uttar Pradesh,P Kumar
Uttar Pradesh,SN Khan
Uttar Pradesh,KS Sharma
Uttar Pradesh,V Panwar
Uttar Pradesh,Amit Mishra
Uttar Pradesh,Dhruv Jurel
Uttar Pradesh,Mohit Jangra
Uttar Pradesh,D Joshi
Uttar Pradesh,PK Garg
Uttar Pradesh,Prashant Gupta
Uttar Pradesh,PP Chawla
Uttar Pradesh,Madhav Kaushik
Uttar Pradesh,RK Singh
Uttar Pradesh,Mohsin Khan
Puducherry,KD Pandey
Puducherry,Manogaran Pooviarasan
Puducherry,SP Jackson
Puducherry,S Santhosh Kumaran
Puducherry,Pankaj Singh
Puducherry,Ramachandran Ragupathy
Puducherry,Subramanian Anand
Puducherry,Thivagar Gopal
Puducherry,Premraj Rajavelu
Puducherry,Marimuthu Vikneshwaran
Puducherry,Iqlas Naha
Puducherry,Damodaran Rohit
Puducherry,RV Gomez
Puducherry,Akshay Jain
Puducherry,Logesh Prabagaran
Puducherry,P Dogra
Puducherry,P Thamaraikannan
Puducherry,Pavan Deshpande
Puducherry,Vignesh Kannan
Puducherry,A Aravinddaraj
Puducherry,S Karthik
Puducherry,Y Avinash Jadhav
Puducherry,Parameeswaran Sivaraman
Puducherry,X Thalaivan Sargunam
Puducherry,Satish Jangir
Puducherry,Suboth Bhati
Puducherry,Mohit Mittan
Puducherry,Sagar Trivedi
Puducherry,Rohan Suresh
Puducherry,Sagar Udeshi
Puducherry,Ankit Sharma
Puducherry,Fabid Ahmed
Puducherry,M Abin Mathew
Puducherry,KB Arun Karthik
Puducherry,Bharat Sharma
Puducherry,Pratik Sargade
Puducherry,Ashith Rajiv
Puducherry,AA Kargave
Puducherry,Jayaprakash Manikandan
Puducherry,Suresh Kumar
Puducherry,R Vinay Kumar
Puducherry,Santha Moorthy
Puducherry,Raghu Sharma
Munster Reds,A Hickey
Munster Reds,CMJ McLoughlin-Gavin
Munster Reds,EJ Richardson
Munster Reds,K Hilton
Munster Reds,H Dyer
Munster Reds,BD McDonough
Munster Reds,MC Sorensen
Munster Reds,S Modgil
Munster Reds,R Joyce
Munster Reds,AR Frost
Munster Reds,R Anders
Munster Reds,A Cawley
Munster Reds,OG Metcalfe
Munster Reds,JB Tector
Munster Reds,C Egerton
Munster Reds,ND Laegsgaard
Munster Reds,J Manley
Munster Reds,KJ O'Brien
Munster Reds,GJ Delany
Munster Reds,M Frost
Munster Reds,ML Granger
Munster Reds,BF Calitz
Munster Reds,J Grassi
Munster Reds,SF Grobler
Munster Reds,Bakhtyar Nabi
Munster Reds,N Pretorius
Munster Reds,Yaqoob Ali
Munster Reds,CJB McCullough
Munster Reds,JL Lawlor
Munster Reds,MT Foster
Munster Reds,Zubair Khan
Munster Reds,RD Hunter
Munster Reds,HT Tector
Munster Reds,S McNicholl
Munster Reds,G King
Munster Reds,Muhammad Sadique
Munster Reds,M Commins
Munster Reds,Arslan Anwar
Munster Reds,ST Doheny
Munster Reds,Suliman Safi
Munster Reds,NJ McGuire
Munster Reds,TH Tector
Munster Reds,S Jones
Munster Reds,T Anders
Munster Reds,J Carty
Munster Reds,M Ford
Munster Reds,J Barnes
Munster Reds,G Ford
Munster Reds,PL le Roux
Munster Reds,O Riley
Munster Reds,TE Kane
Munster Reds,M Weldon
Munster Reds,PJ Moor
Munster Reds,F Hand
Munster Reds,RJ Forrest
Munster Reds,M Neville
Munster Reds,FH Catherwood
Munster Reds,D Carey
Munster Reds,L McCarthy
Munster Reds,JM Dickson
Munster Reds,J Neill
Munster Reds,C Campher
Munster Reds,P Francis
Munster Reds,DC Delany
Munster Reds,JC McNally
Munster Reds,NA Rock
Munster Reds,JTA Benton
Munster Reds,O Gunning
Munster Reds,R Jones
Munster Reds,M Bauer
Munster Reds,Awais Saghir
Munster Reds,C Fletcher
Munster Reds,B Kruger
Munster Reds,C Hassett
Munster Reds,JJ Garth
Munster Reds,A Sidhu
Munster Reds,B White
Munster Reds,MJ Brewster
Munster Reds,S Lynch
Munster Reds,MR Thompson
Munster Reds,M Andrianatos
Leinster Lightning,DC Delany
Leinster Lightning,J Grassi
Leinster Lightning,J Carty
Leinster Lightning,D Lues
Leinster Lightning,J Little
Leinster Lightning,RN Gamble
Leinster Lightning,M Ford
Leinster Lightning,JC McNally
Leinster Lightning,CMJ McLoughlin-Gavin
Leinster Lightning,JL Hollard
Leinster Lightning,G Ford
Leinster Lightning,M Deveraj
Leinster Lightning,C De Freitas
Leinster Lightning,A Balbirnie
Leinster Lightning,PL le Roux
Leinster Lightning,BJ McCarthy
Leinster Lightning,T Dempsey
Leinster Lightning,O Riley
Leinster Lightning,T Stanton
Leinster Lightning,M Cosgrave
Leinster Lightning,TE Kane
Leinster Lightning,EJ Richardson
Leinster Lightning,Yaqoob Ali
Leinster Lightning,AD Poynter
Leinster Lightning,FP McAllister
Leinster Lightning,MC Sorensen
Leinster Lightning,A Rosslee
Leinster Lightning,JJ Garth
Leinster Lightning,G Hoey
Leinster Lightning,F Hand
Leinster Lightning,PKD Chase
Leinster Lightning,A Sheridan
Leinster Lightning,D Murray
Leinster Lightning,S Modgil
Leinster Lightning,Muzamil Sherzad
Leinster Lightning,J Moondra
Leinster Lightning,HT Tector
Leinster Lightning,A Sidhu
Leinster Lightning,MK Patel
Leinster Lightning,Nasir Totakhil
Leinster Lightning,N Stapleton
Leinster Lightning,MK Hollard
Leinster Lightning,Younas Ahmadzai
Leinster Lightning,DI Joyce
Leinster Lightning,GH Dockrell
Leinster Lightning,S McNicholl
Leinster Lightning,R Wilson
Leinster Lightning,R Anders
Leinster Lightning,SJ Harbinson
Leinster Lightning,L Tucker
Leinster Lightning,DJ O'Halloran
Leinster Lightning,ST Doheny
Leinster Lightning,EC Joyce
Leinster Lightning,JB Tector
Leinster Lightning,Abidullah Taniwal
Leinster Lightning,SP Terry
Leinster Lightning,R Mudford
Leinster Lightning,TS Lawson
Leinster Lightning,TH Tector
Leinster Lightning,M O'Reilly
Leinster Lightning,S Willemse
Leinster Lightning,KJ O'Brien
Leinster Lightning,J Newland
Leinster Lightning,GJ Delany
Leinster Lightning,Simi Singh
Leinster Lightning,J Anderson
Leinster Lightning,J Lalor
Leinster Lightning,M Donegan
Leinster Lightning,S Lynch
Leinster Lightning,MR Thompson
Leinster Lightning,J Carroll
Leinster Lightning,C Campher
Essex,JS Foster
Essex,RH Patel
Essex,RN ten Doeschate
Essex,KK Ahmed
Essex,T Westley
Essex,SJ Cook
Essex,PI Walter
Essex,HG Duke
Essex,FIN Khushi
Essex,AH Maqsood
Essex,J Grewcock
Essex,KL Coppack
Essex,TJ Phillips
Essex,MT Coles
Essex,TS Mills
Essex,Wahab Riaz
Essex,M Blinkhorn-Jones
Essex,MW Dixon
Essex,AM Rossington
Essex,OJ Newby
Essex,A Zampa
Essex,Adeel Malik
Essex,NRM Thain
Essex,S Munro
Essex,MT Steketee
Essex,PWA Mulder
Essex,TR Craddock
Essex,CJ Taylor
Essex,Aaron Beard
Essex,GR Napier
Essex,L Heap
Essex,GM Smith
Essex,M Penna
Essex,SML Fernandes
Essex,RG White
Essex,A Dowse
Essex,RS Bopara
Essex,F Miller
Essex,DD Masters
Essex,E Gray
Essex,UT Yadav
Essex,NLJ Browne
Essex,AN Cook
Essex,KS Velani
Essex,CL Griffith
Essex,BT Foakes
Essex,CE Bennett
Essex,Zaman Akhter
Essex,CAK Rajitha
Essex,LA Dawson
Essex,ASS Nijjar
Essex,RJW Topley
Essex,L Winfield-Hill
Essex,WEL Buttleman
Essex,ML Pettini
Essex,JH Plom
Essex,CWJ Allison
Essex,JDS Neesham
Essex,JD Ryder
Essex,D Elgar
Essex,DR Sams
Essex,MR Quinn
Essex,Ashar Zaidi
Essex,Sophia Smale
Essex,MJJ Critchley
Essex,AJA Wheater
Essex,JR Winslade
Essex,EI MacGregor
Essex,JC Mickleburgh
Essex,BJ Webster
Essex,WMH Rhodes
Essex,AJ Macleod
Essex,JS Rymell
Essex,J Gardner
Essex,SW Tait
Essex,E MacGregor
Essex,MW Jones
Essex,RK Patel
Essex,M Vijay
Essex,SR Harmer
Essex,MET Salisbury
Essex,S Snater
Essex,C Campher
Essex,BMJ Allison
Essex,E Bosch
Essex,AD Carr
Essex,JA Porter
Essex,Mohammad Amir
Essex,Tamim Iqbal
Essex,G Roelofsen
Essex,DAJ Bracewell
Essex,PM Siddle
Essex,LM Benkenstein
Essex,SI Mahmood
Essex,RL Toole
Essex,N Wagner
Essex,TC Moore
Essex,G Scrivens
Essex,JA Richards
Essex,CS Delport
Essex,MS Pepper
Essex,MS Panesar
Essex,Tanveer Sikandar
Essex,V Chopra
Essex,RJ Das
Essex,DW Lawrence
Essex,JM Cox
Hampshire,SA Northeast
Hampshire,WR Smith
Hampshire,GT Griffiths
Hampshire,AJ Neal
Hampshire,DJG Sammy
Hampshire,OP Rayner
Hampshire,S Baker
Hampshire,D Brevis
Hampshire,JM Bird
Hampshire,KJ Abbott
Hampshire,ML Sturge
Hampshire,HWR Cartwright
Hampshire,AR Adams
Hampshire,H Hardwick
Hampshire,JS Lehmann
Hampshire,Yasir Arafat
Hampshire,A Carter
Hampshire,MT Coles
Hampshire,FH Edwards
Hampshire,BJ McMullen
Hampshire,TAR Scriven
Hampshire,GL Adams
Hampshire,TJ Prest
Hampshire,A Lee
Hampshire,OA Shah
Hampshire,GJ Bailey
Hampshire,TP Alsop
Hampshire,RA Whiteley
Hampshire,GM Andrew
Hampshire,CA Lynn
Hampshire,CM Dickinson
Hampshire,MA Carberry
Hampshire,JJ Weatherley
Hampshire,C Munro
Hampshire,DC Kelly
Hampshire,LCN Smith
Hampshire,TE Albert
Hampshire,DW Steyn
Hampshire,Mujeeb Ur Rahman
Hampshire,LD McManus
Hampshire,R McLaren
Hampshire,BR McDermott
Hampshire,AK Markram
Hampshire,HM Amla
Hampshire,JOI Campbell
Hampshire,DJ Wainwright
Hampshire,TL Best
Hampshire,FG Kemp
Hampshire,JHK Adams
Hampshire,CG Harrison
Hampshire,BMR Akram
Hampshire,J Goodwin
Hampshire,EV Jack
Hampshire,MD Stoneman
Hampshire,SM Ervine
Hampshire,LA Dawson
Hampshire,PG Tulloch
Hampshire,SW Currie
Hampshire,RJW Topley
Hampshire,Codi Yusuf
Hampshire,RR Rossouw
Hampshire,C de Grandhomme
Hampshire,BTJ Wheal
Hampshire,NJ Rimmington
Hampshire,Mohammad Abbas
Hampshire,AHT Donald
Hampshire,JA Tomlinson
Hampshire,EA Perry
Hampshire,Shaheen Shah Afridi
Hampshire,AS Dale
Hampshire,JB Lintott
Hampshire,Washington Sundar
Hampshire,HRC Came
Hampshire,AJA Wheater
Hampshire,FS Middleton
Hampshire,JK Fuller
Hampshire,MLL Taylor
Hampshire,A Norgrove
Hampshire,AM Rahane
Hampshire,BR Hampton
Hampshire,BJ Taylor
Hampshire,DJ Balcombe
Hampshire,CP Wood
Hampshire,Imran Tahir
Hampshire,N Harman
Hampshire,GJ Maxwell
Hampshire,SP Terry
Hampshire,KHD Barker
Hampshire,DJM Short
Hampshire,HG Munsey
Hampshire,RA Stevenson
Hampshire,MG Neser
Hampshire,Tilak Varma
Hampshire,TE Barber
Hampshire,MS Crane
Hampshire,F Sweet
Hampshire,A Wellington
Hampshire,ME Bouchier
Hampshire,MET Salisbury
Hampshire,LK Bell
Hampshire,Shahid Afridi
Hampshire,CR Knott
Hampshire,BC Fortuin
Hampshire,BC Brown
Hampshire,CH Morris
Hampshire,T Shamsi
Hampshire,FS Organ
Hampshire,FR Davies
Hampshire,R Southby
Hampshire,BAC Howell
Hampshire,OC Soames
Hampshire,ND Dattani
Hampshire,GK Berg
Hampshire,LG Pretorius
Hampshire,JM Vince
Hampshire,EM McCaughan
Hampshire,AGH Orr
Hampshire,DR Briggs
Hampshire,JA Turner
Hampshire,R Tyson
Hampshire,NRT Gubbins
Hampshire,DJ Gibb
Hampshire,IG Holland
Hampshire,JS Gatting
Hampshire,CT Steel
Hampshire,MD Bates
Hampshire,JR Eckland
Hampshire,BA Mayes
Hampshire,M Lumsden
Hampshire,NT Ellis
Sussex,JM Coles
Sussex,Rashid Khan
Sussex,OE Robinson
Sussex,KMDN Kulasekara
Sussex,CJ Jordan
Sussex,HD Ward
Sussex,ME Hobden
Sussex,JC Archer
Sussex,WAT Beer
Sussex,Faheem Ashraf
Sussex,LJ Evans
Sussex,BJ Currie
Sussex,AP Barton
Sussex,JD Warner
Sussex,Yasir Arafat
Sussex,J Lewis
Sussex,TS Mills
Sussex,LWP Wells
Sussex,HB Shipley
Sussex,JA Brooks
Sussex,LJ Hatchett
Sussex,Mohammad Rizwan
Sussex,TGR Clark
Sussex,JD Unadkat
Sussex,RJ Hamilton-Brown
Sussex,GD Burrows
Sussex,JP Sarro
Sussex,GJ Bailey
Sussex,TP Alsop
Sussex,Aaron Beard
Sussex,DMW Rawlins
Sussex,ME Claydon
Sussex,CA Pujara
Sussex,SC Meaker
Sussex,G Stewart
Sussex,JPH Hayes
Sussex,JC Tredwell
Sussex,CAL Davis
Sussex,HZ Finch
Sussex,RS Bopara
Sussex,FJ Hudson-Prentice
Sussex,JOI Campbell
Sussex,JE Taylor
Sussex,GHS Garton
Sussex,JA Leaning
Sussex,TI Hinley
Sussex,PD Salt
Sussex,TL Seifert
Sussex,C Tear
Sussex,RJW Topley
Sussex,JJ Carson
Sussex,JE Anyon
Sussex,AT Carey
Sussex,DPMD Jayawardene
Sussex,Shadab Khan
Sussex,TE Linley
Sussex,A Karvelas
Sussex,AD Thomason
Sussex,HT Crocombe
Sussex,Craig Cachopa
Sussex,Ashar Zaidi
Sussex,CJ Liddle
Sussex,JR Philippe
Sussex,DP Hughes
Sussex,JP Behrendorff
Sussex,CD Nash
Sussex,AJ Robson
Sussex,EO Hooper
Sussex,SPD Smith
Sussex,MW Machan
Sussex,OJ Carter
Sussex,GW Thomas
Sussex,Mustafizur Rahman
Sussex,LRPL Taylor
Sussex,WA Sheffield
Sussex,GH Dockrell
Sussex,EC Joyce
Sussex,D Ibrahim
Sussex,JA Atkins
Sussex,I Sharma
Sussex,MJ Prior
Sussex,SG Whittingham
Sussex,AC Lenham
Sussex,MS Crane
Sussex,AM Foreman
Sussex,ZB Lion-Cachet
Sussex,A Sakande
Sussex,HP Rogers
Sussex,TDA Henry
Sussex,Mir Hamza
Sussex,SA Piolet
Sussex,SJ Magoffin
Sussex,BC Brown
Sussex,A Shahzad
Sussex,AC Thomas
Sussex,TC Bruce
Sussex,OC McCoy
Sussex,JA Simpson
Sussex,D Wiese
Sussex,AGH Orr
Sussex,CS MacLeod
Sussex,DR Briggs
Sussex,MH Yardy
Sussex,S van Zyl
Sussex,PI Burgoyne
Sussex,CF Jackson
Sussex,N McAndrew
Sussex,TM Head
Sussex,DJ Lamb
Sussex,JNT Seales
Sussex,TJ Price
Sussex,SF Hunt
Sussex,LJ Wright
Sussex,V Chopra
Sussex,MGK Burgess
Sussex,GS Sandhu
Sussex,TJ Haines
Sussex,VD Philander
Sussex,ST Finn
Islamabad United,Mohammad Sami
Islamabad United,Imran Khalid
Islamabad United,Sahibzada Farhan
Islamabad United,Umar Amin
Islamabad United,Muhammad Musa
Islamabad United,BM Duckett
Islamabad United,UT Khawaja
Islamabad United,Hassan Nawaz
Islamabad United,Hunain Shah
Islamabad United,Mohammad Huraira
Islamabad United,M de Lange
Islamabad United,Azhar Mahmood
Islamabad United,MS Chapman
Islamabad United,Faheem Ashraf
Islamabad United,Ahmed Safi Abdullah
Islamabad United,Mubasir Khan
Islamabad United,Saeed Ajmal
Islamabad United,Khalid Latif
Islamabad United,DR Smith
Islamabad United,Abrar Ahmed
Islamabad United,IR Bell
Islamabad United,CA Ingram
Islamabad United,AGS Gous
Islamabad United,TS Mills
Islamabad United,Rohail Nazir
Islamabad United,TK Curran
Islamabad United,Waqas Maqsood
Islamabad United,N Pooran
Islamabad United,Nasir Nawaz
Islamabad United,CJ Green
Islamabad United,Haider Ali
Islamabad United,DP Conway
Islamabad United,Azam Khan
Islamabad United,C Munro
Islamabad United,Mohammad Wasim
Islamabad United,Danish Aziz
Islamabad United,DW Steyn
Islamabad United,PR Stirling
Islamabad United,Babar Azam
Islamabad United,Muhammad Shahzad
Islamabad United,MJ Guptill
Islamabad United,Hasan Ali
Islamabad United,Sharjeel Khan
Islamabad United,RJ Gleeson
Islamabad United,Zahid Mahmood
Islamabad United,BJ Haddin
Islamabad United,Misbah-ul-Haq
Islamabad United,PD Salt
Islamabad United,LA Dawson
Islamabad United,HE van der Dussen
Islamabad United,KR Mayers
Islamabad United,JP Duminy
Islamabad United,SR Patel
Islamabad United,Kamran Ghulam
Islamabad United,AD Russell
Islamabad United,Agha Salman
Islamabad United,Shadab Khan
Islamabad United,AD Hales
Islamabad United,CAK Walton
Islamabad United,JDS Neesham
Islamabad United,MW Forde
Islamabad United,Sohaib Maqsood
Islamabad United,Mohammad Irfan
Islamabad United,Ashar Zaidi
Islamabad United,DJ Malan
Islamabad United,Mohammad Faiq
Islamabad United,Salman Mirza
Islamabad United,Fazalhaq Farooqi
Islamabad United,WD Parnell
Islamabad United,Mohammad Hasnain
Islamabad United,Ghazi Ghori
Islamabad United,L Gregory
Islamabad United,Rafatullah Mohmand
Islamabad United,Imad Wasim
Islamabad United,Akif Javed
Islamabad United,Mohsin Riaz
Islamabad United,S Badree
Islamabad United,Sameer Minhas
Islamabad United,Asif Ali
Islamabad United,Zohaib Khan
Islamabad United,Iftikhar Ahmed
Islamabad United,WG Jacks
Islamabad United,Rumman Raees
Islamabad United,Rizwan Hussain
Islamabad United,JO Holder
Islamabad United,Naseem Shah
Islamabad United,Salman Irshad
Islamabad United,Athar Mahmood
Islamabad United,Muhammad Akhlaq
Islamabad United,Amad Butt
Islamabad United,OC McCoy
Islamabad United,Ubaid Shah
Islamabad United,L Ronchi
Islamabad United,Rahmanullah Gurbaz
Islamabad United,SR Watson
Islamabad United,Mehran Mumtaz
Islamabad United,Zeeshan Zameer
Islamabad United,SW Billings
Islamabad United,BJ Dwarshuis
Islamabad United,Zafar Gohar
Islamabad United,Saad Masood
Islamabad United,RP Meredith
Islamabad United,Hussain Talat
Islamabad United,Mohammad Nawaz
Islamabad United,CS Delport
Islamabad United,Ali Khan
Islamabad United,Zahir Khan
Islamabad United,BA King
Islamabad United,Fawad Ahmed
Islamabad United,JM Cox
Islamabad United,ST Finn
Manchester Originals,DA Douthwaite
Manchester Originals,KL George
Manchester Originals,PI Walter
Manchester Originals,Noor Ahmad
Manchester Originals,S Baker
Manchester Originals,CN Ackermann
Manchester Originals,AE Dyson
Manchester Originals,Farhan Ahmed
Manchester Originals,M Gaur
Manchester Originals,MS Chapman
Manchester Originals,LJ Evans
Manchester Originals,T Stubbs
Manchester Originals,KJ Garth
Manchester Originals,AC Kerr
Manchester Originals,H Kaur
Manchester Originals,D Mullan
Manchester Originals,A Hartley
Manchester Originals,JM Anderson
Manchester Originals,IS Sodhi
Manchester Originals,BA Raine
Manchester Originals,BS McKinney
Manchester Originals,MDE Holden
Manchester Originals,JC Tongue
Manchester Originals,J Little
Manchester Originals,C Munro
Manchester Originals,D Gregory
Manchester Originals,KL Cross
Manchester Originals,MF Hurst
Manchester Originals,EL Lamb
Manchester Originals,TW Hartley
Manchester Originals,BL Mooney
Manchester Originals,TA Lammonby
Manchester Originals,GHS Garton
Manchester Originals,RJ Gleeson
Manchester Originals,CG Harrison
Manchester Originals,MT Stanley
Manchester Originals,CL Griffith
Manchester Originals,PD Salt
Manchester Originals,TH Aspinwall
Manchester Originals,LMM Tahuhu
Manchester Originals,SW Currie
Manchester Originals,M du Preez
Manchester Originals,SR Hain
Manchester Originals,AD Russell
Manchester Originals,KE Bryce
Manchester Originals,L Wolvaardt
Manchester Originals,EA Burns
Manchester Originals,JM Clarke
Manchester Originals,L Filer
Manchester Originals,AE Satterthwaite
Manchester Originals,WL Madsen
Manchester Originals,E Threlkeld
Manchester Originals,R Ravindra
Manchester Originals,EI MacGregor
Manchester Originals,FMK Morris
Manchester Originals,Fazalhaq Farooqi
Manchester Originals,DJS Dottin
Manchester Originals,L Gregory
Manchester Originals,HE Jones
Manchester Originals,Usama Mir
Manchester Originals,AZ Monaghan
Manchester Originals,A Campbell
Manchester Originals,A Wellington
Manchester Originals,S Ecclestone
Manchester Originals,Zaman Khan
Manchester Originals,E Jones
Manchester Originals,Sikandar Raza
Manchester Originals,AD Carr
Manchester Originals,G Potts
Manchester Originals,SA Abbott
Manchester Originals,CR Brathwaite
Manchester Originals,S Smale
Manchester Originals,PC Graham
Manchester Originals,H Klaasen
Manchester Originals,L Jackson
Manchester Originals,MW Parkinson
Manchester Originals,GEB Boyce
Manchester Originals,N Brown
Manchester Originals,J Hull
Manchester Originals,AJ Turner
Manchester Originals,J Overton
Manchester Originals,LH Ferguson
Manchester Originals,L Lee
Manchester Originals,JC Buttler
Manchester Originals,FJ Klaassen
Manchester Originals,ST Finn
Trent Rockets,Rashid Khan
Trent Rockets,M Kelly
Trent Rockets,OE Robinson
Trent Rockets,KL George
Trent Rockets,SJ Cook
Trent Rockets,JA Thompson
Trent Rockets,M de Lange
Trent Rockets,LF Higham
Trent Rockets,NR Sciver-Brunt
Trent Rockets,J Grewcock
Trent Rockets,AJ Hosein
Trent Rockets,H Kaur
Trent Rockets,CF Parkinson
Trent Rockets,M Carter
Trent Rockets,A Gardner
Trent Rockets,GK Davis
Trent Rockets,Wahab Riaz
Trent Rockets,Rehan Ahmed
Trent Rockets,IS Sodhi
Trent Rockets,T Kohler-Cadmore
Trent Rockets,A Stonehouse
Trent Rockets,KH Sciver-Brunt
Trent Rockets,T van der Gugten
Trent Rockets,S Munro
Trent Rockets,MDE Holden
Trent Rockets,CJ Green
Trent Rockets,BW Sanderson
Trent Rockets,TP Alsop
Trent Rockets,RA Whiteley
Trent Rockets,A King
Trent Rockets,C Munro
Trent Rockets,AJ Freeborn
Trent Rockets,FC Wilson
Trent Rockets,T Graves
Trent Rockets,CG Harrison
Trent Rockets,BF Smith
Trent Rockets,KH Brunt
Trent Rockets,L Wood
Trent Rockets,SJ Johnson
Trent Rockets,DY Pennington
Trent Rockets,M du Preez
Trent Rockets,SR Patel
Trent Rockets,SR Hain
Trent Rockets,OB Cox
Trent Rockets,AD Hales
Trent Rockets,KE Bryce
Trent Rockets,TJ Moores
Trent Rockets,DR Sams
Trent Rockets,A Lyth
Trent Rockets,R Powell
Trent Rockets,DJ Malan
Trent Rockets,EJ Villani
Trent Rockets,E Threlkeld
Trent Rockets,GF Linde
Trent Rockets,DJ Willey
Trent Rockets,J Gardner
Trent Rockets,L Gregory
Trent Rockets,N Harman
Trent Rockets,Imad Wasim
Trent Rockets,S Glenn
Trent Rockets,DJM Short
Trent Rockets,NR Sciver
Trent Rockets,ML Kirk
Trent Rockets,T Banton
Trent Rockets,E Jones
Trent Rockets,JE Root
Trent Rockets,NAJ Wraith
Trent Rockets,IA Cockbain
Trent Rockets,RH Priest
Trent Rockets,T Shamsi
Trent Rockets,G Potts
Trent Rockets,LJ Fletcher
Trent Rockets,CM McCarthy
Trent Rockets,ND Dattani
Trent Rockets,JA Turner
Trent Rockets,J Groves
Trent Rockets,SJ Mullaney
Trent Rockets,G Scrivens
Trent Rockets,H Graham
Trent Rockets,E Windsor
Trent Rockets,KL Gordon
Trent Rockets,LH Ferguson
Trent Rockets,L Lee
Trent Rockets,AJ Hose
Trent Rockets,MP Stoinis
Barbados Tridents,JO Holder
Barbados Tridents,Rashid Khan
Barbados Tridents,AD Hales
Barbados Tridents,ST Gabriel
Barbados Tridents,EJG Morgan
Barbados Tridents,T Webster
Barbados Tridents,SD Hope
Barbados Tridents,JK Lalor
Barbados Tridents,DK Jacobs
Barbados Tridents,Mohammad Irfan
Barbados Tridents,WKD Perkins
Barbados Tridents,Ahmed Shehzad
Barbados Tridents,JP Greaves
Barbados Tridents,KA Pollard
Barbados Tridents,RS Primus
Barbados Tridents,M de Lange
Barbados Tridents,RJ Peterson
Barbados Tridents,Azhar Mahmood
Barbados Tridents,AR Nurse
Barbados Tridents,DC Drakes
Barbados Tridents,Shoaib Malik
Barbados Tridents,SPD Smith
Barbados Tridents,HF Gurney
Barbados Tridents,KJ Harding
Barbados Tridents,CR Brathwaite
Barbados Tridents,SSJ Brooks
Barbados Tridents,D Wiese
Barbados Tridents,NRJ Young
Barbados Tridents,HM Amla
Barbados Tridents,AJ Hosein
Barbados Tridents,MJ Guptill
Barbados Tridents,KA Edwards
Barbados Tridents,CJ Anderson
Barbados Tridents,KS Williamson
Barbados Tridents,TL Best
Barbados Tridents,MJ Santner
Barbados Tridents,SO Dowrich
Barbados Tridents,ND Stewart
Barbados Tridents,SR Taylor
Barbados Tridents,EMDY Munaweera
Barbados Tridents,DR Smith
Barbados Tridents,WD Parnell
Barbados Tridents,RA Reifer
Barbados Tridents,RR Emrit
Barbados Tridents,LS Boucher
Barbados Tridents,D Bishoo
Barbados Tridents,J Bishop
Barbados Tridents,Misbah-ul-Haq
Barbados Tridents,KA Hope
Barbados Tridents,S Lamichhane
Barbados Tridents,Wahab Riaz
Barbados Tridents,S Sohal
Barbados Tridents,Shayan Jahangir
Barbados Tridents,AB de Villiers
Barbados Tridents,I Khan
Barbados Tridents,RL Chase
Barbados Tridents,PD Salt
Barbados Tridents,BMAJ Mendis
Barbados Tridents,SK Springer
Barbados Tridents,KAM Corbin
Barbados Tridents,JL Carter
Barbados Tridents,N Pooran
Barbados Tridents,Shakib Al Hasan
Barbados Tridents,CK Holder
Barbados Tridents,KR Mayers
Barbados Tridents,CD Barnwell
Barbados Tridents,ND McKenzie
Barbados Tridents,Umar Akmal
Barbados Tridents,J Charles
Barbados Tridents,HR Walsh
Barbados Tridents,RA Wiggins
Barbados Tridents,R Rampaul
Barbados Tridents,JP Duminy
The Blaze,E Jones
The Blaze,KE Bryce
The Blaze,ML Green
The Blaze,M Kelly
The Blaze,AE Jones
The Blaze,CM McCarthy
The Blaze,LF Higham
The Blaze,NR Sciver-Brunt
The Blaze,PV Thanawala
The Blaze,E Claridge
The Blaze,Emma Jones
The Blaze,T Graves
The Blaze,O Prendergast
The Blaze,J Groves
The Blaze,B Harmer
The Blaze,N de Klerk
The Blaze,CN Phillips
The Blaze,D Mullan
The Blaze,SJ Bryce
The Blaze,GA Elwiss
The Blaze,TT Beaumont
The Blaze,GEB Boyce
The Blaze,G Ballinger
The Blaze,H Graham
The Blaze,S Glenn
The Blaze,B Gammon
The Blaze,KL Gordon
The Blaze,Marie Kelly
The Blaze,ML Kirk
The Blaze,L Lee
The Blaze,S Munro
Maldives,Shaof Hassan
Maldives,Ahmed Jamaal
Maldives,Ibrahim Nashath
Maldives,Aishath Meesa Rameez
Maldives,Azin Rafeeg
Maldives,KTK Rodrigo
Maldives,Hawwa Shaaiqa
Maldives,Hawwa Ifasha
Maldives,Leen Luthufee
Maldives,Afzal Faiz
Maldives,Mohamed Rishwan
Maldives,Shamma Ali
Maldives,Mohamed Saafee
Maldives,IGTR Kumara
Maldives,Maaha Naseer
Maldives,Ahmed Hassan
Maldives,Latsha Haleemath
Maldives,WJ Malinda
Maldives,Nabaa Naseem
Maldives,Ali Ivan
Maldives,Abdullah Shahid
Maldives,Umar Adam
Maldives,Muawiyath Ghanee
Maldives,Neesham Nasir
Maldives,Adam Khalaf
Maldives,Kinaanath Ismail
Maldives,Ahmed Raid
Maldives,Mohamed Miuvaan
Maldives,Zoona Mariyam
Maldives,Hamza Niyaz
Maldives,Mohamed Ishmath
Maldives,Shafraz Jaleel
Maldives,CA Liyanage
Maldives,S Saeed
Maldives,Mohamed Azzam
Maldives,Mohamed Shiyam
Maldives,Mabsar Abdulla
Maldives,Fathimath Malha
Maldives,L Shafeeg
Maldives,Eashal Ibrahim
Maldives,Hafsaa Abdhulla
Maldives,Mohamed Mahfooz
Maldives,Aima Aishath
Maldives,Shaffaa Saleem
Maldives,Fathimath Anaal
Maldives,Shunan Ali
Maldives,Ibrahim Rizan
Maldives,Mihusan Hamid
Maldives,Nazwan Ismail
Maldives,Rasheed Rassam
Maldives,MNR Cooray
Maldives,Sajaa Fathimath
Maldives,Ameel Mauroof
Maldives,Sumayya Abdul
Maldives,GPK Wijesingha
Maldives,Hassan Rasheed
Maldives,Azyan Farhath
Maldives,Ahmed Faiz
Maldives,Ismail Ali
Maldives,Ibrahim Hassan
Cape Town Blitz,SSB Magala
Cape Town Blitz,LS Livingstone
Cape Town Blitz,MP Siboto
Cape Town Blitz,MJ Ackerman
Cape Town Blitz,A Mgijima
Cape Town Blitz,N Burger
Cape Town Blitz,DJ Malan
Cape Town Blitz,DL Piedt
Cape Town Blitz,A Gqamane
Cape Town Blitz,BS Makhanya
Cape Town Blitz,DW Steyn
Cape Town Blitz,Q de Kock
Cape Town Blitz,AL Phehlukwayo
Cape Town Blitz,GF Linde
Cape Town Blitz,A Nortje
Cape Town Blitz,FD Adams
Cape Town Blitz,JF Smith
Cape Town Blitz,Wahab Riaz
Cape Town Blitz,Hussain Talat
Cape Town Blitz,Mohammad Nawaz
Cape Town Blitz,K Verreynne
Cape Town Blitz,MM Ali
Cape Town Blitz,Asif Ali
Cape Town Blitz,JN Malan
Cape Town Blitz,DG Bedingham
Cape Town Blitz,VD Philander
Cape Town Blitz,F Behardien
Cape Town Blitz,G Mahlokwana
Jozi Stars,G Coetzee
Jozi Stars,K Rabada
Jozi Stars,E Leie
Jozi Stars,CH Gayle
Jozi Stars,D Paterson
Jozi Stars,RD Rickelton
Jozi Stars,D Olivier
Jozi Stars,DJ Vilas
Jozi Stars,Shoaib Malik
Jozi Stars,GJ Snyman
Jozi Stars,PJ van Biljon
Jozi Stars,Z Pongolo
Jozi Stars,BE Hendricks
Jozi Stars,DT Christian
Jozi Stars,D Potgieter
Jozi Stars,LB Williams
Jozi Stars,WJ Lubbe
Jozi Stars,HE van der Dussen
Jozi Stars,CP Savage
Jozi Stars,RR Hendricks
Jozi Stars,S Qeshile
Jozi Stars,D Pretorius
Jozi Stars,SR Harmer
Jozi Stars,T Bavuma
Jozi Stars,AM Phangiso
Sydney Thunder,CP Tremain
Sydney Thunder,AP Devcich
Sydney Thunder,KR Patterson
Sydney Thunder,AC Jayangani
Sydney Thunder,UT Khawaja
Sydney Thunder,JK Lalor
Sydney Thunder,CJ Jordan
Sydney Thunder,AP O'Connor
Sydney Thunder,JS Floros
Sydney Thunder,DA Warner
Sydney Thunder,SL Bates
Sydney Thunder,LA Doran
Sydney Thunder,Azhar Mahmood
Sydney Thunder,T Peschel
Sydney Thunder,LW Feldman
Sydney Thunder,JR Doran
Sydney Thunder,RGL Carters
Sydney Thunder,H Kaur
Sydney Thunder,JS Lenton
Sydney Thunder,HJ Darlington
Sydney Thunder,M Gilkes
Sydney Thunder,CJ Koski
Sydney Thunder,HC Knight
Sydney Thunder,SL Rainbird
Sydney Thunder,FH Edwards
Sydney Thunder,RR Pawson
Sydney Thunder,SJ Coyte
Sydney Thunder,TD Cruickshank
Sydney Thunder,JJS Sangha
Sydney Thunder,T Kohler-Cadmore
Sydney Thunder,CA Philipson
Sydney Thunder,A Zampa
Sydney Thunder,Nida Dar
Sydney Thunder,CJ Green
Sydney Thunder,GL Adams
Sydney Thunder,AF Milne
Sydney Thunder,S Horley
Sydney Thunder,TM Dilshan
Sydney Thunder,CR Woakes
Sydney Thunder,EJG Morgan
Sydney Thunder,PJ Cummins
Sydney Thunder,RJ Gibson
Sydney Thunder,T Wilson
Sydney Thunder,S Ismail
Sydney Thunder,SJC Keen
Sydney Thunder,DLR Smith
Sydney Thunder,NM Hauritz
Sydney Thunder,Hasrat Gill
Sydney Thunder,JJ Roy
Sydney Thunder,FC Wilson
Sydney Thunder,O Davies
Sydney Thunder,CS Sandri
Sydney Thunder,M Kapp
Sydney Thunder,MJ Guptill
Sydney Thunder,TJ Armstrong
Sydney Thunder,SE Rutherford
Sydney Thunder,CD Hartley
Sydney Thunder,GHS Garton
Sydney Thunder,MJ Cosgrove
Sydney Thunder,JA Davies
Sydney Thunder,CJ Ferguson
Sydney Thunder,G Sutcliffe
Sydney Thunder,EL Arlott
Sydney Thunder,JD Cook
Sydney Thunder,TW Gray
Sydney Thunder,SJ Johnson
Sydney Thunder,LMM Tahuhu
Sydney Thunder,LC Hatcher
Sydney Thunder,RM Farrell
Sydney Thunder,RJW Topley
Sydney Thunder,L Cheatle
Sydney Thunder,ND Bills
Sydney Thunder,RR Rossouw
Sydney Thunder,ML Gibson
Sydney Thunder,AD Russell
Sydney Thunder,Shadab Khan
Sydney Thunder,AD Hales
Sydney Thunder,E Briscoe
Sydney Thunder,RJG Lockyear
Sydney Thunder,K Peterson
Sydney Thunder,AJ Tye
Sydney Thunder,CH Gayle
Sydney Thunder,DR Sams
Sydney Thunder,CJL Rogers
Sydney Thunder,NE Stalenberg
Sydney Thunder,A Learoyd
Sydney Thunder,DP Nannes
Sydney Thunder,DP Hughes
Sydney Thunder,CJ Borgas
Sydney Thunder,CL Hall
Sydney Thunder,P Litchfield
Sydney Thunder,R Trenaman
Sydney Thunder,AC Blizzard
Sydney Thunder,Fazalhaq Farooqi
Sydney Thunder,IECM Wong
Sydney Thunder,HD Weibgen
Sydney Thunder,MEK Hussey
Sydney Thunder,DT Christian
Sydney Thunder,M Hinkley
Sydney Thunder,DJ Willey
Sydney Thunder,Mohammad Hasnain
Sydney Thunder,CT Bancroft
Sydney Thunder,C Moore
Sydney Thunder,L Bowe
Sydney Thunder,BJ Rohrer
Sydney Thunder,DE Bollinger
Sydney Thunder,RL Haynes
Sydney Thunder,EJ Smith
Sydney Thunder,LR Butterworth
Sydney Thunder,AJ Blackwell
Sydney Thunder,AL Fekete
Sydney Thunder,CJ McKay
Sydney Thunder,MJ Prior
Sydney Thunder,R Hadley
Sydney Thunder,PA Bowdler
Sydney Thunder,AI Ross
Sydney Thunder,HM Nicholls
Sydney Thunder,SM Whiteman
Sydney Thunder,Zaman Khan
Sydney Thunder,LK Bell
Sydney Thunder,S Eve
Sydney Thunder,G Voll
Sydney Thunder,JE Root
Sydney Thunder,BJ Holt
Sydney Thunder,T Sangha
Sydney Thunder,AE Jones
Sydney Thunder,CH Morris
Sydney Thunder,RH Priest
Sydney Thunder,AR Beadle
Sydney Thunder,SA Abbott
Sydney Thunder,BAW Mendis
Sydney Thunder,S Konstas
Sydney Thunder,CR Brathwaite
Sydney Thunder,JM Vince
Sydney Thunder,BS Dean
Sydney Thunder,JH Kallis
Sydney Thunder,S Mahmood
Sydney Thunder,O Porter
Sydney Thunder,SR Watson
Sydney Thunder,MJ McClenaghan
Sydney Thunder,SW Billings
Sydney Thunder,B Doggett
Sydney Thunder,B Nikitaras
Sydney Thunder,SR Taylor
Sydney Thunder,B Vakarewa
Sydney Thunder,N McAndrew
Sydney Thunder,WA Agar
Sydney Thunder,NJ Carey
Sydney Thunder,TT Beaumont
Sydney Thunder,AB McDonald
Sydney Thunder,SD Bates
Sydney Thunder,IA Moran
Sydney Thunder,Usman Qadir
Sydney Thunder,TD Andrews
Sydney Thunder,CS Delport
Sydney Thunder,L Harris
Sydney Thunder,L Finn
Sydney Thunder,L Griffith
Sydney Thunder,DB Sharma
Sydney Thunder,NJ Maddinson
Sydney Thunder,S Mandhana
Sydney Thunder,LH Ferguson
Sydney Thunder,BR Dunk
Sydney Thunder,AJ Nair
Sydney Thunder,E Hoskin
Sydney Thunder,GS Sandhu
Sydney Thunder,EA Osborne
Sydney Thunder,JC Buttler
Sydney Thunder,CL Tryon
Sydney Thunder,LG Smith
Sydney Thunder,Fawad Ahmed
Sydney Thunder,BCJ Cutting
Sydney Thunder,MR Day
Titans,PL Harris
Titans,JA Rudolph
Titans,G Coetzee
Titans,HH Gibbs
Titans,DJG Sammy
Titans,D Brevis
Titans,M de Lange
Titans,L Selemela
Titans,Saeed Ajmal
Titans,GM Thomson
Titans,AL Phehlukwayo
Titans,TB de Bruyn
Titans,M Arnold
Titans,R Moonsamy
Titans,JD Vandiar
Titans,LB Williams
Titans,JJ Pienaar
Titans,TL Moreki
Titans,TM Bodibe
Titans,AM Phangiso
Titans,G Mahlokwana
Titans,Dayyaan Galiem
Titans,MP Siboto
Titans,RE van der Merwe
Titans,CJ Dala
Titans,DL Piedt
Titans,ER Links
Titans,RR Richards
Titans,BS Makhanya
Titans,DW Steyn
Titans,F du Plessis
Titans,Q de Kock
Titans,AK Markram
Titans,SA Mothoa
Titans,H Davids
Titans,Tsepo Ndwandwa
Titans,AB de Villiers
Titans,RA Herman
Titans,KD Petersen
Titans,HG Kuhn
Titans,F Behardien
Titans,M Twala
Titans,TG Mokoena
Titans,M Boast
Titans,C Bosch
Titans,D Elgar
Titans,R Claassen
Titans,N Brand
Titans,MQ Adams
Titans,O Cele
Titans,M Mosehle
Titans,T de Zorzi
Titans,S von Berg
Titans,EL Hawken
Titans,GL Cloete
Titans,JA Morkel
Titans,GL van Buuren
Titans,D Ferreira
Titans,CJD de Villiers
Titans,SR Harmer
Titans,J Pillay
Titans,J Lees
Titans,JP de Villiers
Titans,CH Morris
Titans,T Shamsi
Titans,SB Styris
Titans,PJ Malan
Titans,DS Rosier
Titans,AC Thomas
Titans,A Gqamane
Titans,LG Pretorius
Titans,D Wiese
Titans,NE Mbhalati
Titans,M Morkel
Titans,H Klaasen
Titans,L Ngidi
Titans,SF Mofokeng
Titans,M van Jaarsveld
Japan,K Wakita
Japan,A Nakayama
Japan,H Goto
Japan,M Kobayashi
Japan,P Gundecha
Japan,MM Siddique
Japan,Erika Oda
Japan,Souta Wada
Japan,M Asama
Japan,K Ota
Japan,R Matsumura
Japan,M Kanno
Japan,M Kaswan
Japan,C Sakamoto
Japan,M Munakata
Japan,D Mee
Japan,B Ito-Davis
Japan,A Chandel
Japan,S Ranade
Japan,E Kobayashi
Japan,H Ishiguro
Japan,K Kadowaki-Fleming
Japan,Vinay Iyer
Japan,K Taniguchi
Japan,R Sakurano-Thomas
Japan,M Hanif Khan
Japan,K Nanno
Japan,T Ota
Japan,M Yamamoto
Japan,J Yamashita
Japan,S Ravichandran
Japan,M Thurgate
Japan,A Kano
Japan,A Patmore
Japan,S Kubota
Japan,KH Abe
Japan,M Shiraishi
Japan,S Navaratne
Japan,M Yanagida
Japan,I Takahashi
Japan,S Nakano
Japan,S Sugaya-Slater
Japan,C Hinze
Japan,NA Miyaji
Japan,A Umetani
Japan,T Chino
Japan,K Kubota
Japan,A Kato-Stafford
Japan,R Kano
Japan,KK Dobell
Japan,S Miyaji
Japan,R Kanai
Japan,S Kato
Japan,H Iwasaki
Japan,K Takahashi
Japan,M Ogawa
Japan,A Fujikawa
Japan,R Tsutsui
Japan,Seika Sumi
Japan,Kiyo Fujikawa
Japan,T Hagihara
Japan,E Toguchi-Quinn
Japan,A Suda
Japan,Abdul Samad
Japan,K Kato-Stafford
Japan,Eri Iko
Japan,J Shearer
Japan,M Yoshioka
Japan,A Kitamura
Japan,K Okoshi
Japan,S Kimura
Japan,S Yamada
Japan,A Kitayama
Japan,K Ogawa
Japan,F Uegaki
Japan,W Miyauchi
Japan,P Kumbhare
Japan,R Morita
Japan,R Endo
Japan,M Takada
Japan,A Kadowaki Fleming
Japan,Abhishek Anand
Japan,N Miyaji
Japan,N Tokizawa
Japan,A Kanada
Japan,R Drake
Japan,E Kuribayashi
Japan,L Yamamoto-Lake
Japan,E Yamaguchi
Japan,K Lake
Japan,N Tomizawa
Japan,Esam Rahman
Japan,D Suzuki
Japan,M Taniyama
Japan,K Ishimoto
Japan,Nonoha Yasumoto
Japan,E Kusuda-Nairn
Japan,T Takada
Japan,A Ueda
Delhi,Karan Dagar
Delhi,Manjot Kalra
Delhi,YV Dhull
Delhi,Harsh Tyagi
Delhi,Navdeep Saini
Delhi,UBT Chand
Delhi,Yogesh Sharma
Delhi,Dev Lakra
Delhi,Mayank Rawat
Delhi,Anuj Rawat
Delhi,Hiten Dalal
Delhi,N Rana
Delhi,HM Chauhan
Delhi,V Tokas
Delhi,A Badoni
Delhi,Sarang Rawat
Delhi,Jonty Sidhu
Delhi,S Dhawan
Delhi,Himmat Singh
Delhi,Akash Sudan
Delhi,Shivank Vashisth
Delhi,Rajesh Sharma
Delhi,HR Shokeen
Delhi,P Suyal
Delhi,K Khejroliya
Delhi,Vikas Mishra
Delhi,Aditya Kaushik
Delhi,Deepak Punia
Delhi,Harshit Rana
Delhi,Siddhant Sharma
Delhi,PJ Sangwan
Delhi,Shivam Sharma
Delhi,Kshitiz Sharma
Delhi,Suboth Bhati
Delhi,Gaurav Kumar
Delhi,Tejas Baroka
Delhi,Priyansh Arya
Delhi,Simarjeet Singh
Delhi,Manan Sharma
Delhi,Lalit Yadav
Delhi,Kunwar Bidhuri
Delhi,A Nehra
Delhi,Milind Kumar
Delhi,Pranshu Vijayran
Delhi,Varun Sood
Delhi,Rohan Rathi
Delhi,G Gambhir
Delhi,I Sharma
Delhi,MP Yadav
Delhi,Prince Yadav
Delhi,Sarthak Ranjan
Delhi,RR Pant
Delhi,DR Shorey
Delhi,P Negi
Delhi,L Thareja
Delhi,P Awana
Delhi,Suyash Sharma
Vidarbha,Sanjay Raghunath
Vidarbha,SS Bandiwar
Vidarbha,Siddhesh Neral
Vidarbha,MR Raut
Vidarbha,FY Fazal
Vidarbha,AG Jungade
Vidarbha,Yash Thakur
Vidarbha,Harsh Dubey
Vidarbha,AV Wankhade
Vidarbha,Siddhesh Wath
Vidarbha,SB Wagh
Vidarbha,NN Bhute
Vidarbha,AS Thakare
Vidarbha,AR Mokhade
Vidarbha,HS Joshi
Vidarbha,KK Nair
Vidarbha,UR Patel
Vidarbha,Akshay Wadkar
Vidarbha,UT Yadav
Vidarbha,KV Sharma
Vidarbha,Akshay Wakhare
Vidarbha,Ravikumar Thakur
Vidarbha,PR Rekhade
Vidarbha,AA Sarwate
Vidarbha,SB Dubey
Vidarbha,Atharva Taide
Vidarbha,YV Rathod
Vidarbha,RR Rathod
Vidarbha,Akshay Karnewar
Vidarbha,AV Kolhar
Vidarbha,Tushar Gill
Vidarbha,MK Mahale
Vidarbha,Ganesh Satish
Vidarbha,JM Sharma
Vidarbha,RL Jangid
Vidarbha,LM Yadav
Vidarbha,SU Shrivastava
Vidarbha,DG Nalkande
Vidarbha,DM Parwani
Vidarbha,RN Gurbani
Vidarbha,Sooraj Rai
Durban's Super Giants,JT Smuts
Durban's Super Giants,JO Holder
Durban's Super Giants,E Jones
Durban's Super Giants,PWA Mulder
Durban's Super Giants,G Coetzee
Durban's Super Giants,DP Conway
Durban's Super Giants,CR Woakes
Durban's Super Giants,E Bosch
Durban's Super Giants,GC Viljoen
Durban's Super Giants,LS Livingstone
Durban's Super Giants,A Dananjaya
Durban's Super Giants,MJ Ackerman
Durban's Super Giants,Noor Ahmad
Durban's Super Giants,C Jonker
Durban's Super Giants,CJ Dala
Durban's Super Giants,KT Maphaka
Durban's Super Giants,Q de Kock
Durban's Super Giants,BR McDermott
Durban's Super Giants,D Wiese
Durban's Super Giants,AK Markram
Durban's Super Giants,PBB Rajapaksa
Durban's Super Giants,B Parsons
Durban's Super Giants,KS Williamson
Durban's Super Giants,P Subrayen
Durban's Super Giants,SP Narine
Durban's Super Giants,MP Breetzke
Durban's Super Giants,RJ Gleeson
Durban's Super Giants,KMA Paul
Durban's Super Giants,DJ Willey
Durban's Super Giants,H Klaasen
Durban's Super Giants,JF Smith
Durban's Super Giants,T de Zorzi
Durban's Super Giants,CJ King
Durban's Super Giants,N Pooran
Durban's Super Giants,Naveen-ul-Haq
Durban's Super Giants,RJW Topley
Durban's Super Giants,KR Mayers
Durban's Super Giants,JC Buttler
Durban's Super Giants,BA King
Durban's Super Giants,MP Stoinis
Durban's Super Giants,D Pretorius
Durban's Super Giants,KA Maharaj
Durban's Super Giants,SR Harmer
Durban's Super Giants,DG Bedingham
Joburg Super Kings,D Jansen
Joburg Super Kings,E Jones
Joburg Super Kings,PWA Mulder
Joburg Super Kings,Dayyaan Galiem
Joburg Super Kings,G Coetzee
Joburg Super Kings,DP Conway
Joburg Super Kings,R Shepherd
Joburg Super Kings,GC Viljoen
Joburg Super Kings,Janco Smit
Joburg Super Kings,T Shamsi
Joburg Super Kings,SJ Cook
Joburg Super Kings,MP Siboto
Joburg Super Kings,AS Joseph
Joburg Super Kings,N Burger
Joburg Super Kings,WL Madsen
Joburg Super Kings,MS Wade
Joburg Super Kings,N Brand
Joburg Super Kings,M Pathirana
Joburg Super Kings,F du Plessis
Joburg Super Kings,BS Makhanya
Joburg Super Kings,L Sipamla
Joburg Super Kings,KI Simmonds
Joburg Super Kings,N Timmers
Joburg Super Kings,JM Vince
Joburg Super Kings,D Wiese
Joburg Super Kings,DAJ Bracewell
Joburg Super Kings,AJ Hosein
Joburg Super Kings,Shubham Ranjane
Joburg Super Kings,P Subrayen
Joburg Super Kings,D Forrester
Joburg Super Kings,JM Bairstow
Joburg Super Kings,M De Villiers
Joburg Super Kings,RJ Gleeson
Joburg Super Kings,RR Rossouw
Joburg Super Kings,Imran Tahir
Joburg Super Kings,R Herrmann
Joburg Super Kings,GHS Garton
Joburg Super Kings,R Moonsamy
Joburg Super Kings,L Gregory
Joburg Super Kings,JP King
Joburg Super Kings,LB Williams
Joburg Super Kings,WJ Lubbe
Joburg Super Kings,MM Ali
Joburg Super Kings,K Verreynne
Joburg Super Kings,DJ Worrall
Joburg Super Kings,MS Pepper
Joburg Super Kings,RR Hendricks
Joburg Super Kings,Zahir Khan
Joburg Super Kings,JN Malan
Joburg Super Kings,D Ferreira
Joburg Super Kings,M Theekshana
Joburg Super Kings,JL du Plooy
Joburg Super Kings,AM Phangiso
Botswana,V Balakrishnan
Botswana,M Sefati
Botswana,R Mbaiwa
Botswana,K Raphapha
Botswana,M Dipogiso
Botswana,G Matome
Botswana,O Kgeresi
Botswana,B Freeman
Botswana,Ameer Saiyed
Botswana,T Tshose
Botswana,F Samanyika
Botswana,L Makgale
Botswana,K Piet
Botswana,M Kasselman
Botswana,L Mophakedi
Botswana,V Thari Thari
Botswana,B Gaanamong
Botswana,E Gare
Botswana,P Silas
Botswana,T Motlhabaphuti
Botswana,A Mokgotlhe
Botswana,T Mpatane
Botswana,A Letuba
Botswana,P Modimo
Botswana,M Badenhorst
Botswana,E Mmese
Botswana,O Keitsemang
Botswana,K Motlanka
Botswana,W Tajbhay
Botswana,B Mpedi
Botswana,R Mosweu
Botswana,I Master
Botswana,G Setshwane
Botswana,L Perera
Botswana,B Maphosa
Botswana,M Modise
Botswana,T Modise
Botswana,B Madimabe
Botswana,R Aurora
Botswana,M Mustafo
Botswana,H Pragji
Botswana,P Mapotsane
Botswana,S Mosweu
Botswana,T Legaabile
Botswana,R Withey
Botswana,G Mokokwe
Botswana,D Maisuria
Botswana,T Perera
Botswana,L Kooagile
Botswana,N Master
Botswana,A Motorwala
Botswana,T Moitoi
Botswana,M Ramafifi
Botswana,K Inakale
Botswana,K Modise
Botswana,TB Godisamang
Botswana,R Nehonde
Botswana,JWN Moses
Botswana,W Moutswi
Botswana,K Kearialo
Botswana,O Batisani
Botswana,V Mbazo
Botswana,B Kgosiemang
Botswana,Z Abbasi
Botswana,C Mokibelo
Botswana,DA Senthil
Botswana,B Keganne
Botswana,M Phiase
Botswana,L Maphane
Botswana,M Mooketsi
Botswana,JB Richards
Botswana,A Rangaswamy
Botswana,J Kgang
Botswana,B van Zyl
Botswana,D Kegasitswe
Botswana,T Phaswana
Botswana,T Shadrack
Botswana,B Khumalo
Botswana,S Kollery
Malawi,LL Dimba
Malawi,D Ndipo
Malawi,A Kansonkho
Malawi,T Mpandakwaya
Malawi,T Luka
Malawi,T Makaya
Malawi,KM Chingaipe
Malawi,S Dzimau
Malawi,D Jakiel
Malawi,N Gumaliyele
Malawi,W Jackson
Malawi,Sami Sohail
Malawi,C Tchale
Malawi,Irfan Bhima
Malawi,HH Patel
Malawi,Kazim Somani
Malawi,GM Ntambalika
Malawi,M Dailesi
Malawi,M Mwamadi
Malawi,M Kudimba
Malawi,T Chabila
Malawi,T Katunga
Malawi,MIA Patel
Malawi,D Kansonkho
Malawi,SY Nihute
Malawi,F Malefula
Malawi,P Maziya
Malawi,L Malino
Malawi,E Richard
Malawi,L Bigula
Malawi,B Balala
Malawi,M Ndipo
Malawi,Muhammad Khurram
Malawi,C Bwanali
Malawi,F Nkhoma
Malawi,W Matabwa
Malawi,M Mabvuka
Malawi,S Chinawa
Malawi,C Chete
Malawi,K Thuchila
Malawi,B Masauko
Malawi,MA Baig
Malawi,SZ Vayani
Malawi,C Rice
Malawi,E Chiralile
Malawi,M Abdulla
Malawi,D Dzimau
Malawi,A Limdawala
Malawi,E Kabwere
Malawi,C Malaya
Malawi,A Alfonso
Malawi,B Kasinja
Malawi,S Kananji
Malawi,C Mangulama
Malawi,V Phiri
Malawi,P Zuze
Malawi,M Choamba
Malawi,A Lumbe
Malawi,G Kansonkho
Malawi,E Mapisa
Malawi,L Nakomo
Malawi,B Pondani
Malawi,K Mtunduwatha
Malawi,P Sapesa
Malawi,L Wesley
Malawi,S Hussein
Malawi,B Ndipo
Malawi,RH Kanyandula
Northern Knights,BF Calitz
Northern Knights,DC Delany
Northern Knights,NG Jones
Northern Knights,NL Smith
Northern Knights,Mansoor Amjad
Northern Knights,T Mayes
Northern Knights,NA Rock
Northern Knights,GE Kidd
Northern Knights,SM Bunting
Northern Knights,SC Getkate
Northern Knights,ARM Berry
Northern Knights,PJ Malan
Northern Knights,M Halliday
Northern Knights,MR Adair
Northern Knights,J Magowan
Northern Knights,J Holmes
Northern Knights,A Leckey
Northern Knights,MJ Humphreys
Northern Knights,C Robertson
Northern Knights,MP Ellison
Northern Knights,C Dougherty
Northern Knights,CJB McCullough
Northern Knights,PR Stirling
Northern Knights,MT Foster
Northern Knights,JL Lawlor
Northern Knights,Nathan Smith
Northern Knights,J Cameron-Dow
Northern Knights,M Berry
Northern Knights,H Dyer
Northern Knights,JM Hunter
Northern Knights,JA McCollum
Northern Knights,R Pretorius
Northern Knights,GJ Thompson
Northern Knights,A Haggan
Northern Knights,C Lewis
Northern Knights,HT Tector
Northern Knights,J Matchett
Northern Knights,GR Adair
Northern Knights,SB Davey
Northern Knights,Jake Egan
Northern Knights,LT Nelson
Northern Knights,SJ Topping
Northern Knights,GC Wilson
Northern Knights,LI Georgeson
Northern Knights,M Commins
Northern Knights,C Robinson
Northern Knights,M Topping
Northern Knights,C Carmichael
Northern Knights,A Adey
Northern Knights,B White
Northern Knights,JNK Shannon
Northern Knights,CJ van der Walt
Northern Knights,PS Eaglestone
Northern Knights,AJ Malan
Northern Knights,TF van Woerkom
Northern Knights,J Mulder
Northern Knights,T Koen
Northern Knights,AI Shields
Northern Knights,A Dennison
Northern Knights,J Manley
Northern Knights,M Gilmour
Northern Knights,AP Chore
Northern Knights,M Burton
Northern Knights,J Theron
Northern Knights,A Kennedy
Northern Knights,JB van der Merwe
Northern Knights,GKR McKinley
Northern Knights,GJ McCarter
Northern Knights,J Neill
Northern Knights,PA Eakin
North-West Warriors,WTS Porterfield
North-West Warriors,D Barr
North-West Warriors,A Heywood
North-West Warriors,RI Millar
North-West Warriors,SJ MacBeth
North-West Warriors,NJ O'Brien
North-West Warriors,G Kennedy
North-West Warriors,LC Doherty
North-West Warriors,J Barnes
North-West Warriors,J Robinson
North-West Warriors,MN Erlank
North-West Warriors,SC Getkate
North-West Warriors,A Balbirnie
North-West Warriors,KW Magee
North-West Warriors,GG McFaul
North-West Warriors,A Austin
North-West Warriors,RL Dougherty
North-West Warriors,MN Piedt
North-West Warriors,G McClintock
North-West Warriors,C Robertson
North-West Warriors,B Dougherty
North-West Warriors,Dharm Singh
North-West Warriors,J Wilson
North-West Warriors,WT Smale
North-West Warriors,D O'Sullivan
North-West Warriors,D Scanlon
North-West Warriors,R MacBeth
North-West Warriors,CJB McCullough
North-West Warriors,K Hilton
North-West Warriors,WB Rankin
North-West Warriors,SR Thompson
North-West Warriors,CA Young
North-West Warriors,AP Gillespie
North-West Warriors,RR Chopra
North-West Warriors,DP Hyatt
North-West Warriors,IP Bird
North-West Warriors,C Olphert
North-West Warriors,Jake Egan
North-West Warriors,H Zimmerman
North-West Warriors,SJ Topping
North-West Warriors,O Williams
North-West Warriors,BI Louw
North-West Warriors,GI Hume
North-West Warriors,SV Lazars
North-West Warriors,AR McBrine
North-West Warriors,SA Britton
North-West Warriors,ST Doheny
North-West Warriors,ISS Samarasooriya
North-West Warriors,Imran Butt
North-West Warriors,T McKeegan
North-West Warriors,C Melly
North-West Warriors,MD Poskitt
North-West Warriors,J Thompson
North-West Warriors,DA Rankin
North-West Warriors,NJ McGuire
North-West Warriors,Gavin Roulston
North-West Warriors,Josh Wilson
North-West Warriors,V Chopra
North-West Warriors,M Marais
North-West Warriors,AP Chore
North-West Warriors,W McClintock
North-West Warriors,A McDaid
North-West Warriors,S Campbell
North-West Warriors,R Allen
North-West Warriors,RA Hunter
Gulf Giants,TP Alsop
Gulf Giants,MW Forde
Gulf Giants,CA Lynn
Gulf Giants,T Shamsi
Gulf Giants,TJ Moores
Gulf Giants,TG Helm
Gulf Giants,Zuhaib Zubair
Gulf Giants,CJ Jordan
Gulf Giants,SR Dickson
Gulf Giants,MADI Hemantha
Gulf Giants,MR Adair
Gulf Giants,A Lyth
Gulf Giants,Aayan Afzal Khan
Gulf Giants,BI Kellaway
Gulf Giants,Wahidullah Zadran
Gulf Giants,Saghir Khan
Gulf Giants,Azmatullah Omarzai
Gulf Giants,DC Drakes
Gulf Giants,N Thushara
Gulf Giants,Mujeeb Ur Rahman
Gulf Giants,CR Brathwaite
Gulf Giants,JM Vince
Gulf Giants,D Wiese
Gulf Giants,A Valthapa
Gulf Giants,Ibrahim Zadran
Gulf Giants,C de Grandhomme
Gulf Giants,Asif Khan
Gulf Giants,Uzair Khan
Gulf Giants,Rahmanullah Gurbaz
Gulf Giants,B Muzarabani
Gulf Giants,Qais Ahmad
Gulf Giants,Haider Razzaq
Gulf Giants,JL Smith
Gulf Giants,RJ Gleeson
Gulf Giants,CP Wood
Gulf Giants,Usman Khan
Gulf Giants,MG Erasmus
Gulf Giants,TS Mills
Gulf Giants,SO Hetmyer
Gulf Giants,TK Curran
Gulf Giants,L Tucker
Gulf Giants,OG Robinson
Gulf Giants,Karim Janat
Gulf Giants,MM Ali
Gulf Giants,DJ Worrall
Gulf Giants,Rehan Ahmed
Gulf Giants,LA Dawson
Gulf Giants,SM Sharma
Gulf Giants,Ali Khan
Gulf Giants,J Overton
Gulf Giants,KR Mayers
Gulf Giants,T Banton
Gulf Giants,TH David
Gulf Giants,FJ Klaassen
Gulf Giants,JM Cox
Gulf Giants,OJ Pope
Gulf Giants,P Nissanka
Desert Vipers,Naseem Shah
Desert Vipers,Shadab Khan
Desert Vipers,AD Hales
Desert Vipers,NA Sowter
Desert Vipers,BFW de Leede
Desert Vipers,LD Chandimal
Desert Vipers,Shiraz Ahmed
Desert Vipers,Khuzaima Tanveer
Desert Vipers,Hassan Nawaz
Desert Vipers,Usman Tariq
Desert Vipers,D Parashar
Desert Vipers,MA Jones
Desert Vipers,Mohammad Amir
Desert Vipers,Azam Khan
Desert Vipers,C Munro
Desert Vipers,DA Payne
Desert Vipers,Noor Ahmad
Desert Vipers,JB Lintott
Desert Vipers,Shaheen Shah Afridi
Desert Vipers,A Lyth
Desert Vipers,TC Bruce
Desert Vipers,M Pathirana
Desert Vipers,SM Curran
Desert Vipers,SS Cottrell
Desert Vipers,BAC Howell
Desert Vipers,Fakhar Zaman
Desert Vipers,V Aravind
Desert Vipers,S Pahal
Desert Vipers,JJ Roy
Desert Vipers,MRJ Watt
Desert Vipers,Rohan Mustafa
Desert Vipers,SE Rutherford
Desert Vipers,AAP Atkinson
Desert Vipers,Rahmanullah Gurbaz
Desert Vipers,SW Billings
Desert Vipers,Qais Ahmad
Desert Vipers,Matiullah Khan
Desert Vipers,AGS Gous
Desert Vipers,TS Mills
Desert Vipers,SO Hetmyer
Desert Vipers,TK Curran
Desert Vipers,PWH de Silva
Desert Vipers,PD Salt
Desert Vipers,L Wood
Desert Vipers,LH Ferguson
Desert Vipers,T Suri
Desert Vipers,Aryan Lakra
Desert Vipers,AJ Hose
Desert Vipers,Ali Naseer
Desert Vipers,MDE Holden
Desert Vipers,DW Lawrence
Abu Dhabi Knight Riders,SR Hain
Abu Dhabi Knight Riders,AD Russell
Abu Dhabi Knight Riders,JO Holder
Abu Dhabi Knight Riders,Ibrar Ahmad
Abu Dhabi Knight Riders,AD Hales
Abu Dhabi Knight Riders,V Viyaskanth
Abu Dhabi Knight Riders,J Little
Abu Dhabi Knight Riders,Fahad Nawaz
Abu Dhabi Knight Riders,S Kalyan
Abu Dhabi Knight Riders,JM Clarke
Abu Dhabi Knight Riders,LS Livingstone
Abu Dhabi Knight Riders,UBT Chand
Abu Dhabi Knight Riders,JB Lintott
Abu Dhabi Knight Riders,K Lewis
Abu Dhabi Knight Riders,C Esterhuizen
Abu Dhabi Knight Riders,Ajay Kumar
Abu Dhabi Knight Riders,Zawar Farid
Abu Dhabi Knight Riders,M de Lange
Abu Dhabi Knight Riders,Adhitya Shetty
Abu Dhabi Knight Riders,T Hinds
Abu Dhabi Knight Riders,PR Stirling
Abu Dhabi Knight Riders,JJ Roy
Abu Dhabi Knight Riders,LJ Evans
Abu Dhabi Knight Riders,RS Bopara
Abu Dhabi Knight Riders,AJ Hosein
Abu Dhabi Knight Riders,KIC Asalanka
Abu Dhabi Knight Riders,SE Rutherford
Abu Dhabi Knight Riders,SP Narine
Abu Dhabi Knight Riders,GHS Garton
Abu Dhabi Knight Riders,DJ Willey
Abu Dhabi Knight Riders,Matiullah Khan
Abu Dhabi Knight Riders,Shahid Bhutta
Abu Dhabi Knight Riders,OP Stone
Abu Dhabi Knight Riders,RA Reifer
Abu Dhabi Knight Riders,CA Ingram
Abu Dhabi Knight Riders,AGS Gous
Abu Dhabi Knight Riders,SC van Schalkwyk
Abu Dhabi Knight Riders,Imad Wasim
Abu Dhabi Knight Riders,Sabir Ali
Abu Dhabi Knight Riders,RL Chase
Abu Dhabi Knight Riders,PD Salt
Abu Dhabi Knight Riders,G Motie
Abu Dhabi Knight Riders,A Sharafu
Abu Dhabi Knight Riders,MS Pepper
Abu Dhabi Knight Riders,BJ McMullen
Abu Dhabi Knight Riders,Ali Khan
Abu Dhabi Knight Riders,FA Allen
Abu Dhabi Knight Riders,K Pierre
Abu Dhabi Knight Riders,KR Mayers
Abu Dhabi Knight Riders,BA King
Abu Dhabi Knight Riders,CBRLS Kumara
Abu Dhabi Knight Riders,PP Chawla
Abu Dhabi Knight Riders,R Rampaul
Abu Dhabi Knight Riders,DM de Silva
Royal Challengers Bangalore,R Ninan
Royal Challengers Bangalore,MV Boucher
Royal Challengers Bangalore,Mandeep Singh
Royal Challengers Bangalore,DJG Sammy
Royal Challengers Bangalore,Pankaj Singh
Royal Challengers Bangalore,Renuka Singh
Royal Challengers Bangalore,CJ Jordan
Royal Challengers Bangalore,HV Patel
Royal Challengers Bangalore,SP Goswami
Royal Challengers Bangalore,M Kaif
Royal Challengers Bangalore,D Padikkal
Royal Challengers Bangalore,RP Singh
Royal Challengers Bangalore,Gurkeerat Singh
Royal Challengers Bangalore,SB Pokharkar
Royal Challengers Bangalore,CJ Anderson
Royal Challengers Bangalore,SS Prabhudessai
Royal Challengers Bangalore,J Syed Mohammad
Royal Challengers Bangalore,MG Bracewell
Royal Challengers Bangalore,HC Knight
Royal Challengers Bangalore,AA Kazi
Royal Challengers Bangalore,TS Mills
Royal Challengers Bangalore,KS Ahuja
Royal Challengers Bangalore,D du Preez
Royal Challengers Bangalore,P Kumar
Royal Challengers Bangalore,PWH de Silva
Royal Challengers Bangalore,SN Khan
Royal Challengers Bangalore,KB Arun Karthik
Royal Challengers Bangalore,Z Khan
Royal Challengers Bangalore,S Sriram
Royal Challengers Bangalore,BB McCullum
Royal Challengers Bangalore,S Dube
Royal Challengers Bangalore,J Arunkumar
Royal Challengers Bangalore,AN Ahmed
Royal Challengers Bangalore,A Zampa
Royal Challengers Bangalore,JD Unadkat
Royal Challengers Bangalore,Vijaykumar Vyshak
Royal Challengers Bangalore,SS Pawar
Royal Challengers Bangalore,AF Milne
Royal Challengers Bangalore,TM Dilshan
Royal Challengers Bangalore,CR Woakes
Royal Challengers Bangalore,Navdeep Saini
Royal Challengers Bangalore,EJG Morgan
Royal Challengers Bangalore,I Udana
Royal Challengers Bangalore,RE van der Merwe
Royal Challengers Bangalore,CA Pujara
Royal Challengers Bangalore,W Jaffer
Royal Challengers Bangalore,A Kumble
Royal Challengers Bangalore,RM Patidar
Royal Challengers Bangalore,PN Khemnar
Royal Challengers Bangalore,SS Tiwary
Royal Challengers Bangalore,CL White
Royal Challengers Bangalore,F du Plessis
Royal Challengers Bangalore,DW Steyn
Royal Challengers Bangalore,Avesh Khan
Royal Challengers Bangalore,Q de Kock
Royal Challengers Bangalore,P Parameswaran
Royal Challengers Bangalore,SFM Devine
Royal Challengers Bangalore,SE Rutherford
Royal Challengers Bangalore,AD Nath
Royal Challengers Bangalore,G Wareham
Royal Challengers Bangalore,GHS Garton
Royal Challengers Bangalore,UT Yadav
Royal Challengers Bangalore,KV Sharma
Royal Challengers Bangalore,R Dravid
Royal Challengers Bangalore,Misbah-ul-Haq
Royal Challengers Bangalore,SO Hetmyer
Royal Challengers Bangalore,Sachin Baby
Royal Challengers Bangalore,AB de Villiers
Royal Challengers Bangalore,TG Southee
Royal Challengers Bangalore,RJW Topley
Royal Challengers Bangalore,B Akhil
Royal Challengers Bangalore,SB Joshi
Royal Challengers Bangalore,TH David
Royal Challengers Bangalore,AB Dinda
Royal Challengers Bangalore,V Kohli
Royal Challengers Bangalore,MK Pandey
Royal Challengers Bangalore,Iqbal Abdulla
Royal Challengers Bangalore,RR Rossouw
Royal Challengers Bangalore,C de Grandhomme
Royal Challengers Bangalore,DT Patil
Royal Challengers Bangalore,EA Burns
Royal Challengers Bangalore,JD Ryder
Royal Challengers Bangalore,EA Perry
Royal Challengers Bangalore,CH Gayle
Royal Challengers Bangalore,Abdur Razzak
Royal Challengers Bangalore,A Choudhary
Royal Challengers Bangalore,B Stanlake
Royal Challengers Bangalore,DR Sams
Royal Challengers Bangalore,M Kartik
Royal Challengers Bangalore,Washington Sundar
Royal Challengers Bangalore,Mohammed Siraj
Royal Challengers Bangalore,S Kaul
Royal Challengers Bangalore,JR Philippe
Royal Challengers Bangalore,DP Nannes
Royal Challengers Bangalore,S Aravind
Royal Challengers Bangalore,SB Jakati
Royal Challengers Bangalore,K Khejroliya
Royal Challengers Bangalore,Yuvraj Singh
Royal Challengers Bangalore,KS Bharat
Royal Challengers Bangalore,JJ van der Wath
Royal Challengers Bangalore,P Ray Barman
Royal Challengers Bangalore,RV Uthappa
Royal Challengers Bangalore,S Molineux
Royal Challengers Bangalore,DT Christian
Royal Challengers Bangalore,M Muralitharan
Royal Challengers Bangalore,LRPL Taylor
Royal Challengers Bangalore,DJ Willey
Royal Challengers Bangalore,H Sharma
Royal Challengers Bangalore,WD Parnell
Royal Challengers Bangalore,S Rana
Royal Challengers Bangalore,GJ Maxwell
Royal Challengers Bangalore,JR Hazlewood
Royal Challengers Bangalore,VR Aaron
Royal Challengers Bangalore,MM Ali
Royal Challengers Bangalore,VH Zol
Royal Challengers Bangalore,AJ Finch
Royal Challengers Bangalore,DL Vettori
Royal Challengers Bangalore,S Badree
Royal Challengers Bangalore,KP Appanna
Royal Challengers Bangalore,YS Chahal
Royal Challengers Bangalore,JA Morkel
Royal Challengers Bangalore,R Vinay Kumar
Royal Challengers Bangalore,MK Lomror
Royal Challengers Bangalore,M Ashwin
Royal Challengers Bangalore,STR Binny
Royal Challengers Bangalore,R Rampaul
Royal Challengers Bangalore,E Bisht
Royal Challengers Bangalore,SD Bahadur
Royal Challengers Bangalore,YV Takawale
Royal Challengers Bangalore,A Mukund
Royal Challengers Bangalore,PA Patel
Royal Challengers Bangalore,AA Noffke
Royal Challengers Bangalore,MA Agarwal
Royal Challengers Bangalore,RM Ghosh
Royal Challengers Bangalore,KA Jamieson
Royal Challengers Bangalore,CH Morris
Royal Challengers Bangalore,ML Schutt
Royal Challengers Bangalore,T Shamsi
Royal Challengers Bangalore,B Chipli
Royal Challengers Bangalore,SA Abbott
Royal Challengers Bangalore,Anuj Rawat
Royal Challengers Bangalore,R Bishnoi
Royal Challengers Bangalore,SR Patil
Royal Challengers Bangalore,KL Rahul
Royal Challengers Bangalore,AUK Pathan
Royal Challengers Bangalore,DD Kasat
Royal Challengers Bangalore,Shahbaz Ahmed
Royal Challengers Bangalore,M Vohra
Royal Challengers Bangalore,Parvez Rasool
Royal Challengers Bangalore,D Wiese
Royal Challengers Bangalore,JH Kallis
Royal Challengers Bangalore,MC Henriques
Royal Challengers Bangalore,SR Watson
Royal Challengers Bangalore,MS Bisla
Royal Challengers Bangalore,KW Richardson
Royal Challengers Bangalore,S Asha
Royal Challengers Bangalore,KK Nair
Royal Challengers Bangalore,KP Pietersen
Royal Challengers Bangalore,Akash Deep
Royal Challengers Bangalore,N de Klerk
Royal Challengers Bangalore,KD Karthik
Royal Challengers Bangalore,ND Doshi
Royal Challengers Bangalore,H Klaasen
Royal Challengers Bangalore,TM Head
Royal Challengers Bangalore,S Meghana
Royal Challengers Bangalore,Preeti Bose
Royal Challengers Bangalore,AB McDonald
Royal Challengers Bangalore,Vishnu Vinod
Royal Challengers Bangalore,RR Bhatkal
Royal Challengers Bangalore,LA Pomersbach
Royal Challengers Bangalore,Komal Zanzad
Royal Challengers Bangalore,A Mithun
Royal Challengers Bangalore,NJ Maddinson
Royal Challengers Bangalore,S Mandhana
Royal Challengers Bangalore,MA Starc
Royal Challengers Bangalore,KM Jadhav
Royal Challengers Bangalore,MP Stoinis
Royal Challengers Bangalore,CK Langeveldt
Royal Challengers Bangalore,P Negi
Royal Challengers Bangalore,S Chanderpaul
South Australia,WG Bosisto
South Australia,MW Harvey
South Australia,SH Johnson
South Australia,NP Winter
South Australia,BAD Manenti
South Australia,NA McSweeney
South Australia,J Weatherald
South Australia,HJ Manenti
South Australia,C Thompson
South Australia,C Valente
South Australia,L Pope
South Australia,DMK Grant
South Australia,KR Smith
South Australia,RJ Gibson
South Australia,J Medew-Ewen
South Australia,SL Kerber
South Australia,BR Davis
South Australia,JL Winter
South Australia,TLW Cooper
South Australia,HJ Nielsen
South Australia,JS Lehmann
South Australia,C Kelly
South Australia,HNA Conway
South Australia,CJ Sayers
South Australia,KW Richardson
South Australia,B Doggett
South Australia,T Kelly
South Australia,JM Mennie
South Australia,JS Buckingham
South Australia,N McAndrew
South Australia,WA Agar
South Australia,JM Carder
South Australia,TM Head
South Australia,CJ Ferguson
South Australia,K Brazell
South Australia,P Hatzoglou
South Australia,JD Dalton
South Australia,TD Andrews
South Australia,DJ Worrall
South Australia,HPA Matthias
South Australia,HJ Hunt
South Australia,DR Drew
South Australia,JJS Sangha
South Australia,J Fraser-McGurk
South Australia,BT Capel
South Australia,H Jacobs
South Australia,A Zampa
South Australia,AT Carey
South Australia,L Scott
South Australia,AI Ross
South Australia,CJ McInerney
South Australia,LJ Robins
South Australia,HTRY Thornton
Mizoram,Lalrempuia
Mizoram,Khawlhring Lalremruata
Mizoram,Lalhriatrenga
Mizoram,Parvez Ahmed
Mizoram,Pratik Desai
Mizoram,AD Chopra
Mizoram,Rinsangzela Hmamte
Mizoram,Lalchhuanliana 
Mizoram,Abhay
Mizoram,Sinan Khadir
Mizoram,KB Pawan
Mizoram,Lalfakzuala Renthlei
Mizoram,SP Goswami
Mizoram,Joseph Lalthankhuma
Mizoram,Lalnunkima Varte
Mizoram,Remruatdika Ralte
Mizoram,R Ralte
Mizoram,Lalhruai Ralte
Mizoram,Lalhmangaiha
Mizoram,Andrew Vanlalhruaia
Mizoram,Vikash Kumar
Mizoram,Akhil Rajput
Mizoram,T Kohli
Mizoram,KC Cariappa
Mizoram,Reuben Lalhruaizela
Mizoram,Lalhma Chhuana
Mizoram,Avinash Yadav
Mizoram,G Lalbiakvela
Mizoram,U Kaul
Mizoram,Henry Renthlei
Mizoram,Bobby Zothansanga
Mizoram,TC Vanlalremruata
Mizoram,Darremsanga
Mizoram,K Lalhmingmawia
Mizoram,J Biakthanpuia
Mizoram,Saidingliana Sailo
Mizoram,Sumit Lama
Mizoram,F Lalmuanzuala
Mizoram,Hmar Zothanchhunga
Mizoram,Mohit Jangra
Mizoram,J Anderson
Mizoram,K Vanlalruata
Mizoram,B Lalnunfela
Mizoram,Iqbal Abdulla
Mizoram,Lalhruaizela
Mumbai,TU Deshpande
Mumbai,SD Chitnis
Mumbai,SN Thakur
Mumbai,SS Iyer
Mumbai,Parikshit Valsangkar
Mumbai,Aman Hakim Khan
Mumbai,Atharva Ankolekar
Mumbai,PV Tambe
Mumbai,Prathamesh Dake
Mumbai,Mohit Avasthi
Mumbai,Hardik Tamore
Mumbai,Bravish Shetty
Mumbai,Kruthik Hanagavadi
Mumbai,YBK Jaiswal
Mumbai,Dhrumil Matkar
Mumbai,AM Rahane
Mumbai,Suryansh Shedge
Mumbai,SZ Mulani
Mumbai,PY Pawar
Mumbai,Shashank Singh
Mumbai,Shubham Ranjane
Mumbai,PH Solanki
Mumbai,SA Yadav
Mumbai,AP Tare
Mumbai,Jay Bista
Mumbai,Eknath Kerkar
Mumbai,PP Shaw
Mumbai,A Raghuvanshi
Mumbai,AS Raut
Mumbai,Sairaj Patil
Mumbai,Sagar Trivedi
Mumbai,Arjun Tendulkar
Mumbai,SN Khan
Mumbai,SD Lad
Mumbai,AM Nayar
Mumbai,Atif Attarwala
Mumbai,Aakarshit Gomel
Mumbai,Sujit Nayak
Mumbai,S Dube
Mumbai,Royston Dias
Mumbai,Akash Parkar
Mumbai,Tanush Kotian
Mumbai,DS Kulkarni
Mumbai,Khizer Dafedar
Mumbai,RR Raje
Mumbai,AA Herwadkar
Dambulla Viiking,PM Pushpakumara
Dambulla Viiking,D Madushanka
Dambulla Viiking,S Colombage
Dambulla Viiking,Aftab Alam
Dambulla Viiking,Samiullah Shenwari
Dambulla Viiking,N Dickwella
Dambulla Viiking,MD Shanaka
Dambulla Viiking,PR Stirling
Dambulla Viiking,WU Tharanga
Dambulla Viiking,Pulina Tharanga
Dambulla Viiking,LD Madushanka
Dambulla Viiking,Anwar Ali
Dambulla Viiking,S Samarawickrama
Dambulla Viiking,RTM Mendis
Dambulla Viiking,BOP Fernando
Dambulla Viiking,CAK Rajitha
Dambulla Viiking,S Tyagi
Dambulla Viiking,K Nadeeshan
Dambulla Viiking,AK Perera
Dambulla Viiking,CBRLS Kumara
Dambulla Viiking,SR Patel
Colombo Kings,HH Ramanayake
Colombo Kings,AD Russell
Colombo Kings,LU Igalagamage
Colombo Kings,SMA Priyanjan
Colombo Kings,ST de Silva
Colombo Kings,Qais Ahmad
Colombo Kings,MA Aponso
Colombo Kings,LD Chandimal
Colombo Kings,PVD Chameera
Colombo Kings,I Udana
Colombo Kings,LJ Evans
Colombo Kings,DJ Bell-Drummond
Colombo Kings,KTGD Prasad
Colombo Kings,AD Mathews
Colombo Kings,MS Gony
Colombo Kings,PHT Kaushal
Colombo Kings,JDF Vandersay
Kurunegala Youth Cricket Club,DS Tillakaratne
Kurunegala Youth Cricket Club,D de Silva
Kurunegala Youth Cricket Club,WVD Seneviratne
Kurunegala Youth Cricket Club,Y Maddege
Kurunegala Youth Cricket Club,KBAK Basnayake
Kurunegala Youth Cricket Club,S Geethika De Silva
Kurunegala Youth Cricket Club,LK Fransisco
Kurunegala Youth Cricket Club,S Weeraratne
Kurunegala Youth Cricket Club,PHT Kaushal
Kurunegala Youth Cricket Club,R Ranasinghe
Kurunegala Youth Cricket Club,LEK Edirisinghe
Kurunegala Youth Cricket Club,DT Wijesinghe
Kurunegala Youth Cricket Club,WNK Wanniarachchi
Kurunegala Youth Cricket Club,HGK Dilshan
Kurunegala Youth Cricket Club,Ranul Gunarathna
Kurunegala Youth Cricket Club,A Madushanka
Kurunegala Youth Cricket Club,UA Morais
Kurunegala Youth Cricket Club,S Priyadharshana
Kurunegala Youth Cricket Club,G Kotuwegoda
Kurunegala Youth Cricket Club,R Madushanka
Kurunegala Youth Cricket Club,EMKB Ekanayake
Kurunegala Youth Cricket Club,BMDK Mendis
Kurunegala Youth Cricket Club,D Malan
Kurunegala Youth Cricket Club,SKC Randunu
Kurunegala Youth Cricket Club,Hasith Perera
Kurunegala Youth Cricket Club,JRMVB Sanjaya
Kurunegala Youth Cricket Club,DM Sarathchandra
Kurunegala Youth Cricket Club,PLM Jayaratne
Kurunegala Youth Cricket Club,C Sandaru
Kurunegala Youth Cricket Club,RM Liyanarachchi
Kurunegala Youth Cricket Club,A Thennakoon
Kurunegala Youth Cricket Club,Vathila Udara
Kurunegala Youth Cricket Club,K Ekanayake
Kurunegala Youth Cricket Club,SA Nanayakkara
Kurunegala Youth Cricket Club,S Sadamal
Kurunegala Youth Cricket Club,G Weerasinghe
Kurunegala Youth Cricket Club,WWAG Maneeshan
Kurunegala Youth Cricket Club,D Tennakoon
Kurunegala Youth Cricket Club,BMRNB Ratnayake
Kurunegala Youth Cricket Club,MLR Karunaratne
Kurunegala Youth Cricket Club,S Dangamuwa
Kurunegala Youth Cricket Club,LK Nirmal
Kurunegala Youth Cricket Club,C Nimesh
Kurunegala Youth Cricket Club,EMCD Edirisinghe
Kurunegala Youth Cricket Club,A Premaratne
Kurunegala Youth Cricket Club,Lakvin Abeysinghe
Kurunegala Youth Cricket Club,MS Warnapura
Kurunegala Youth Cricket Club,TD Polgampola
Kurunegala Youth Cricket Club,D Ranatunga
Kurunegala Youth Cricket Club,D Dharmasiri
Kurunegala Youth Cricket Club,DS Auwardt
Nugegoda Sports Welfare Club,MA Liyanapathiranage
Nugegoda Sports Welfare Club,BGS Mendis
Nugegoda Sports Welfare Club,DBL Peiris
Nugegoda Sports Welfare Club,SU Ishak
Nugegoda Sports Welfare Club,S Colombage
Nugegoda Sports Welfare Club,Senal de Silva
Nugegoda Sports Welfare Club,S Kavinda
Nugegoda Sports Welfare Club,P Pathum
Nugegoda Sports Welfare Club,S Marasinghe
Nugegoda Sports Welfare Club,LPPM Kumara
Nugegoda Sports Welfare Club,C Gomez
Nugegoda Sports Welfare Club,LA de Zoysa
Nugegoda Sports Welfare Club,R Amarasinghe
Nugegoda Sports Welfare Club,HGK Dilshan
Nugegoda Sports Welfare Club,A Anandakumara
Nugegoda Sports Welfare Club,D Manchanayake
Nugegoda Sports Welfare Club,KL Gamage
Nugegoda Sports Welfare Club,Kevin Perera
Nugegoda Sports Welfare Club,Anuk Fernando
Nugegoda Sports Welfare Club,Ruvishan Perera
Nugegoda Sports Welfare Club,Sandun Madushanka
Nugegoda Sports Welfare Club,M Chanthuka
Nugegoda Sports Welfare Club,DM Jayalath
Nugegoda Sports Welfare Club,MARP Seneviratne
Nugegoda Sports Welfare Club,LN Malinga
Nugegoda Sports Welfare Club,Tillakaratne Sampath
Nugegoda Sports Welfare Club,DKAL Perera
Nugegoda Sports Welfare Club,HSM Zoysa
Nugegoda Sports Welfare Club,DT Hewathantri
Nugegoda Sports Welfare Club,D Pathmanathan
Nugegoda Sports Welfare Club,M Heshan
Nugegoda Sports Welfare Club,D Damsara
Nugegoda Sports Welfare Club,ST Mendis
Nugegoda Sports Welfare Club,Pulindu Perera
Nugegoda Sports Welfare Club,AMCD Abeysinghe
Nugegoda Sports Welfare Club,NR Gunasekera
Nugegoda Sports Welfare Club,WGRL Wijenayake
Nugegoda Sports Welfare Club,R Sanjaya
Nugegoda Sports Welfare Club,EMCD Edirisinghe
Nugegoda Sports Welfare Club,I Siriwardene
Nugegoda Sports Welfare Club,AK Perera
Nugegoda Sports Welfare Club,A Muthalib
Nugegoda Sports Welfare Club,WA Dilshan
Nugegoda Sports Welfare Club,P Hettiwatte
Nugegoda Sports Welfare Club,D Samaraweera
Nugegoda Sports Welfare Club,Abdul Hakam
Sydney Sixers,CG Sippel
Sydney Sixers,NM Lyon
Sydney Sixers,KR Patterson
Sydney Sixers,SE Aley
Sydney Sixers,A Genford
Sydney Sixers,JK Lalor
Sydney Sixers,Izharulhaq Naveed
Sydney Sixers,CJ Jordan
Sydney Sixers,MJ North
Sydney Sixers,T Murphy
Sydney Sixers,C Bray
Sydney Sixers,JM Bird
Sydney Sixers,DA Warner
Sydney Sixers,SM Curran
Sydney Sixers,LA Doran
Sydney Sixers,KJ Garth
Sydney Sixers,LW Feldman
Sydney Sixers,RGL Carters
Sydney Sixers,AJ Hosein
Sydney Sixers,JL Denly
Sydney Sixers,AC Kerr
Sydney Sixers,JS Lenton
Sydney Sixers,NL McCullum
Sydney Sixers,SJ McGlashan
Sydney Sixers,H Silver-holmes
Sydney Sixers,A Gardner
Sydney Sixers,TA Copeland
Sydney Sixers,NL Bertus
Sydney Sixers,JT Ball
Sydney Sixers,TK Curran
Sydney Sixers,K Sutherland
Sydney Sixers,SJ Coyte
Sydney Sixers,BMAJ Mendis
Sydney Sixers,D van Niekerk
Sydney Sixers,NCR Larkin
Sydney Sixers,F Nicklin
Sydney Sixers,B Lee
Sydney Sixers,Siow Tzin Yee
Sydney Sixers,H Kerr
Sydney Sixers,T Wilson
Sydney Sixers,SJC Keen
Sydney Sixers,C Munro
Sydney Sixers,J Avendano
Sydney Sixers,AR Reakes
Sydney Sixers,DLR Smith
Sydney Sixers,LCN Smith
Sydney Sixers,JJ Roy
Sydney Sixers,RS Bopara
Sydney Sixers,DJ Thornely
Sydney Sixers,Babar Azam
Sydney Sixers,L Kua
Sydney Sixers,M Kapp
Sydney Sixers,J Hicks
Sydney Sixers,MJ Cosgrove
Sydney Sixers,BJ Haddin
Sydney Sixers,JA Davies
Sydney Sixers,SCG MacGill
Sydney Sixers,PM Nevill
Sydney Sixers,SNJ O'Keefe
Sydney Sixers,L Cheatle
Sydney Sixers,WER Somerville
Sydney Sixers,S Campbell
Sydney Sixers,Shadab Khan
Sydney Sixers,EA Burns
Sydney Sixers,BAD Manenti
Sydney Sixers,JM Kerr
Sydney Sixers,J Botha
Sydney Sixers,K Peterson
Sydney Sixers,EA Perry
Sydney Sixers,DR Sams
Sydney Sixers,C Leeson
Sydney Sixers,SL Hungerford
Sydney Sixers,JR Philippe
Sydney Sixers,SW Bates
Sydney Sixers,TL Lawford
Sydney Sixers,DP Hughes
Sydney Sixers,SPD Smith
Sydney Sixers,MH Wessels
Sydney Sixers,EA Leys
Sydney Sixers,DT Christian
Sydney Sixers,HJ Armitage
Sydney Sixers,C Moore
Sydney Sixers,MJ Lumb
Sydney Sixers,DE Bollinger
Sydney Sixers,BJ Rohrer
Sydney Sixers,JR Hazlewood
Sydney Sixers,DJ Bravo
Sydney Sixers,LA Marsh
Sydney Sixers,RP Yadav
Sydney Sixers,JA Chohan
Sydney Sixers,MW Edwards
Sydney Sixers,Naveen-ul-Haq
Sydney Sixers,S Ecclestone
Sydney Sixers,HTRY Thornton
Sydney Sixers,JC Silk
Sydney Sixers,JO Holder
Sydney Sixers,L Shaw
Sydney Sixers,CH Stobo
Sydney Sixers,RS Dick
Sydney Sixers,M Brown
Sydney Sixers,CT Tremlett
Sydney Sixers,LC Sthalekar
Sydney Sixers,M Darke
Sydney Sixers,L Pope
Sydney Sixers,GA West
Sydney Sixers,AE Jones
Sydney Sixers,SA Abbott
Sydney Sixers,M Carmichael
Sydney Sixers,SMSM Senanayake
Sydney Sixers,KM Pelle
Sydney Sixers,NE Bolton
Sydney Sixers,CR Brathwaite
Sydney Sixers,JM Vince
Sydney Sixers,E Manix-Geeves
Sydney Sixers,MC Henriques
Sydney Sixers,SP Narine
Sydney Sixers,J Edwards
Sydney Sixers,J Allen
Sydney Sixers,SW Billings
Sydney Sixers,KW Richardson
Sydney Sixers,BJ Dwarshuis
Sydney Sixers,JM Mennie
Sydney Sixers,Shafali Verma
Sydney Sixers,SJ Bryce
Sydney Sixers,E Hughes
Sydney Sixers,M Perry
Sydney Sixers,IA Moran
Sydney Sixers,JM Carder
Sydney Sixers,MK Villiers
Sydney Sixers,L Griffith
Sydney Sixers,AJ Healy
Sydney Sixers,NJ Maddinson
Sydney Sixers,MA Starc
Sydney Sixers,GS Sandhu
Sydney Sixers,EJM Cowan
Sydney Sixers,CL Tryon
Sydney Sixers,SIR Dunkley
Sydney Sixers,LG Smith
London Spirit,DJ Mitchell
London Spirit,Mohammad Nabi
London Spirit,DA Warner
London Spirit,JA Thompson
London Spirit,KA Pollard
London Spirit,JL Denly
London Spirit,AC Kerr
London Spirit,KL Coppack
London Spirit,OP Stone
London Spirit,HC Knight
London Spirit,AM Rossington
London Spirit,S Munro
London Spirit,OJ Pope
London Spirit,LM Reece
London Spirit,KK Jennings
London Spirit,EJG Morgan
London Spirit,JP Inglis
London Spirit,RE van der Merwe
London Spirit,DR Gibson
London Spirit,AJ Freeborn
London Spirit,JB Cracknell
London Spirit,RS Bopara
London Spirit,BR McDermott
London Spirit,BL Mooney
London Spirit,BC Cullen
London Spirit,E Gray
London Spirit,RJ Gleeson
London Spirit,SO Hetmyer
London Spirit,CL Griffith
London Spirit,SN Luff
London Spirit,LA Dawson
London Spirit,L Wood
London Spirit,MM Lanning
London Spirit,G Redmayne
London Spirit,TG Southee
London Spirit,Z Crawley
London Spirit,DJ Bell-Drummond
London Spirit,BTJ Wheal
London Spirit,AD Russell
London Spirit,EA Burns
London Spirit,L Filer
London Spirit,SR Dickson
London Spirit,WL Madsen
London Spirit,MS Wade
London Spirit,TG Norris
London Spirit,MJJ Critchley
London Spirit,SE Rowe
London Spirit,KS Williamson
London Spirit,DJS Dottin
London Spirit,IECM Wong
London Spirit,JW Dernbach
London Spirit,CP Wood
London Spirit,N Harman
London Spirit,GJ Maxwell
London Spirit,G Ballinger
London Spirit,S Glenn
London Spirit,AZ Monaghan
London Spirit,JA Chohan
London Spirit,MS Crane
London Spirit,CR Knott
London Spirit,NAJ Wraith
London Spirit,RM Ghosh
London Spirit,AD Carr
London Spirit,ML Schutt
London Spirit,KM Chathli
London Spirit,Mohammad Amir
London Spirit,FR Davies
London Spirit,JA Simpson
London Spirit,ND Dattani
London Spirit,D Wiese
London Spirit,RF Higgins
London Spirit,CE Dean
London Spirit,JL Smith
London Spirit,G Scrivens
London Spirit,TT Beaumont
London Spirit,GM Harris
London Spirit,R Tyson
London Spirit,DJ Worrall
London Spirit,DB Sharma
London Spirit,AJ Turner
London Spirit,MS Pepper
London Spirit,J Overton
London Spirit,CL Tryon
London Spirit,N Holland
London Spirit,NT Ellis
London Spirit,DW Lawrence
Oval Invincibles,Rashid Khan
Oval Invincibles,NA Sowter
Oval Invincibles,SH Johnson
Oval Invincibles,K Moore
Oval Invincibles,RA Whiteley
Oval Invincibles,AC Jayangani
Oval Invincibles,NE Farrant
Oval Invincibles,JDS Neesham
Oval Invincibles,R MacDonald-Gay
Oval Invincibles,JA Haynes
Oval Invincibles,T Shamsi
Oval Invincibles,KM Chathli
Oval Invincibles,S Ismail
Oval Invincibles,Mohammad Amir
Oval Invincibles,PR Brown
Oval Invincibles,A Cranstone
Oval Invincibles,TS Muyeye
Oval Invincibles,Sophia Smale
Oval Invincibles,SW Bates
Oval Invincibles,GJ Gibbs
Oval Invincibles,DJ Malan
Oval Invincibles,SM Curran
Oval Invincibles,JP Behrendorff
Oval Invincibles,HWR Cartwright
Oval Invincibles,D Gregory
Oval Invincibles,LE Scott
Oval Invincibles,PR Stirling
Oval Invincibles,JJ Roy
Oval Invincibles,FC Wilson
Oval Invincibles,LJ Evans
Oval Invincibles,ZJ Chappell
Oval Invincibles,J Clark
Oval Invincibles,M Kapp
Oval Invincibles,S Mahmood
Oval Invincibles,DR Briggs
Oval Invincibles,TA Lammonby
Oval Invincibles,AAP Atkinson
Oval Invincibles,E Gray
Oval Invincibles,SP Narine
Oval Invincibles,PA Franklin
Oval Invincibles,SW Billings
Oval Invincibles,N de Klerk
Oval Invincibles,Miles Hammond
Oval Invincibles,ME Milnes
Oval Invincibles,SJ Bryce
Oval Invincibles,H Klaasen
Oval Invincibles,J Gardner
Oval Invincibles,A Capsey
Oval Invincibles,CA Ingram
Oval Invincibles,Mohammad Hasnain
Oval Invincibles,KE White
Oval Invincibles,P Hatzoglou
Oval Invincibles,TK Curran
Oval Invincibles,MK Villiers
Oval Invincibles,PJ Scholfield
Oval Invincibles,CL Griffith
Oval Invincibles,DJ Gibb
Oval Invincibles,R Slater
Oval Invincibles,L Harris
Oval Invincibles,E Windsor
Oval Invincibles,D van Niekerk
Oval Invincibles,MM Lanning
Oval Invincibles,RJW Topley
Oval Invincibles,L Winfield-Hill
Oval Invincibles,AJ Blake
Oval Invincibles,E Anderson
Oval Invincibles,D Ferreira
Oval Invincibles,A Zampa
Oval Invincibles,A Wellington
Oval Invincibles,WG Jacks
Oval Invincibles,JM Cox
Oval Invincibles,GL Adams
Oval Invincibles,RR Rossouw
Colts Cricket Club,H Wickramasinghe
Colts Cricket Club,M Lakshan
Colts Cricket Club,LD Chandimal
Colts Cricket Club,D Madushanka
Colts Cricket Club,H Gallage
Colts Cricket Club,DN Wellalage
Colts Cricket Club,A Dananjaya
Colts Cricket Club,YCK Epa
Colts Cricket Club,Hashan Dumindu
Colts Cricket Club,Y Rodrigo
Colts Cricket Club,UA Morais
Colts Cricket Club,A Hilmy
Colts Cricket Club,S Fonseka
Colts Cricket Club,P Maneesha
Colts Cricket Club,M Kularathne
Colts Cricket Club,S Manoj
Colts Cricket Club,D Lakshan
Colts Cricket Club,R Ganganath
Colts Cricket Club,HM Kapurubandara
Colts Cricket Club,T Wimaladharma
Colts Cricket Club,R Rasantha
Colts Cricket Club,C Battage
Colts Cricket Club,WRKS Darshika
Colts Cricket Club,Yashodha Lanka
Colts Cricket Club,K Anjula
Colts Cricket Club,S Krishnashriram
Colts Cricket Club,MMMS Cooray
Colts Cricket Club,WPU Madushan
Colts Cricket Club,Y Mendis
Colts Cricket Club,S de Mel
Colts Cricket Club,AD Mathews
Colts Cricket Club,Kavija Gamage
Bloomfield Cricket and Athletic Club,K Piyumal
Bloomfield Cricket and Athletic Club,DS Tillakaratne
Bloomfield Cricket and Athletic Club,S Nanayakkare
Bloomfield Cricket and Athletic Club,Sadev Soysa
Bloomfield Cricket and Athletic Club,T Mathew
Bloomfield Cricket and Athletic Club,M Premaratne
Bloomfield Cricket and Athletic Club,L Abeysinghe
Bloomfield Cricket and Athletic Club,JDF Vandersay
Bloomfield Cricket and Athletic Club,D Samuditha
Bloomfield Cricket and Athletic Club,EDBH Jayasinghe
Bloomfield Cricket and Athletic Club,KY de Silva
Bloomfield Cricket and Athletic Club,I Wijesundera
Bloomfield Cricket and Athletic Club,SKC Randunu
Bloomfield Cricket and Athletic Club,WMN Silva
Bloomfield Cricket and Athletic Club,LD Madushanka
Bloomfield Cricket and Athletic Club,H Boyagoda
Bloomfield Cricket and Athletic Club,E Malinga
Bloomfield Cricket and Athletic Club,RK Chandraguptha
Bloomfield Cricket and Athletic Club,TN Guruge
Bloomfield Cricket and Athletic Club,KPNM Karunanayake
Bloomfield Cricket and Athletic Club,ALKL Abeyrathne
Bloomfield Cricket and Athletic Club,A Wanninayake
Bloomfield Cricket and Athletic Club,Nisala Abeyratne
Bloomfield Cricket and Athletic Club,Adithya Ranaweera
Bloomfield Cricket and Athletic Club,RS Fernando
Bloomfield Cricket and Athletic Club,H Amarasinghe
Bloomfield Cricket and Athletic Club,S Jayathilake
Bloomfield Cricket and Athletic Club,J Liyanage
Bloomfield Cricket and Athletic Club,Chamath Wickramasingha
Bloomfield Cricket and Athletic Club,K Withanapathirana
Bloomfield Cricket and Athletic Club,T Harshana
Bloomfield Cricket and Athletic Club,D Samaraweera
Croatia,PS Roberts
Croatia,M Jukic
Croatia,Y Korniienko
Croatia,C Bevin
Croatia,I Majdancic
Croatia,H Leko
Croatia,V Romani
Croatia,L Stubbs
Croatia,P Bosnjak
Croatia,R Murugan
Croatia,A Razmilic
Croatia,E Vukusic
Croatia,ID Matic
Croatia,M Grzinic
Croatia,I Zigante
Croatia,P Senjug
Croatia,JD Newton
Croatia,A Govorko
Croatia,DJ Turkich
Croatia,SD Valjalo
Croatia,LW Potthoff
Croatia,OSB Tilley
Croatia,Saghar Manzoor
Croatia,A Awasthi
Croatia,J Danikula
Croatia,D Pavelic
Croatia,I Smotara
Croatia,Ivan Splicevic
Croatia,A Daxini
Croatia,M Durdevac
Croatia,A Charles
Croatia,D Marsic
Croatia,A Beresford-Peirse
Croatia,Sajid Khan
Croatia,N Davidovic
Croatia,S Bevin
Croatia,H Beresford-Peirse
Croatia,D Svilicic
Croatia,H Satheedevi
Croatia,A Chaubey
Croatia,D Faletar
Croatia,A Sathyan
Croatia,CP Turkich
Croatia,V Zanko
Croatia,V Rathinasamy
Croatia,M Modric
Croatia,L Krvaric
Croatia,Priyanka Reddy
Croatia,S Kucuksucu
Croatia,Rashid Hashmi
Croatia,B Jerkovic
Croatia,V Pulibanti
Croatia,L Sviben
Croatia,A Magdalenic
Croatia,CG Osborne
Croatia,H Bosnic
Croatia,S Houghton
Croatia,A Shukla
Croatia,H Hajnic
Croatia,A Maheshwari
Croatia,J Grzinic
Croatia,WK Bitis
Croatia,JM Vujinovich
Croatia,Naseem Khan
Croatia,A Curavic
Croatia,ZXM Vukusic
Croatia,SZ Peles
Croatia,Sohail Ahmad
Croatia,K Kekez
Croatia,A Faletar
Croatia,Jaikumar Thakur
Croatia,S Sebastian
Sierra Leone,N Squire
Sierra Leone,AK Bangura
Sierra Leone,J Lassayo
Sierra Leone,L Lamin
Sierra Leone,M King
Sierra Leone,B Williams
Sierra Leone,E Kamara
Sierra Leone,I Koroma
Sierra Leone,Brima Ansumana
Sierra Leone,G Sesay
Sierra Leone,AB Kamara
Sierra Leone,G Ngegba
Sierra Leone,H Sawaneh
Sierra Leone,Mohamed Khan
Sierra Leone,E Ernest
Sierra Leone,Z Kamara
Sierra Leone,M Mansaray
Sierra Leone,A Fillie
Sierra Leone,M Sankoh
Sierra Leone,M Turay
Sierra Leone,M Kpaka
Sierra Leone,C Bull
Sierra Leone,AL Kerai
Sierra Leone,Ibrahim Kpaka
Sierra Leone,I Mansaray
Sierra Leone,P Pratt
Sierra Leone,F Conteh
Sierra Leone,S Tarawally
Sierra Leone,Ibrahim Karim
Sierra Leone,M Sheriff
Sierra Leone,R Turay
Sierra Leone,L Bull
Sierra Leone,C Bah
Sierra Leone,R Tommy
Sierra Leone,I Komba
Sierra Leone,H Sawanneh
Sierra Leone,Adama Kamara
Sierra Leone,F Pessima
Sierra Leone,J Brewah
Sierra Leone,I Kamara
Sierra Leone,A Kainessie
Sierra Leone,F Bangur
Sierra Leone,A Gbla
Sierra Leone,O Compagnie-Coker
Sierra Leone,HR Bhamu
Sierra Leone,S Conteh
Sierra Leone,Zahid Khan
Sierra Leone,JF Bangura
Sierra Leone,S Williams
Sierra Leone,Mohamed Turay
Sierra Leone,AM Kamara
Sierra Leone,J Bangura
Sierra Leone,R Coker
Sierra Leone,A Turay
Sierra Leone,J Kowa
Sierra Leone,I Quee
Sierra Leone,Aminata Kamara
Sierra Leone,J Newland
Sierra Leone,R Kassim
Sierra Leone,Y Jalloh
Sierra Leone,F Parkinson
Eswatini,T Malinga
Eswatini,N Simelane
Eswatini,N Khumalo
Eswatini,H Jangariya
Eswatini,A Nyirenda
Eswatini,S Jele
Eswatini,H Rashid
Eswatini,L Thobela
Eswatini,LS Simelane
Eswatini,P Dlamini
Eswatini,Noncedo Simelane
Eswatini,N Magagula
Eswatini,OS Dlamini
Eswatini,N Mamba
Eswatini,BM Dlamini
Eswatini,M Dlamini
Eswatini,R Sandeep
Eswatini,M Jele
Eswatini,T Sandeep
Eswatini,LN Shabalala
Eswatini,D Dlamini
Eswatini,D Polpitiya
Eswatini,ZN Shabalala
Eswatini,N Mabila
Eswatini,Umair Qasim
Eswatini,M Magagula
Eswatini,Adil Butt
Eswatini,W Ginindza
Eswatini,C Forbes
Eswatini,Naeem Gull
Eswatini,K Maseko
Eswatini,Saqib Anwar
Eswatini,Muhammad Amin
Eswatini,Kamrul Hasan
Eswatini,M Khojbariya
Eswatini,Het Patel
Eswatini,M Kulfiwala
Eswatini,T Dlamini
Eswatini,J Suleman
Eswatini,N Gwebu
Eswatini,L Mamba
Eswatini,Eric Phiri
Eswatini,W Dlamini
Eswatini,Ntombizonke MKhatshwa
Eswatini,JJ Wright
Eswatini,Ntombizodwa Mkhatshwa
Eswatini,TW Dlamini
Eswatini,S Mabuza
Eswatini,LM Gwebu
Eswatini,S Phakathi
Eswatini,M May
Eswatini,Mohammed Alamgir
Eswatini,S Kubheka
Karachi Kings,Aamer Yamin
Karachi Kings,Sahibzada Farhan
Karachi Kings,Ihsanullah
Karachi Kings,Tayyab Tahir
Karachi Kings,Muhammad Musa
Karachi Kings,RN ten Doeschate
Karachi Kings,Muhammad Riazullah
Karachi Kings,LS Livingstone
Karachi Kings,Mohammad Nabi
Karachi Kings,CJ Jordan
Karachi Kings,Arshad Iqbal
Karachi Kings,Noor Ahmad
Karachi Kings,Mukhtar Ahmed
Karachi Kings,Irfan Khan
Karachi Kings,DA Warner
Karachi Kings,JA Thompson
Karachi Kings,Fawad Ali
Karachi Kings,KA Pollard
Karachi Kings,Saifullah Bangash
Karachi Kings,Anwar Ali
Karachi Kings,Waseem Muhammad
Karachi Kings,JL Denly
Karachi Kings,Abrar Ahmed
Karachi Kings,CA Ingram
Karachi Kings,TS Mills
Karachi Kings,Rohail Nazir
Karachi Kings,Waqas Maqsood
Karachi Kings,RR Hendricks
Karachi Kings,AM Rossington
Karachi Kings,Saad Baig
Karachi Kings,Mohammad Rizwan
Karachi Kings,A Zampa
Karachi Kings,JL du Plooy
Karachi Kings,Awais Zia
Karachi Kings,Aamer Jamal
Karachi Kings,Haider Ali
Karachi Kings,AF Milne
Karachi Kings,EJG Morgan
Karachi Kings,Khushdil Shah
Karachi Kings,Umaid Asif
Karachi Kings,Qasim Akram
Karachi Kings,Azam Khan
Karachi Kings,C Munro
Karachi Kings,Danish Aziz
Karachi Kings,Shoaib Malik
Karachi Kings,JJ Roy
Karachi Kings,RS Bopara
Karachi Kings,BR McDermott
Karachi Kings,Babar Azam
Karachi Kings,MJ Guptill
Karachi Kings,Hasan Ali
Karachi Kings,Sharjeel Khan
Karachi Kings,TA Lammonby
Karachi Kings,Mohammad Taha
Karachi Kings,SE Rutherford
Karachi Kings,B Muzarabani
Karachi Kings,AW Summers
Karachi Kings,Usman Shinwari
Karachi Kings,Zahid Mahmood
Karachi Kings,Shahid Aziz
Karachi Kings,Sohail Khan
Karachi Kings,Mohammad Hamza
Karachi Kings,TL Seifert
Karachi Kings,Abbas Afridi
Karachi Kings,Arafat Minhas
Karachi Kings,Agha Salman
Karachi Kings,DPMD Jayawardene
Karachi Kings,AD Hales
Karachi Kings,CAK Walton
Karachi Kings,LMP Simmons
Karachi Kings,JM Clarke
Karachi Kings,Rizwanullah
Karachi Kings,AJ Tye
Karachi Kings,CH Gayle
Karachi Kings,DR Sams
Karachi Kings,Umer Khan
Karachi Kings,MS Wade
Karachi Kings,Shan Masood
Karachi Kings,JK Fuller
Karachi Kings,MH Wessels
Karachi Kings,Shahzaib Hasan
Karachi Kings,DT Christian
Karachi Kings,Khurram Manzoor
Karachi Kings,Mohammad Imran
Karachi Kings,WD Parnell
Karachi Kings,Imran Tahir
Karachi Kings,Mohammad Irfan (4)
Karachi Kings,L Gregory
Karachi Kings,Usama Mir
Karachi Kings,Imad Wasim
Karachi Kings,MM Ali
Karachi Kings,Nauman Anwar
Karachi Kings,Mohammad Amir Khan
Karachi Kings,Mushfiqur Rahim
Karachi Kings,Akif Javed
Karachi Kings,Mohammad Umar
Karachi Kings,Iftikhar Ahmed
Karachi Kings,Shahid Afridi
Karachi Kings,Mir Hamza
Karachi Kings,IA Cockbain
Karachi Kings,NLTC Perera
Karachi Kings,Sikandar Raza
Karachi Kings,T Shamsi
Karachi Kings,Muhammad Akhlaq
Karachi Kings,Mohammad Amir
Karachi Kings,Bilawal Bhatti
Karachi Kings,JM Vince
Karachi Kings,D Wiese
Karachi Kings,Mohammad Ilyas
Karachi Kings,MJ McClenaghan
Karachi Kings,Omair Yousuf
Karachi Kings,Kashif Bhatti
Karachi Kings,KC Sangakkara
Karachi Kings,Sohail Tanvir
Karachi Kings,Mohammad Nawaz
Karachi Kings,CS Delport
Karachi Kings,Ali Khan
Karachi Kings,Shakib Al Hasan
Karachi Kings,BR Dunk
Karachi Kings,Najibullah Zadran
Karachi Kings,BCJ Cutting
Mexico,KB Patil
Mexico,DL Mejia
Mexico,DP Hernandez
Mexico,DV Devjani Mutreja
Mexico,SMR Ruelas
Mexico,DVO Garcia
Mexico,J Byrappa
Mexico,Shashikant Laxman
Mexico,Gurpreet Singh
Mexico,Harprit Singh
Mexico,SB Wagh
Mexico,Tarun Sharma
Mexico,Puneet Arora
Mexico,A Tripathi
Mexico,MCR Mohedano
Mexico,E Franco
Mexico,Seetharam Guruvayoorappan
Mexico,M Noble
Mexico,Mukesh Singh
Mexico,Praveen Santhanakrishnan
Mexico,Shantanu Kaveri
Mexico,S Sharma
Mexico,SK Lahiri
Mexico,Kalyan Manne
Mexico,Luis Hermida
Mexico,PK Mohanarangam
Mexico,Kaushal Kumar
Mexico,S Elayaperumal
Mexico,G Morales
Mexico,LK Sharma
Mexico,RK Singh
Mexico,Abhilash Patil
Mexico,T Salcedo
Mexico,Amir Butt
Mexico,Pratik Singh Bais
Mexico,D Ebersohn
Mexico,R Ankad
Mexico,MZR Mohedano
Mexico,Shoaib Rafiq
Mexico,MAL Torres
Mexico,J Umanath
Mexico,R Poojary
Mexico,GE Gutierrez Chavez
Mexico,Bhargav Narasimha
Mexico,Hassan Nasir
Mexico,AC Septien
Mexico,JF Jimenez
Mexico,Ankush Singh
Mexico,I Rodriguez
Mexico,R Galgalikar
Mexico,D Panda
Mexico,M Ortiz
Mexico,S Kochar
Mexico,Y Jasti
Cayman Islands,KA Bazil
Cayman Islands,YSD Seneveratne
Cayman Islands,T Taylor
Cayman Islands,GM Strydom
Cayman Islands,Ronald Ebanks
Cayman Islands,S Foster
Cayman Islands,C Hauptfleisch
Cayman Islands,A Gavde
Cayman Islands,IR Rotsey
Cayman Islands,ROC Dunka
Cayman Islands,RA Sealy
Cayman Islands,A Hoilett
Cayman Islands,MO Bryan
Cayman Islands,P Manning
Cayman Islands,O Bryan
Cayman Islands,AR Naidoo
Cayman Islands,D Johnson
Cayman Islands,RD Bovell
Cayman Islands,N Sellars
Cayman Islands,R Edwards
Cayman Islands,J Baker
Cayman Islands,Davion Codner
Cayman Islands,D Cato
Cayman Islands,A Wright
Cayman Islands,T Hewa
Cayman Islands,RN Roach
Cayman Islands,M Manivannan
Cayman Islands,R Ebanks
Cayman Islands,Karthik Jayaraj
Cayman Islands,SA Mohamed
Cayman Islands,P Chin
Cayman Islands,J Buchanan
Cayman Islands,LHB Harrington-Myers
Cayman Islands,C Cato
Cayman Islands,C Palmer
Cayman Islands,Z McLaughlin
Cayman Islands,C Wright
Cayman Islands,KF Bazil
Cayman Islands,PI Best
Cayman Islands,BKB Corbin
Cayman Islands,OR Willis
Cayman Islands,Gregory Smith
Cayman Islands,R Walker
Cayman Islands,A Morris
Cayman Islands,AF Ifill
Cayman Islands,J Linton
Cayman Islands,AE Hall
Cayman Islands,V Dhaniram
Cayman Islands,P Heron
Cayman Islands,A Dhar
Cayman Islands,Sunil
Cayman Islands,D McInnis
Cayman Islands,KR Ebanks
Antigua and Barbuda Falcons,Hassan Khan
Antigua and Barbuda Falcons,OF Smith
Antigua and Barbuda Falcons,Salman Irshad
Antigua and Barbuda Falcons,K Pitman
Antigua and Barbuda Falcons,K Gore
Antigua and Barbuda Falcons,Mohammad Amir
Antigua and Barbuda Falcons,RS Primus
Antigua and Barbuda Falcons,JP Greaves
Antigua and Barbuda Falcons,OC McCoy
Antigua and Barbuda Falcons,Fakhar Zaman
Antigua and Barbuda Falcons,AM Ghazanfar
Antigua and Barbuda Falcons,J Andrew
Antigua and Barbuda Falcons,SW Billings
Antigua and Barbuda Falcons,KO Wickham
Antigua and Barbuda Falcons,RRS Cornwall
Antigua and Barbuda Falcons,AGS Gous
Antigua and Barbuda Falcons,JN Hamilton
Antigua and Barbuda Falcons,Usama Mir
Antigua and Barbuda Falcons,Imad Wasim
Antigua and Barbuda Falcons,JNT Seales
Antigua and Barbuda Falcons,TJ Bishop
Antigua and Barbuda Falcons,FA Allen
Antigua and Barbuda Falcons,SK Springer
Antigua and Barbuda Falcons,Shakib Al Hasan
Antigua and Barbuda Falcons,JM James
Antigua and Barbuda Falcons,KHM James
Antigua and Barbuda Falcons,AA Jangoo
Antigua and Barbuda Falcons,BA King
Antigua and Barbuda Falcons,HR Walsh
Antigua and Barbuda Falcons,CJ Green
Antigua and Barbuda Falcons,BJ Jacobs
Gujarat Titans,JO Holder
Gujarat Titans,BR Sharath
Gujarat Titans,Rashid Khan
Gujarat Titans,MM Sharma
Gujarat Titans,S Sandeep Warrier
Gujarat Titans,J Little
Gujarat Titans,G Coetzee
Gujarat Titans,GD Phillips
Gujarat Titans,Shubman Gill
Gujarat Titans,K Rabada
Gujarat Titans,SH Johnson
Gujarat Titans,Kumar Kushagra
Gujarat Titans,Ashok Sharma
Gujarat Titans,R Sai Kishore
Gujarat Titans,R Tewatia
Gujarat Titans,AS Joseph
Gujarat Titans,Noor Ahmad
Gujarat Titans,Washington Sundar
Gujarat Titans,Mohammed Siraj
Gujarat Titans,MS Wade
Gujarat Titans,MJ Suthar
Gujarat Titans,BKG Mendis
Gujarat Titans,MD Shanaka
Gujarat Titans,A Manohar
Gujarat Titans,Azmatullah Omarzai
Gujarat Titans,HH Pandya
Gujarat Titans,Yash Dayal
Gujarat Titans,Mohammed Shami
Gujarat Titans,K Khejroliya
Gujarat Titans,DA Miller
Gujarat Titans,SE Rutherford
Gujarat Titans,J Yadav
Gujarat Titans,KS Williamson
Gujarat Titans,PJ Sangwan
Gujarat Titans,N Sindhu
Gujarat Titans,UT Yadav
Gujarat Titans,Kartik Tyagi
Gujarat Titans,Karim Janat
Gujarat Titans,M Shahrukh Khan
Gujarat Titans,VR Aaron
Gujarat Titans,WP Saha
Gujarat Titans,Arshad Khan
Gujarat Titans,I Sharma
Gujarat Titans,LH Ferguson
Gujarat Titans,B Sai Sudharsan
Gujarat Titans,JC Buttler
Gujarat Titans,V Shankar
Gujarat Titans,DG Nalkande
Gujarat Titans,M Prasidh Krishna
Barisal Bulls,Mohammad Sami
Barisal Bulls,Suhrawadi Shuvo
Barisal Bulls,NLTC Perera
Barisal Bulls,CH Gayle
Barisal Bulls,Fazle Mahmud
Barisal Bulls,Monir Hossain
Barisal Bulls,JJ Cobb
Barisal Bulls,DJ Malan
Barisal Bulls,Sohag Gazi
Barisal Bulls,Abu Hider
Barisal Bulls,Mahmudullah
Barisal Bulls,S Prasanna
Barisal Bulls,Shamsur Rahman
Barisal Bulls,Shahriar Nafees
Barisal Bulls,Kamrul Islam Rabbi
Barisal Bulls,Nadif Chowdhury
Barisal Bulls,Mehedi Maruf
Barisal Bulls,Sajedul Islam
Barisal Bulls,Al-Amin Hossain
Barisal Bulls,EMDY Munaweera
Barisal Bulls,RR Emrit
Barisal Bulls,Taijul Islam
Barisal Bulls,E Lewis
Barisal Bulls,Mushfiqur Rahim
Barisal Bulls,BMAJ Mendis
Barisal Bulls,N Dutta
Barisal Bulls,Rony Talukdar
Barisal Bulls,Sabbir Rahman
Barisal Bulls,Enamul Haque
Barisal Bulls,KK Cooper
Barisal Bulls,Rumman Raees
Barisal Bulls,BRM Taylor
Barisal Bulls,Mahedi Hasan
Oman,Shuaib Al Balushi
Oman,S Shrivastava
Oman,AL Tiwari
Oman,Suraj Kumar
Oman,ECM Egodagamage
Oman,Aamir Kaleem
Oman,A Dcosta
Oman,S Jeelany
Oman,Lujaina
Oman,Muhammad Saeed
Oman,Sultan Ahmed
Oman,VS Wategaonkar
Oman,AA Shafique
Oman,Sufyan Yousaf
Oman,A Gunasekar
Oman,PE Mendonca
Oman,Sani E Zehra
Oman,PD Macchi
Oman,Y Verma
Oman,Alifiya Sayed
Oman,Badal Singh
Oman,S Nair
Oman,SK Shetty
Oman,HJ Mehta
Oman,KD Jayawant
Oman,NM Anil
Oman,Ayan Khan
Oman,B Shetty
Oman,Rafiullah
Oman,Arif Hussain
Oman,Hasnain Ul Wahab
Oman,SS Khadye
Oman,Mujibur Ali
Oman,Shakeel Ahmed
Oman,Wasim Ali
Oman,Khawar Ali
Oman,TK Bhandari
Oman,Aqib Ilyas
Oman,SA Sathiya
Oman,M Ansari
Oman,Mohammad Nadeem
Oman,Sufyan Mehmood
Oman,Afida Afthab
Oman,Bilal Shah
Oman,MVS Michal
Oman,Khalid Kail
Oman,PS Athavale
Oman,V Jesrani
Oman,RJ Ranpura
Oman,KH Prajapati
Oman,Kaleemullah
Oman,V Shukla
Oman,A Poulose
Oman,S Channa
Oman,SV Shetty
Oman,KN Riaz
Oman,Jatinder Singh
Oman,N Jagadish
Oman,Zeeshan Siddiqui
Oman,Jay Odedra
Oman,K Sonavale
Oman,Javed Hira
Oman,SS Prabhu
Oman,Hashir Dafedar
Oman,Javed Hina
Oman,Areeba Mughal
Oman,Khurram Nawaz
Oman,N Joshi
Oman,Bilal Khan
Oman,Shafiq Jan
Oman,Fayyaz Butt
Oman,Fiza
Oman,AV Lalcheta
Oman,J Gunasekar
Oman,ME Sanuth
Oman,Sameera Khan
Oman,Shah Faisal
Oman,Sandeep Goud
Oman,Hassnain Shah
Oman,Hammad Mirza
Oman,Shoaib Khan
Oman,Naseem Khushi
Oman,Muzahir Raza
Oman,Adnan Ilyas
Oman,Zikria Islam
Oman,Muhammed Imran
Oman,A Ramesh
Oman,B Siddharth
Oman,TB Pawde
Oman,AR Bisht
Oman,Nadeem Khan
Oman,Amishi Sarkar
Oman,J Ramanandi
Oman,Nestor Dhamba
Oman,Ghazanfar Iqbal
Oman,Mehran Khan
Oman,AR Odedara
Oman,Amir Ali
Oman,CM Saldanha
Oman,AR Shetty
Oman,LN Saishiv
Oman,Zeeshan Maqsood
Cape Cobras,RK Kleinveldt
Cape Cobras,Z Abrahams
Cape Cobras,SM Khomari
Cape Cobras,OA Shah
Cape Cobras,C Bosch
Cape Cobras,JL Ontong
Cape Cobras,HH Gibbs
Cape Cobras,OA Ramela
Cape Cobras,MV Boucher
Cape Cobras,S Simetu
Cape Cobras,FC Plaatjies
Cape Cobras,GC Smith
Cape Cobras,D Paterson
Cape Cobras,C Jonker
Cape Cobras,NM Serame
Cape Cobras,O Nyaku
Cape Cobras,DL Piedt
Cape Cobras,Siyabonga Mahima
Cape Cobras,DJ Vilas
Cape Cobras,KA Pollard
Cape Cobras,RJ Peterson
Cape Cobras,Azhar Mahmood
Cape Cobras,KD Petersen
Cape Cobras,DW Steyn
Cape Cobras,HM Amla
Cape Cobras,MQ Adams
Cape Cobras,JH Kallis
Cape Cobras,M Shezi
Cape Cobras,GF Linde
Cape Cobras,SP Narine
Cape Cobras,BE Hendricks
Cape Cobras,S van Zyl
Cape Cobras,AG Puttick
Cape Cobras,WD Parnell
Cape Cobras,JM Kemp
Cape Cobras,FD Adams
Cape Cobras,JF Smith
Cape Cobras,T de Zorzi
Cape Cobras,J Louw
Cape Cobras,LB Williams
Cape Cobras,SA Engelbrecht
Cape Cobras,LC Ngoepe
Cape Cobras,K Verreynne
Cape Cobras,CP Savage
Cape Cobras,C Koyana
Cape Cobras,I Manack
Cape Cobras,JN Malan
Cape Cobras,GB Hogg
Cape Cobras,TL Moreki
Cape Cobras,AJA Gray
Cape Cobras,Zubayr Hamza
Cape Cobras,DG Bedingham
Cape Cobras,VD Philander
Cape Cobras,RE Levi
Cape Cobras,CK Langeveldt
Cape Cobras,C Tshiki
Cape Cobras,T Bokako
Cape Cobras,T Bavuma
Cape Cobras,M Nabe
Cape Cobras,MY Vallie
Cape Cobras,A Mgijima
Cape Cobras,JP Duminy
Western Australia,WG Bosisto
Western Australia,H McKenzie
Western Australia,JS Paris
Western Australia,CH Stobo
Western Australia,M Kelly
Western Australia,BJ Holt
Western Australia,JP Inglis
Western Australia,SP Mackin
Western Australia,LR Morris
Western Australia,AJ Tye
Western Australia,AM Hardie
Western Australia,S Fanning
Western Australia,A Esterhuysen
Western Australia,NR Hobson
Western Australia,JR Philippe
Western Australia,HWR Cartwright
Western Australia,JP Behrendorff
Western Australia,M Spoors
Western Australia,JA Richardson
Western Australia,JW Wells
Western Australia,BA Jackson
Western Australia,SE Marsh
Western Australia,C Green
Western Australia,LN O'Connor
Western Australia,J Nicholas
Western Australia,KG Critchell
Western Australia,JL Curtis
Western Australia,J Goodwin
Western Australia,MR Marsh
Western Australia,JM Carder
Western Australia,CT Bancroft
Western Australia,BL Couch
Western Australia,L Guthrie
Western Australia,K Povey
Western Australia,T Wyllie
Western Australia,AB Holder
Western Australia,DJM Moody
Western Australia,CJ Rocchiccioli
Western Australia,DJM Short
Western Australia,AJ Turner
Western Australia,AA Bevilaqua
Western Australia,CD Hinchliffe
Western Australia,AC Agar
Western Australia,C Connolly
Western Australia,MP Stoinis
Western Australia,CJ Gannon
Western Australia,M Beardman
Western Australia,W Malajczuk
Western Australia,L Haskett
Western Australia,SM Whiteman
Samoa,D Finau
Samoa,D Visser
Samoa,F Suluoto
Samoa,AJ Michael
Samoa,ML Su'a
Samoa,Leitu Leong
Samoa,P Sua
Samoa,MFL Tafea
Samoa,V Talalelei
Samoa,T Kaisala
Samoa,LA Bourne
Samoa,F Malotutoatasi
Samoa,KML Nonu
Samoa,G Clarke
Samoa,F Sisifo
Samoa,SM Nash
Samoa,LS Mulivai
Samoa,TH Semau
Samoa,AM Kupito
Samoa,A Sootaga
Samoa,RP Johnston
Samoa,O Lefaga
Samoa,T Iosefo
Samoa,F Tiuga
Samoa,J Sanele
Samoa,F Anitoni
Samoa,JT Manase
Samoa,BF Mailata
Samoa,DE Roache
Samoa,SJ French
Samoa,LR Aoina
Samoa,FLV Pula
Samoa,C Agafili
Samoa,VM Andrew
Samoa,SU Falo
Samoa,F Sapatu
Samoa,JD Baker
Samoa,MJ Tugaga
Samoa,W Mariner
Samoa,T Lafai
Samoa,IC West
Samoa,B Schuster
Samoa,AF Aoina
Samoa,MI Tato
Samoa,F Vaelua
Samoa,F Mulivai
Samoa,T Alatasi
Samoa,SR Aoina
Samoa,A Iopu
Samoa,DP Michael
Samoa,SF Tiai
Samoa,A Ilaoa
Samoa,NJM Salima
Samoa,LRPL Taylor
Samoa,LO Telea
Samoa,ETV Vaaetasi
Samoa,RSM Lili'i
Samoa,N Vaasili
Samoa,EF Faalupega
Samoa,S Sola
Samoa,T Misi
Samoa,ML Maiava
Samoa,P Amosa
Samoa,P Pritchard
Samoa,D Kalifa
Samoa,Noah Mead
Samoa,U Sofi
Samoa,JS Tofilua
Samoa,V Tafea
Samoa,F Vaaetasi
Samoa,TM Faimalo
Samoa,DE Burgess
Samoa,S Cotter
Samoa,CK Jasmat
Samoa,M Uliao
Samoa,AF Mapu
Samoa,KAB Hynam-Nyberg
Samoa,SM Solia
Samoa,L Evile
Bhutan,GK Ghalley
Bhutan,T Lhaden
Bhutan,DK Subba
Bhutan,K Dema
Bhutan,Sangay Zangmo
Bhutan,K Norbu
Bhutan,Sangay Yangzom
Bhutan,S Chophel
Bhutan,S Paldon
Bhutan,K Nima
Bhutan,TJ Yoezer
Bhutan,S Chhetri
Bhutan,Y Wangmo
Bhutan,T Tshering
Bhutan,DS Gurung
Bhutan,Kumar Subba
Bhutan,R Limbu
Bhutan,JN Dorji
Bhutan,K Dorji
Bhutan,Tashi Dorji
Bhutan,D Dorji
Bhutan,K Samten
Bhutan,B Wakhley
Bhutan,Tshering Choden
Bhutan,Namgay Thinley
Bhutan,T Jamtsho
Bhutan,T Cheki
Bhutan,D Wangmo
Bhutan,S Loday
Bhutan,T Yangchen
Bhutan,N Choden
Bhutan,Y Choden
Bhutan,T Zangmo
Bhutan,R Pradhan
Bhutan,Tenjin Rabgey
Bhutan,K Penjor
Bhutan,T Chopel
Bhutan,J Thinley
Bhutan,P Wangdi
Bhutan,Tandin Wangchuk
Bhutan,S Pradhan
Bhutan,Chado Om
Bhutan,L Yonten
Bhutan,Sonam
Bhutan,S Tobgay
Bhutan,RM Dorji
Bhutan,Tashi Phuntsho
Bhutan,A Gurung
Bhutan,Manoj Adhikari
Bhutan,J Singye
Bhutan,Tenzin Wangchuk jnr
Bhutan,Suman Pradhan
Bhutan,S Choden
Bhutan,U Dorji
Bhutan,R Choden
Bhutan,P Seldon
Bhutan,Ngawang Thinley
Bhutan,N Chejay
Bhutan,K Loday
Bhutan,Mamta Rai
Bhutan,T Singye
Bhutan,Ugyen Dorji
Bhutan,Riya Pradhan
Bhutan,Kinley Bidha
Bhutan,Sonam Palden
Bhutan,K Ghalley
Bhutan,D Dawa
Bhutan,A Mongar
Bhutan,Dechen Zangmo
Bhutan,B Luitel
Bhutan,Karma Dorji
Bhutan,T Dorji
Bhutan,Rohit Limbu
Bhutan,S Yeshi
Bhutan,SR Gurung
Bhutan,Sangay Wangmo
Bhutan,Tshering Tashi
Bhutan,T Wangchuk
Bhutan,Eva Somsel Yangzom
Bhutan,Anjuli Ghalley
Sylhet Strikers,Nazmul Islam
Sylhet Strikers,Mashrafe Mortaza
Sylhet Strikers,Gulbadin Naib
Sylhet Strikers,Tanzim Hasan Sakib
Sylhet Strikers,Nayeem Hasan
Sylhet Strikers,Zawad Abrar
Sylhet Strikers,NLTC Perera
Sylhet Strikers,I Udana
Sylhet Strikers,Samiullah Shenwari
Sylhet Strikers,TJ Moores
Sylhet Strikers,Mohammad Haris
Sylhet Strikers,MADI Hemantha
Sylhet Strikers,Mohammad Amir
Sylhet Strikers,K Lewis
Sylhet Strikers,Aaron Jones
Sylhet Strikers,R Ngarava
Sylhet Strikers,CN Ackermann
Sylhet Strikers,Mohammad Irfan
Sylhet Strikers,Nahidul Islam
Sylhet Strikers,Ruyel Miah
Sylhet Strikers,BAC Howell
Sylhet Strikers,Jaker Ali
Sylhet Strikers,JL Jaggesar
Sylhet Strikers,Nazmul Hossain Shanto
Sylhet Strikers,Nihaduzzaman
Sylhet Strikers,PR Stirling
Sylhet Strikers,Tipu Sultan
Sylhet Strikers,Sharifullah
Sylhet Strikers,Shamsur Rahman
Sylhet Strikers,Ariful Haque
Sylhet Strikers,Ahsan Bhatti
Sylhet Strikers,Zakir Hasan
Sylhet Strikers,Mohammad Mithun
Sylhet Strikers,Sunzamul Islam
Sylhet Strikers,GF Linde
Sylhet Strikers,K Alleyne
Sylhet Strikers,Rejaur Rahman
Sylhet Strikers,Al-Amin Hossain
Sylhet Strikers,Yasir Ali Chowdhury
Sylhet Strikers,HT Tector
Sylhet Strikers,Sumon Khan
Sylhet Strikers,RRS Cornwall
Sylhet Strikers,Akbar Ali
Sylhet Strikers,Towhid Hridoy
Sylhet Strikers,Imad Wasim
Sylhet Strikers,Mushfiqur Rahim
Sylhet Strikers,HG Munsey
Sylhet Strikers,RP Burl
Sylhet Strikers,Rubel Hossain
Sylhet Strikers,Rony Talukdar
Sylhet Strikers,L Wood
Sylhet Strikers,Sajjadul Haque
Sylhet Strikers,RJW Topley
Sylhet Strikers,AK Perera
Sylhet Strikers,Nabil Samad
Sylhet Strikers,Shafiqullah Ghafari
Sylhet Strikers,Shafiqul Islam
Sylhet Strikers,BCJ Cutting
Sylhet Strikers,SR Patel
Canterbury,DJ Mitchell
Canterbury,ZGF Foulkes
Canterbury,DG Brownlie
Canterbury,TD Astle
Canterbury,TWM Latham
Canterbury,GJ Dawson
Canterbury,MJ Hay
Canterbury,BP Coburn
Canterbury,KP Irwin
Canterbury,HK Bennett
Canterbury,JCT Boyle
Canterbury,CD Fletcher
Canterbury,EJ Nuttall
Canterbury,CB Paul
Canterbury,BA Stokes
Canterbury,DJ Hunter
Canterbury,S Pandey
Canterbury,AG Gerken
Canterbury,MWT Boyle
Canterbury,EK Kench
Canterbury,JS Case
Canterbury,MA Pollard
Canterbury,GES Sullivan
Canterbury,HB Shipley
Canterbury,IS Sodhi
Canterbury,MSJ Davidson
Canterbury,MB McEwan
Canterbury,FL Mackay
Canterbury,AC Mace-Cochrane
Canterbury,SL Stewart
Canterbury,T Muller
Canterbury,DRH Prasad
Canterbury,BJ Diamanti
Canterbury,MW Hay
Canterbury,GM Andrew
Canterbury,SG Cornelius
Canterbury,LA Stead
Canterbury,TJ MacRury
Canterbury,FW Sheat
Canterbury,HJ Chamberlain
Canterbury,NM Kwant
Canterbury,LJ Carter
Canterbury,M Penna
Canterbury,SJC Keen
Canterbury,CE McConchie
Canterbury,Fatima Sana
Canterbury,SR Asmussen
Canterbury,FC Wilson
Canterbury,SJ Murdoch
Canterbury,B Cachopa
Canterbury,WSA Williams
Canterbury,AG Hotton
Canterbury,MJ Banks
Canterbury,LV van Beek
Canterbury,SB Davey
Canterbury,FG Anderson
Canterbury,MJ Henry
Canterbury,LMM Tahuhu
Canterbury,W O'Rourke
Canterbury,TF van Woerkom
Canterbury,LEV Hughes
Canterbury,TM Lortan
Canterbury,IG Sharp
Canterbury,Raunaq Kapur
Canterbury,AE Satterthwaite
Canterbury,DR Sams
Canterbury,KM Sims
Canterbury,RJ Nicol
Canterbury,NE Stalenberg
Canterbury,MD Rae
Canterbury,ATE Hazeldine
Canterbury,BEW McCord
Canterbury,JA Simmons
Canterbury,AW McKenzie
Canterbury,RM Hira
Canterbury,BR Hampton
Canterbury,AM Ellis
Canterbury,WM Lonsdale
Canterbury,S Molineux
Canterbury,GH Worker
Canterbury,JJA Frew
Canterbury,NB Cox
Canterbury,J Dean
Canterbury,PG Fulton
Canterbury,CT Cameron
Canterbury,HM Nicholls
Canterbury,KJ McClure
Canterbury,RJ McCone
Canterbury,JTA Benton
Canterbury,JL Savage
Canterbury,KA Jamieson
Canterbury,RA Mariu
Canterbury,KE Ebrahim
Canterbury,KM Chandler
Canterbury,TJ Garrett
Canterbury,KJ Havill
Canterbury,KFG Nation
Canterbury,MJG Rippon
Canterbury,CJ Bowes
Canterbury,TG Johnston
Canterbury,KG Anderson
Canterbury,LG Smith
Canterbury,GE Edge
Canterbury,LLB Harper
Canterbury,NT Broom
Canterbury,SJG Janett
Canterbury,BJ Jacobs
Saudi Arabia,Shanawaz Khan
Saudi Arabia,Ghayour Ahmad
Saudi Arabia,Abdullah Qureshi
Saudi Arabia,Imtiaz Khan
Saudi Arabia,C Sewsunker
Saudi Arabia,Atif-Ur-Rehman
Saudi Arabia,Abdul Qadir
Saudi Arabia,Shahzaib
Saudi Arabia,Kashif Abbas
Saudi Arabia,Roheel Shamus
Saudi Arabia,Adil Butt
Saudi Arabia,Sajid Cheema
Saudi Arabia,Faisal Khan
Saudi Arabia,Rumaisa Jawad Nasir
Saudi Arabia,Zain Ul Abidin
Saudi Arabia,Usman Khalid
Saudi Arabia,Adnan Liaquat
Saudi Arabia,Zoha Irfan
Saudi Arabia,Emaan Ejaz
Saudi Arabia,Gulam Mustafa
Saudi Arabia,Shahbaz Rasheed
Saudi Arabia,Hammad Saeed
Saudi Arabia,S Sankar
Saudi Arabia,Kashif Siddique
Saudi Arabia,Rida Syeda
Saudi Arabia,Abdul Waheed
Saudi Arabia,Nadeem Javed
Saudi Arabia,Ahmed Baladraf
Saudi Arabia,Zuhair Muhammad
Saudi Arabia,Khazaima
Saudi Arabia,Saud Syed Iqbal Ahmad
Saudi Arabia,Khawar Zafar
Saudi Arabia,Waqar Ul Hassan
Saudi Arabia,Ashmal Hashmi
Saudi Arabia,Muhammad Naeem
Saudi Arabia,Faheem Afrad
Saudi Arabia,Imran Azam
Saudi Arabia,Usman Quddusi
Saudi Arabia,Umair Sharif
Saudi Arabia,Aridah Umer Farooq
Saudi Arabia,Mah Noor Amir
Saudi Arabia,Shoaib Ali
Saudi Arabia,Shamsudheen Purat
Saudi Arabia,Zuber Sunasara
Saudi Arabia,Ihsan Ullah
Saudi Arabia,Waji Ul Hassan
Saudi Arabia,Manan Ali
Saudi Arabia,Zahoor Ahmad
Saudi Arabia,Laiba Nasrullah
Saudi Arabia,Khalander Mustafa
Saudi Arabia,Irshad Mubbashar
Saudi Arabia,Saba Ali Syeda
Saudi Arabia,Fatima Abbas
Saudi Arabia,Inayat Saeed
Saudi Arabia,Ahmad Raza
Saudi Arabia,Saad Khan
Saudi Arabia,Sara
Saudi Arabia,Babar Hussain
Saudi Arabia,Imran Arif
Saudi Arabia,Maira Khan
Saudi Arabia,Muzaffar Mujeed
Saudi Arabia,Abdul Salman Khan
Saudi Arabia,Muhammad Saqib
Saudi Arabia,Mah Noor
Saudi Arabia,Akram Aslam
Saudi Arabia,Ruba Rashid
Saudi Arabia,Choudhry Md Imran
Saudi Arabia,Imran Yousaf
Saudi Arabia,Nasir Abbasi
Saudi Arabia,Ishtiaq Ahmad
Saudi Arabia,Simrah Mirza
Saudi Arabia,Hasnat Ahmed
Saudi Arabia,Abdul Wahid
Saudi Arabia,Abbas Saad
Saudi Arabia,Muhammad Abbasi
Saudi Arabia,Amir Shahzad
Saudi Arabia,Mashael Waqas
Saudi Arabia,Usman Najeeb
Saudi Arabia,Khawar Abbas
Saudi Arabia,Ali Abbas
Saudi Arabia,Syed Faizan Tahir
Saudi Arabia,Haseeb Ghafoor
Saudi Arabia,Mohammad Afzal
Saudi Arabia,Afzal Saleem
Saudi Arabia,Hisham Sheikh
Saudi Arabia,Irfan Sarfraz
Saudi Arabia,Waqas Akram
Saudi Arabia,Ibrarul Haq
Saudi Arabia,Mohammad Abdullah
Saudi Arabia,Mohsin Shabbir
Saudi Arabia,Afaq Ahmed
Saudi Arabia,Sarfraz Butt
Saudi Arabia,Nimra Ghazanfar
Saudi Arabia,Omar Imtiaz
Saudi Arabia,Amna Khan
Saudi Arabia,Nawazish Akhtar
Saudi Arabia,Abeer Maryam
Saudi Arabia,Usrah Umar Farooq
Saudi Arabia,Najwa Akram
Saudi Arabia,Usman Ali
Canada,K Coulter
Canada,MJ Turik
Canada,MS Aulakh
Canada,H Thaker
Canada,Mahrukh Imtiaz
Canada,Habeeba Bader
Canada,S Thuraisingam
Canada,ZE Surkari
Canada,GEF Barnett
Canada,TG Gordon
Canada,Saniyah Zia
Canada,Maliha Baig
Canada,Shivam Sharma
Canada,AL Kandappah
Canada,A Bagai
Canada,U Bhatti
Canada,K Patel
Canada,K Whatham
Canada,E Katchay
Canada,Mihir Patel
Canada,M Hundal
Canada,D Soraine
Canada,Saad Bin Zafar
Canada,V Vithanage
Canada,Abdul Jabbar
Canada,HS Baidwan
Canada,MR Montfort
Canada,Ansh Patel
Canada,Amarpal Kaur
Canada,A Patel
Canada,DR Chumney
Canada,A Shamshudeen
Canada,J Patraj
Canada,S Movva
Canada,Sukhjinder Singh
Canada,N Ifill
Canada,NR Kirton
Canada,AS Dean
Canada,Kainat Qazi
Canada,A Kapoor
Canada,I Goordial-John
Canada,BS Adhihetty
Canada,Jaskaran Singh
Canada,CK Hooper
Canada,Abraash Khan
Canada,J Oldham
Canada,Rizwan Cheema
Canada,AM Samad
Canada,Umar Nawaz
Canada,V Sehdev
Canada,M Khokhar
Canada,N Gallagher
Canada,IS Sohi
Canada,KN Mirchandani
Canada,Pargat Singh
Canada,D Saxena
Canada,D Shabbir
Canada,Khurram Chohan
Canada,KT Sandher
Canada,Raza-ur-Rehman
Canada,Sami Faridi
Canada,A Perera
Canada,S Jyoti
Canada,Shahid Ahmadzai
Canada,S Tittlemier
Canada,YS Samra
Canada,Zeeshan Siddiqi
Canada,PA Desai
Canada,D Joseph
Canada,G Bajwa
Canada,K Gray
Canada,JM Davison
Canada,JOA Gordon
Canada,D McGahey
Canada,TC Bastiampillai
Canada,DES Maxwell
Canada,AS Hansra
Canada,AS Hundal
Canada,R Misra
Canada,Qaiser Ali
Canada,NS Dhaliwal
Canada,D Daesrath
Canada,AC Cummins
Canada,J Bartholemew
Canada,J Matharu
Canada,C Martin
Canada,R Gunasekera
Canada,K Tathgur
Canada,Ammar Khalid
Canada,T Thorpe
Canada,Srishti Raha
Canada,WD Balaji Rao
Canada,TA Lavia
Canada,L Kenton
Canada,SA Wijeratne
Canada,Arsalan Qadir
Canada,Zeel Patel
Canada,NA de Groot
Canada,K Kapadia
Canada,H Patel
Canada,GR Codrington
Canada,Mahewish Khan
Canada,Hiba Shamshad
Canada,BB Seebaran
Canada,V Mahajan
Canada,D Heyliger
Canada,H Osinde
Canada,Anop Santosh
Canada,Vritti Dahiya
Canada,Rabbjyot Rajput
Canada,DN Pathirana
Canada,Rommel Shahzad
Canada,S Dhaniram
Canada,Hamza Tariq
Canada,Hala Azmat
Canada,Junaid Siddiqui
Canada,Kaleem Sana
Canada,A Codrington
Canada,NR Kumar
Canada,C Pervez
Canada,Usman Limbada
Canada,RA Bhatti
Canada,SS Dhindsa
Canada,Akhil Kumar
Canada,M Gill
Canada,GDR Eranga
Canada,I Maraj
Canada,RA Thomas
Canada,AA Mulla
Canada,JV Harris
Canada,Parveen Kumar
Canada,M Patel
Canada,S Sivanantham
Canada,RR Joshi
Canada,Aaditya Varadarajan
Canada,S Keshvani
Canada,M Spoors
Canada,IS Billcliff
Canada,C Blackadder
Canada,Ravinderpal Singh
Canada,MZ Zahir
Canada,Ali Nadeem
Canada,A Johnson
Canada,Mohammad Iqbal
Canada,AF Sattaur
Canada,S Zafar
Canada,Zahid Hussain
Canada,S Vig
Canada,Salman Nazar
Canada,U Bhagwan
Canada,N Dutta
Canada,DJ Jacobs
Canada,R Pathan
Canada,K Kamyuka
Canada,K Mohini
Canada,DS Bajwa
Canada,J White
Canada,SR Welsh
Assam,Amit Sinha
Assam,Amlanjyoti Das
Assam,SN Mandal
Assam,Sibsankar Roy
Assam,Mrinmoy Dutta
Assam,Pallav Kumar Das
Assam,R Parag
Assam,Nipan Deka
Assam,Pritam Das
Assam,Amit Verma
Assam,Rajjakuddin Ahmed
Assam,Rishav Das
Assam,Roshan Alam
Assam,Jogeswar Bhumij
Assam,Deepak Gohain
Assam,S Ghadigaonkar
Assam,Swarupam Purkayastha
Assam,Mukhtar Hussain
Assam,Krishna Das
Assam,Abhishek Thakuri
Assam,SJ Barman
Assam,AA Choudhury
Assam,Parvez Aziz
Assam,J Syed Mohammad
Assam,BA Roy
Assam,Kunal Saikia
Assam,RG Hazarika
Assam,Erik Roy
Assam,Akash Sengupta
Assam,Rahul Singh
Assam,Saahil Jain
Assam,Abhilash Gogoi
Assam,Abhijit Roy
Assam,KB Arun Karthik
Assam,Gokul Sharma
Assam,D Rabha
Assam,Denish Das
Assam,AN Ahmed
Assam,Sourav Dey
Assam,Rajdeep Das
Assam,Arup Das
Assam,NR Narah
Assam,Hrishikesh Tamuli
Assam,Pritam Debnath
Assam,Jitumoni Kalita
Assam,Romario Sharma
Assam,Wasiqur Rahman
Rising Pune Supergiants,GJ Bailey
Rising Pune Supergiants,NLTC Perera
Rising Pune Supergiants,UT Khawaja
Rising Pune Supergiants,SS Tiwary
Rising Pune Supergiants,F du Plessis
Rising Pune Supergiants,RP Singh
Rising Pune Supergiants,SPD Smith
Rising Pune Supergiants,AM Rahane
Rising Pune Supergiants,R Bhatia
Rising Pune Supergiants,KP Pietersen
Rising Pune Supergiants,R Ashwin
Rising Pune Supergiants,MR Marsh
Rising Pune Supergiants,IK Pathan
Rising Pune Supergiants,SM Boland
Rising Pune Supergiants,MS Dhoni
Rising Pune Supergiants,Ankit Sharma
Rising Pune Supergiants,I Sharma
Rising Pune Supergiants,JA Morkel
Rising Pune Supergiants,M Ashwin
Rising Pune Supergiants,A Zampa
Rising Pune Supergiants,AB Dinda
Rising Pune Supergiants,PSP Handscomb
Rising Pune Supergiants,DL Chahar
Haryana,MM Sharma
Haryana,PS Kumar
Haryana,SG Rohilla
Haryana,Vipin Kumar
Haryana,R Tewatia
Haryana,Jaideep Bhambhu
Haryana,HV Patel
Haryana,PB Mehta
Haryana,YY Singh
Haryana,AH Hooda
Haryana,Treyaksh Bali
Haryana,SU Yadav
Haryana,JH Saroha
Haryana,Sumit Kumar
Haryana,A Mishra
Haryana,Rajat Paliwal
Haryana,Pramod Chandila
Haryana,J Yadav
Haryana,Shivam Chauhan
Haryana,Deepak Punia
Haryana,Nitesh Hooda
Haryana,AK Chahal
Haryana,N Sindhu
Haryana,Chaitanya Bishnoi
Haryana,Sanjay Budhwar
Haryana,GA Singh
Haryana,Himanshu Rana
Haryana,N Saini
Haryana,PA Dahiya
Haryana,A Kamboj
Haryana,YS Chahal
Haryana,AS Kumar
Haryana,RJ Balhara
Haryana,RM Dagar
Haryana,YR Sharma
Haryana,Ankit Kumar
Haryana,Arun Chaprana
Haryana,V Sehwag
Haryana,DB Bana
Haryana,RP Sharma
Haryana,SM Rohilla
Haryana,MS Hooda
Southern Brave,JM Coles
Southern Brave,LK Bell
Southern Brave,DN Wyatt
Southern Brave,CR Knott
Southern Brave,MD Fisher
Southern Brave,L Wolvaardt
Southern Brave,CE Rudd
Southern Brave,CM Taylor
Southern Brave,DP Conway
Southern Brave,M Brown
Southern Brave,RA Whiteley
Southern Brave,K Moore
Southern Brave,ADS Fletcher
Southern Brave,DMW Rawlins
Southern Brave,CJ Jordan
Southern Brave,JB Lintott
Southern Brave,S Baker
Southern Brave,C Overton
Southern Brave,JJ Weatherley
Southern Brave,CN Ackermann
Southern Brave,TG Norris
Southern Brave,JA Thompson
Southern Brave,HWR Cartwright
Southern Brave,AL Davies
Southern Brave,KA Pollard
Southern Brave,R Southby
Southern Brave,DP Hughes
Southern Brave,ND Dattani
Southern Brave,TE Albert
Southern Brave,FH Allen
Southern Brave,PR Stirling
Southern Brave,JC Archer
Southern Brave,JJ Roy
Southern Brave,Q de Kock
Southern Brave,JK Fuller
Southern Brave,LJ Evans
Southern Brave,MLL Taylor
Southern Brave,JM Vince
Southern Brave,AJ Hosein
Southern Brave,SFM Devine
Southern Brave,FMK Morris
Southern Brave,GH Lewis
Southern Brave,DR Briggs
Southern Brave,MJ Santner
Southern Brave,FG Kemp
Southern Brave,MR Corteen-Coleman
Southern Brave,SR Taylor
Southern Brave,GHS Garton
Southern Brave,MG Bracewell
Southern Brave,TS Mills
Southern Brave,MK Villiers
Southern Brave,JL du Plooy
Southern Brave,Rehan Ahmed
Southern Brave,LA Dawson
Southern Brave,S Mandhana
Southern Brave,TM McGrath
Southern Brave,RJW Topley
Southern Brave,D Moriarty
Southern Brave,A Shrubsole
Southern Brave,CL Tryon
Southern Brave,SIR Dunkley
Southern Brave,L Cheatle
Southern Brave,TH David
Southern Brave,M Strano
Southern Brave,MP Stoinis
Southern Brave,A Wellington
Southern Brave,ME Bouchier
Southern Brave,GL Adams
Southern Brave,MG Hogan
Southern Brave,C de Grandhomme
Romania,M Kearvell
Romania,Abdul Shakoor
Romania,AN Lascu
Romania,D Tanase
Romania,Sami Ullah
Romania,Baljinder Singh
Romania,A Lupascu
Romania,Imran Haider
Romania,S Periyalwar
Romania,Luca Petre
Romania,CJ Ana
Romania,S Moise
Romania,Waqar Abbasi
Romania,Sukhkaran Sahi
Romania,J Fernando
Romania,Dharmendra Manani
Romania,J Chirila
Romania,AEMP Durayalage
Romania,N Kuruppu
Romania,SVA Karthikeyan
Romania,G Manan
Romania,S Vashisht
Romania,P Hingorani
Romania,P Masih
Romania,L Gharasim
Romania,M Gherasim
Romania,KA Vimlesh
Romania,P Florin
Romania,Rohit Kumar
Romania,S Thakur
Romania,R Kumar
Romania,R Pisal
Romania,Asif Bevinje
Romania,Taranjeet Singh
Romania,Ravinder Gill
Romania,J Khadka
Romania,S Nadigotla
Romania,R Athapaththu
Romania,Ali Hussain
Romania,M Prasanna
Romania,C Sanda
Romania,S Tudorache
Romania,G Ionita
Romania,I Muntean
Romania,Md Ariyan
Romania,C Zavoiu
Romania,T Sandaruwan
Romania,M Koli
Romania,A Rajshekara
Romania,R Andreea
Romania,M Marin
Romania,RL Blake
Romania,Avishka Iroshan
Romania,Aftab Kayani
Romania,A Dineshi
Romania,Rameez Khan
Romania,Abdul Shakoor (2)
Romania,I Palliya
Romania,Muhammad Moiz
Romania,M Chereches
Romania,Ijaz Hussain
Romania,S Slavaston
Romania,P Danci
Romania,C Cirlig
Romania,V Saini
Romania,R Satheesan
Romania,Gaurav Mishra
Czech Republic,A Joshi
Czech Republic,D Ramani
Czech Republic,E Konasova
Czech Republic,M Stary
Czech Republic,KD Mehta
Czech Republic,J Kominkova
Czech Republic,S Chaudhary
Czech Republic,S Pokhriyal
Czech Republic,Arshad Hayat
Czech Republic,EB Knowles
Czech Republic,P Baghel
Czech Republic,SMK Waththage
Czech Republic,R Pavlickova
Czech Republic,P Taylor
Czech Republic,R Mikulaskova
Czech Republic,B Pavlinakova
Czech Republic,UNGB Thenannahelage
Czech Republic,S Sengupta
Czech Republic,O Hamrikova
Czech Republic,M Trejbalova
Czech Republic,Z Franova
Czech Republic,E Kuncova
Czech Republic,Ali Waqar
Czech Republic,KM Venkataswamy
Czech Republic,Ajhar Alam
Czech Republic,A Ashokan
Czech Republic,P Khari
Czech Republic,Sagor Hossain
Czech Republic,Dylan Steyn
Czech Republic,Hilal Ahmad
Czech Republic,A Pavlickova
Czech Republic,V Wadini
Czech Republic,S Udugalage
Czech Republic,S Ramakrishnan
Czech Republic,Naveed Ahmed
Czech Republic,SJ Patel
Czech Republic,T Kolcunova
Czech Republic,RM Magare
Czech Republic,S Grover
Czech Republic,J Souckova
Czech Republic,Riaz Afridi
Czech Republic,J Hoffman
Czech Republic,H Gori
Czech Republic,Rahat Ali
Czech Republic,K Mendon
Czech Republic,N Tyagi
Czech Republic,K Kisova
Czech Republic,SL Clephane
Czech Republic,K Gilham
Czech Republic,M Vandrasi
Czech Republic,S Davizi
Czech Republic,M Worndl
Czech Republic,A Kshirsagar
Czech Republic,S Dalton
Czech Republic,Sojib Miah
Czech Republic,K Tesarikova
Czech Republic,D Mehtani
Czech Republic,TK Lal
Czech Republic,P Choudhary
Czech Republic,Ritik Tomar
Czech Republic,Neeraj Mishra
Czech Republic,K Hruskova
Czech Republic,S Kolcunova
Czech Republic,M Ulmanova
Czech Republic,S Talamarla
Czech Republic,Sazib Bhuiyan
Czech Republic,S Wickramasekara
Czech Republic,V Marghashayam
Czech Republic,Abul Farhad
Czech Republic,Mansi Parmar
Czech Republic,S Rengarajan
Czech Republic,V Jagannivasan
Czech Republic,Divyendra Singh
Czech Republic,V Volfova
Czech Republic,Z Flamikova
ICC World XI,PD Collingwood
ICC World XI,Shahid Afridi
ICC World XI,Rashid Khan
ICC World XI,Inzamam-ul-Haq
ICC World XI,GJ Bailey
ICC World XI,NLTC Perera
ICC World XI,MV Boucher
ICC World XI,DJG Sammy
ICC World XI,CH Gayle
ICC World XI,GC Smith
ICC World XI,BC Lara
ICC World XI,SM Pollock
ICC World XI,F du Plessis
ICC World XI,Tamim Iqbal
ICC World XI,Shoaib Malik
ICC World XI,TD Paine
ICC World XI,DA Miller
ICC World XI,HM Amla
ICC World XI,JH Kallis
ICC World XI,L Ronchi
ICC World XI,MJ McClenaghan
ICC World XI,SW Billings
ICC World XI,KP Pietersen
ICC World XI,M Morkel
ICC World XI,M Muralitharan
ICC World XI,KD Karthik
ICC World XI,Imran Tahir
ICC World XI,KC Sangakkara
ICC World XI,R Dravid
ICC World XI,A Flintoff
ICC World XI,Shoaib Akhtar
ICC World XI,TS Mills
ICC World XI,S Lamichhane
ICC World XI,DL Vettori
ICC World XI,GD Elliott
ICC World XI,S Badree
ICC World XI,V Sehwag
ICC World XI,SJ Harmison
ICC World XI,M Ntini
ICC World XI,BCJ Cutting
South East Stars,CAR Cooper
South East Stars,E Jones
South East Stars,K Moore
South East Stars,NE Farrant
South East Stars,R MacDonald-Gay
South East Stars,KM Chathli
South East Stars,A Cranstone
South East Stars,D Gregory
South East Stars,GJ Gibbs
South East Stars,FR Davies
South East Stars,R Southby
South East Stars,SE Rowe
South East Stars,AG Gordon
South East Stars,C Brewer
South East Stars,AN Davidson-Richards
South East Stars,Emma Jones
South East Stars,PA Chatterji
South East Stars,E Gray
South East Stars,HV Jones
South East Stars,PA Franklin
South East Stars,MR Corteen-Coleman
South East Stars,BF Smith
South East Stars,T Brits
South East Stars,J Spence
South East Stars,A Capsey
South East Stars,MS Belt
South East Stars,KE White
South East Stars,PJ Scholfield
South East Stars,M Blinkhorn-Jones
South East Stars,CAE Hill
South East Stars,B Miles
South East Stars,G Redmayne
South East Stars,A Stonehouse
South East Stars,SIR Dunkley
South East Stars,DEM Carter
South East Stars,M Blythin
South East Stars,LG Smith
Jamaica Tallawahs,Mohammad Sami
Jamaica Tallawahs,JN Mohammed
Jamaica Tallawahs,JA Rudolph
Jamaica Tallawahs,Mohammad Nabi
Jamaica Tallawahs,NE Bonner
Jamaica Tallawahs,DE Bernard
Jamaica Tallawahs,GE Mathurin
Jamaica Tallawahs,M Pretorius
Jamaica Tallawahs,DP Hyatt
Jamaica Tallawahs,DR Smith
Jamaica Tallawahs,NA Gordon
Jamaica Tallawahs,FH Edwards
Jamaica Tallawahs,IS Sodhi
Jamaica Tallawahs,KOK Williams
Jamaica Tallawahs,J Theron
Jamaica Tallawahs,Liton Das
Jamaica Tallawahs,A Zampa
Jamaica Tallawahs,J Charles
Jamaica Tallawahs,CJ Green
Jamaica Tallawahs,AM McCarthy
Jamaica Tallawahs,Haider Ali
Jamaica Tallawahs,OA Shah
Jamaica Tallawahs,GD Phillips
Jamaica Tallawahs,NR Kirton
Jamaica Tallawahs,CA Lynn
Jamaica Tallawahs,JA Foo
Jamaica Tallawahs,JL Jaggesar
Jamaica Tallawahs,DW Steyn
Jamaica Tallawahs,Mujeeb Ur Rahman
Jamaica Tallawahs,SSJ Brooks
Jamaica Tallawahs,JE Taylor
Jamaica Tallawahs,TP Allen
Jamaica Tallawahs,S Lamichhane
Jamaica Tallawahs,TA Griffith
Jamaica Tallawahs,KAJ Roach
Jamaica Tallawahs,JM James
Jamaica Tallawahs,J Glen
Jamaica Tallawahs,C de Grandhomme
Jamaica Tallawahs,AD Russell
Jamaica Tallawahs,DPMD Jayawardene
Jamaica Tallawahs,SA Jacobs
Jamaica Tallawahs,AD Hales
Jamaica Tallawahs,CAK Walton
Jamaica Tallawahs,LMP Simmons
Jamaica Tallawahs,K Pitman
Jamaica Tallawahs,CH Gayle
Jamaica Tallawahs,R Powell
Jamaica Tallawahs,DC Green
Jamaica Tallawahs,Mahmudullah
Jamaica Tallawahs,AMA Dewar
Jamaica Tallawahs,DA Miller
Jamaica Tallawahs,M Muralitharan
Jamaica Tallawahs,LRPL Taylor
Jamaica Tallawahs,H Miller
Jamaica Tallawahs,GH Worker
Jamaica Tallawahs,JW Dernbach
Jamaica Tallawahs,N Deonarine
Jamaica Tallawahs,C Lamont
Jamaica Tallawahs,Imad Wasim
Jamaica Tallawahs,RA Lewis
Jamaica Tallawahs,I Khan
Jamaica Tallawahs,DL Vettori
Jamaica Tallawahs,S Badree
Jamaica Tallawahs,SK Springer
Jamaica Tallawahs,KSA McKenzie
Jamaica Tallawahs,PAS McSween
Jamaica Tallawahs,Asif Ali
Jamaica Tallawahs,AA Jangoo
Jamaica Tallawahs,AI Ross
Jamaica Tallawahs,HR Walsh
Jamaica Tallawahs,NO Miller
Jamaica Tallawahs,OF Smith
Jamaica Tallawahs,CS Baugh
Jamaica Tallawahs,Salman Irshad
Jamaica Tallawahs,O Thomas
Jamaica Tallawahs,J Blackwood
Jamaica Tallawahs,Mohammad Amir
Jamaica Tallawahs,K Lewis
Jamaica Tallawahs,Ahmed Shehzad
Jamaica Tallawahs,K Santokie
Jamaica Tallawahs,CR Brathwaite
Jamaica Tallawahs,AP Richardson
Jamaica Tallawahs,SR Taylor
Jamaica Tallawahs,RA Reifer
Jamaica Tallawahs,KC Sangakkara
Jamaica Tallawahs,FA Allen
Jamaica Tallawahs,Shakib Al Hasan
Jamaica Tallawahs,Zahir Khan
Jamaica Tallawahs,BA King
Jamaica Tallawahs,V Permaul
Jamaica Tallawahs,VD Philander
Jamaica Tallawahs,AC Voges
St Lucia Kings,KJ Cottoy
St Lucia Kings,SC Williams
St Lucia Kings,ADS Fletcher
St Lucia Kings,MW Forde
St Lucia Kings,Sikandar Raza
St Lucia Kings,O Thomas
St Lucia Kings,T Shamsi
St Lucia Kings,Noor Ahmad
St Lucia Kings,Aaron Jones
St Lucia Kings,AS Joseph
St Lucia Kings,C Munro
St Lucia Kings,JF Jeremiah
St Lucia Kings,N Dickwella
St Lucia Kings,SR Patel
St Lucia Kings,RS Primus
St Lucia Kings,J Royal
St Lucia Kings,OC McCoy
St Lucia Kings,LS Lugg
St Lucia Kings,M Govia
St Lucia Kings,F du Plessis
St Lucia Kings,AWJ Auguste
St Lucia Kings,D Wiese
St Lucia Kings,J McAllister
St Lucia Kings,PBB Rajapaksa
St Lucia Kings,K Alleyne
St Lucia Kings,LM Edward
St Lucia Kings,D Potgieter
St Lucia Kings,KMA Paul
St Lucia Kings,RRS Cornwall
St Lucia Kings,KS Melius
St Lucia Kings,TS Mills
St Lucia Kings,P Hatzoglou
St Lucia Kings,Wahab Riaz
St Lucia Kings,Usman Qadir
St Lucia Kings,RL Chase
St Lucia Kings,K Pierre
St Lucia Kings,TL Seifert
St Lucia Kings,M Deyal
St Lucia Kings,KOK Williams
St Lucia Kings,SC Kuggeleijn
St Lucia Kings,K Campbell
St Lucia Kings,S Descarte
St Lucia Kings,PAS McSween
St Lucia Kings,AJ Hose
St Lucia Kings,TH David
St Lucia Kings,J Charles
St Lucia Kings,M Clarke
St Lucia Kings,K Gaston
St Lucia Kings,LJA Julien
St Lucia Kings,CB Sole
Barbados Royals,AC Jayangani
Barbados Royals,DN Wellalage
Barbados Royals,R Boyce
Barbados Royals,M Mangru
Barbados Royals,B Cooper
Barbados Royals,JP Greaves
Barbados Royals,JA Warrican
Barbados Royals,SD Parris
Barbados Royals,LJ Evans
Barbados Royals,DC Thomas
Barbados Royals,RA Clarke
Barbados Royals,N Cumberbatch
Barbados Royals,J Charles
Barbados Royals,C Webb
Barbados Royals,CJ Green
Barbados Royals,GD Phillips
Barbados Royals,CA Henry
Barbados Royals,RE van der Merwe
Barbados Royals,Azam Khan
Barbados Royals,Fatima Sana
Barbados Royals,Mujeeb Ur Rahman
Barbados Royals,Q de Kock
Barbados Royals,SSJ Brooks
Barbados Royals,GH Lewis
Barbados Royals,S Gajnabi
Barbados Royals,SE Rutherford
Barbados Royals,KO Wickham
Barbados Royals,HT Tector
Barbados Royals,RRS Cornwall
Barbados Royals,J Layne
Barbados Royals,HE van der Dussen
Barbados Royals,TJ Bishop
Barbados Royals,Kycia A Knight
Barbados Royals,G Redmayne
Barbados Royals,KR Mayers
Barbados Royals,KHM James
Barbados Royals,Snigdha Paul
Barbados Royals,Q Joseph
Barbados Royals,D Joseph
Barbados Royals,EA Burns
Barbados Royals,VN Watts
Barbados Royals,C Bosch
Barbados Royals,JB Lintott
Barbados Royals,R Powell
Barbados Royals,DR Sams
Barbados Royals,CN Nation
Barbados Royals,AR Nurse
Barbados Royals,DA Miller
Barbados Royals,Akeem Jordan
Barbados Royals,K Alleyne
Barbados Royals,AA Alleyne
Barbados Royals,Qais Ahmad
Barbados Royals,CS Fraser
Barbados Royals,A Athanaze
Barbados Royals,J Bishop
Barbados Royals,HK Matthews
Barbados Royals,RS Williams
Barbados Royals,T Holder
Barbados Royals,Z Motara
Barbados Royals,J Glasgow
Barbados Royals,JKC Claxton
Barbados Royals,Naveen-ul-Haq
Barbados Royals,SS Connell
Barbados Royals,RR Simmonds
Barbados Royals,D Ferreira
Barbados Royals,HR Walsh
Barbados Royals,A Wellington
Barbados Royals,JO Holder
Barbados Royals,E Bosch
Barbados Royals,NLTC Perera
Barbados Royals,SD Hope
Barbados Royals,SC Selman
Barbados Royals,O Thomas
Barbados Royals,SK Patel
Barbados Royals,Mohammad Amir
Barbados Royals,SR Patil
Barbados Royals,SS Grimmond
Barbados Royals,OC McCoy
Barbados Royals,ASS Fletcher
Barbados Royals,CR Brathwaite
Barbados Royals,NRJ Young
Barbados Royals,RA Reifer
Barbados Royals,L Harris
Barbados Royals,CL Tryon
Barbados Royals,BA King
Barbados Royals,M Theekshana
Barbados Royals,Najibullah Zadran
Barbados Royals,KA Maharaj
Sylhet Sixers,MD Gunathilaka
Sylhet Sixers,Abul Hasan
Sylhet Sixers,Mohammad Sharif
Sylhet Sixers,Alok Kapali
Sylhet Sixers,RA Whiteley
Sylhet Sixers,ADS Fletcher
Sylhet Sixers,Ghulam Mudassar
Sylhet Sixers,LE Plunkett
Sylhet Sixers,Nasir Hossain
Sylhet Sixers,Nurul Hasan
Sylhet Sixers,Mohammad Irfan
Sylhet Sixers,DA Warner
Sylhet Sixers,Jaker Ali
Sylhet Sixers,K Santokie
Sylhet Sixers,JJ Roy
Sylhet Sixers,WU Tharanga
Sylhet Sixers,Sharifullah
Sylhet Sixers,Kamrul Islam Rabbi
Sylhet Sixers,Babar Azam
Sylhet Sixers,Shuvagata Hom
Sylhet Sixers,Ebadat Hossain
Sylhet Sixers,Al-Amin Hossain
Sylhet Sixers,WD Parnell
Sylhet Sixers,Sohail Tanvir
Sylhet Sixers,Taijul Islam
Sylhet Sixers,Towhid Hridoy
Sylhet Sixers,S Lamichhane
Sylhet Sixers,Afif Hossain
Sylhet Sixers,PWH de Silva
Sylhet Sixers,Mohammad Nawaz
Sylhet Sixers,N Pooran
Sylhet Sixers,Taskin Ahmed
Sylhet Sixers,Liton Das
Sylhet Sixers,Sabbir Rahman
Sylhet Sixers,Nabil Samad
Sylhet Sixers,Mohammad Rizwan
Sylhet Sixers,Mehedi Hasan Rana
Sylhet Sixers,TT Bresnan
Comilla Victorians,Rashid Khan
Comilla Victorians,Mohammad Sharif
Comilla Victorians,RN ten Doeschate
Comilla Victorians,KMDN Kulasekara
Comilla Victorians,Mohammad Nabi
Comilla Victorians,Shahadat Hossain
Comilla Victorians,Mukhtar Ahmed
Comilla Victorians,DI Stevens
Comilla Victorians,Al Islam
Comilla Victorians,Imrul Kayes
Comilla Victorians,SF Mire
Comilla Victorians,Khalid Latif
Comilla Victorians,Tanvir Islam
Comilla Victorians,Mosaddek Hossain
Comilla Victorians,Abrar Ahmed
Comilla Victorians,Wahab Riaz
Comilla Victorians,Jashimuddin
Comilla Victorians,Liton Das
Comilla Victorians,Enamul Haque
Comilla Victorians,Mohammad Rizwan
Comilla Victorians,Habibur Rahman
Comilla Victorians,J Charles
Comilla Victorians,Mehedi Hasan Rana
Comilla Victorians,Aamer Jamal
Comilla Victorians,Mashrafe Mortaza
Comilla Victorians,Shykat Ali
Comilla Victorians,Khushdil Shah
Comilla Victorians,Mahmudul Hasan
Comilla Victorians,Arafat Sunny
Comilla Victorians,F du Plessis
Comilla Victorians,Shoaib Malik
Comilla Victorians,Mujeeb Ur Rahman
Comilla Victorians,Rohanat Doullah Borson
Comilla Victorians,Hasan Ali
Comilla Victorians,Sunzamul Islam
Comilla Victorians,Anamul Haque
Comilla Victorians,Sumon Khan
Comilla Victorians,Parvez Hossain Emon
Comilla Victorians,LA Dawson
Comilla Victorians,Nabil Samad
Comilla Victorians,MN Samuels
Comilla Victorians,AD Russell
Comilla Victorians,CAK Walton
Comilla Victorians,Nayeem Hasan
Comilla Victorians,MW Forde
Comilla Victorians,AG Cremer
Comilla Victorians,Dhiman Ghosh
Comilla Victorians,Mosharraf Hossain
Comilla Victorians,Waqar Salamkheil
Comilla Victorians,Nahidul Islam
Comilla Victorians,Ashar Zaidi
Comilla Victorians,DJ Malan
Comilla Victorians,Abu Hider
Comilla Victorians,Nazmul Hossain Shanto
Comilla Victorians,Mahmudul Hasan Joy
Comilla Victorians,SPD Smith
Comilla Victorians,Shamsur Rahman
Comilla Victorians,Ariful Haque
Comilla Victorians,Mohammad Shahid
Comilla Victorians,Raqibul Hasan
Comilla Victorians,Ashiqur Zaman
Comilla Victorians,Shuvagata Hom
Comilla Victorians,Fazalhaq Farooqi
Comilla Victorians,Mustafizur Rahman
Comilla Victorians,Imad Wasim
Comilla Victorians,Rishad Hossain
Comilla Victorians,MM Ali
Comilla Victorians,Shohidul Islam
Comilla Victorians,DJ Bravo
Comilla Victorians,RL Chase
Comilla Victorians,Mohammad Saifuddin
Comilla Victorians,Sanjit Saha
Comilla Victorians,WG Jacks
Comilla Victorians,Naeem Islam
Comilla Victorians,Naseem Shah
Comilla Victorians,Shahid Afridi
Comilla Victorians,Al-Amin
Comilla Victorians,Alok Kapali
Comilla Victorians,NLTC Perera
Comilla Victorians,Mahidul Islam Ankon
Comilla Victorians,Ahmed Shehzad
Comilla Victorians,Fakhar Zaman
Comilla Victorians,Jaker Ali
Comilla Victorians,Tamim Iqbal
Comilla Victorians,K Santokie
Comilla Victorians,BD Guest
Comilla Victorians,Kamrul Islam Rabbi
Comilla Victorians,Ziaur Rahman
Comilla Victorians,SP Narine
Comilla Victorians,Al-Amin Hossain
Comilla Victorians,Musfik Hasan
Comilla Victorians,RA Reifer
Comilla Victorians,DM Bravo
Comilla Victorians,Sohail Tanvir
Comilla Victorians,Towhid Hridoy
Comilla Victorians,E Lewis
Comilla Victorians,Karim Janat
Comilla Victorians,CS Delport
Comilla Victorians,Dolar Mahmud
Comilla Victorians,JC Buttler
Comilla Victorians,Mukidul Islam
Comilla Victorians,Mominul Haque
Comilla Victorians,Mahedi Hasan
St Helena,B Leo
St Helena,G Johnson
St Helena,B Isaac
St Helena,J Yon
St Helena,P Stroud
St Helena,D Young
St Helena,Delroy Leo
St Helena,D Leo
St Helena,S Crowie
St Helena,A Langham
St Helena,Dane Leo
St Helena,DL Richards
St Helena,J Thomas
St Helena,AR Leo
St Helena,J Henry
St Helena,CR Richards
St Helena,R Belgrove
St Helena,BK Stroud
St Helena,J Essex
St Helena,JKP Ellick
St Helena,D O'Bey
St Helena,R Francis
St Helena,A Yon
St Helena,C George
St Helena,N Ellick
Philippines,KDA Lukies
Philippines,HER Tyler
Philippines,MCE Manalo
Philippines,R Goodwin
Philippines,RB Osabel
Philippines,R Thakur
Philippines,Kulwinderjeet Singh
Philippines,KK Donovan
Philippines,Surinder Singh
Philippines,Rhys Burinaga
Philippines,KAC Wong
Philippines,Ma Luz Barcelona
Philippines,NJA Smith
Philippines,ABY Smith
Philippines,M Singh
Philippines,JEA Doctora
Philippines,Marica Taira
Philippines,JH Kiani
Philippines,MP Biddappa
Philippines,J Long
Philippines,Karweng NG
Philippines,JKD Andreano
Philippines,RD Penalba
Philippines,J Tuffin
Philippines,J Hill
Philippines,CJ Stamp
Philippines,G Chohan
Philippines,DC Smith
Philippines,Karri Gullem Keen
Philippines,Elyza Wall
Philippines,A Donovan
Philippines,S Mohan
Philippines,Anjum Awais
Philippines,AS Miranda
Philippines,AS Samra
Philippines,ASF Sirah
Philippines,MK Gohal
Philippines,M Podosky
Philippines,H Isorena
Philippines,Angela Busa
Philippines,Muzammil Shahzad
Philippines,N Tanner
Philippines,GR Russ
Philippines,AR Valdez
Philippines,Kyte Gullem Keen
Philippines,JS Eguid
Philippines,Huzaifa Mohammed
Philippines,R Mahajan
Philippines,R Castillo
Philippines,Harjit Singh
Philippines,SF Sirah
Philippines,Kuldeep Singh
Philippines,FN Walsh
Philippines,Kapil Kumar
Philippines,Tariq Ali
Philippines,Vimal Kumar
Philippines,J Alegra
Philippines,JY Masaya
Philippines,JR Medianesta
Philippines,LJ Myott
Brazil,G Ribeiro
Brazil,IC Simao
Brazil,MR Machado
Brazil,M Artur
Brazil,D Staddon
Brazil,FC Muniz
Brazil,AC Sabino
Brazil,R Avery
Brazil,LV Boas
Brazil,E de Souza
Brazil,Kawsar Khan
Brazil,CC Machado
Brazil,LA Goncalves
Brazil,C Cirino
Brazil,MB dos Santos
Brazil,L Cardoso
Brazil,LG Moras
Brazil,M Ribeiro
Brazil,G Caisley
Brazil,EC Muller
Brazil,AT Nascimento
Brazil,MLG Silva
Brazil,MFI Assuncao
Brazil,RV Nascimento
Brazil,VRCF Poubel
Brazil,Yasar Haroon
Brazil,RMAM Avery
Brazil,NC Monteiro
Brazil,LH Rodrigues
Brazil,CV Fernandes Torres
Brazil,L Moises
Brazil,CS Nascimento
Brazil,RD de Sousa
Brazil,B Passoni
Brazil,Rejaul Karim
Brazil,SAR Hashimi
Brazil,W Maximo
Brazil,Muhammad Saleem
Brazil,L Agatha
Brazil,L Maximo
Brazil,G Oliveira
Brazil,LF Muller
Zambia,R Chanda
Zambia,F Chenda
Zambia,Soyeb Pendi
Zambia,Salman Patel
Zambia,T Nyirongo
Zambia,E Malama
Zambia,Mohmedazim Abbasbhai
Zambia,I Mwaba
Zambia,Mohammad Bhaidu
Zambia,P Chabuta
Zambia,M Mvula
Zambia,J Zimba
Zambia,A Kayuni
Zambia,N Chabula
Zambia,M Kachingo
Zambia,SA Patel
Zambia,M Chabula
Zambia,H Patel
Zambia,Ayaz Dadabhai
Zambia,Muhammad Asim
Zambia,Jakir Patel
Zambia,JV Chand
Zambia,M Nguni
Zambia,T Banda
Zambia,K Omala
Zambia,Rithika Sriram
Zambia,G Kandela
Zambia,V Mwansa
Zambia,Aslam Bera
Zambia,A Nsensha
Zambia,P Munsanda
Zambia,Gladson Kandela
Zambia,Javid Patel
Zambia,L Mutale
Zambia,Shahnawaz Patel
Zambia,Benson Chama
Zambia,M Yambayamba
Zambia,J Chinunga
Zambia,E Mulenga
Northern Diamonds,EA Burns
Northern Diamonds,GE Hall
Northern Diamonds,A Glen
Northern Diamonds,RHM Hopkins
Northern Diamonds,L Tipton
Northern Diamonds,BAM Heath
Northern Diamonds,K Fraser
Northern Diamonds,LCN Smith
Northern Diamonds,EK Marlow
Northern Diamonds,LM Kasperek
Northern Diamonds,LE Scott
Northern Diamonds,Y Graves
Northern Diamonds,AL MacDonald
Northern Diamonds,SJ Taylor
Northern Diamonds,SL Kalis
Northern Diamonds,EF Telford
Northern Diamonds,M Hill
Northern Diamonds,PE Turner
Northern Diamonds,PC Graham
Northern Diamonds,HJ Armitage
Northern Diamonds,KH Brunt
Northern Diamonds,R Duckworth
Northern Diamonds,KA Levick
Northern Diamonds,R Slater
Northern Diamonds,L Dobson
Northern Diamonds,NR Sciver
Northern Diamonds,M Ward
Northern Diamonds,BA Langston
Northern Diamonds,L Winfield-Hill
Northern Diamonds,JA Woolston
Northern Diamonds,CL Tryon
Northern Diamonds,A Campbell
Northern Diamonds,S Turner
Northern Diamonds,JL Gunn
Northern Diamonds,HL Fenby
Gibraltar,CM Rocca
Gibraltar,J Marples
Gibraltar,A Sawyer
Gibraltar,EAS Ferrary
Gibraltar,K Nestor
Gibraltar,M Whelan
Gibraltar,N Advani
Gibraltar,A Reyes
Gibraltar,CJ Delany
Gibraltar,R Cunningham
Gibraltar,J West
Gibraltar,H Mumford
Gibraltar,S Barton
Gibraltar,A Orfila
Gibraltar,J Hazell
Gibraltar,BA Pai
Gibraltar,C Pyle
Gibraltar,S Bodha
Gibraltar,KJ Stagno
Gibraltar,CV Harrison
Gibraltar,CT McNally
Gibraltar,M Raikes
Gibraltar,P Chugani
Gibraltar,CJ Phillips
Gibraltar,M Gouws
Gibraltar,TL Cleasby
Gibraltar,RJ Hatchman
Gibraltar,A Gianani
Gibraltar,MD Garratt
Gibraltar,J Wilson
Gibraltar,T Caruana
Gibraltar,SA Chipolina
Gibraltar,KJ Ferrary
Gibraltar,YS Blagg
Gibraltar,N Caruana
Gibraltar,M Paryani
Gibraltar,MG Hunter
Gibraltar,N Robeson
Gibraltar,L Tryb
Gibraltar,L Sheppard
Gibraltar,RA Reilly
Gibraltar,N Laguea
Gibraltar,JD Freyone
Gibraltar,PA Raikes
Gibraltar,LJ Payas
Gibraltar,L Bruce
Gibraltar,P Hatchman
Gibraltar,Z Simpson
Gibraltar,H Pile
Gibraltar,LA Collado
Gibraltar,E Packard
Gibraltar,P Raghunath
Gibraltar,M Mumford
Gibraltar,MO Bacarese
Gibraltar,J Horrocks
Gibraltar,K Aswani
Gibraltar,S Suarez
Gibraltar,K Mirpuri
Gibraltar,BAA Zammitt
Gibraltar,H Currie
Gibraltar,Ying King To
Gibraltar,IM Farrell
Gibraltar,IDM Latin
Gibraltar,JA Fitzgerald
Gibraltar,AIV Benatar
Seattle Orcas,Zaman Khan
Seattle Orcas,G Coetzee
Seattle Orcas,BC Fortuin
Seattle Orcas,Sikandar Raza
Seattle Orcas,AJ Tye
Seattle Orcas,Waqar Salamkheil
Seattle Orcas,Aaron Jones
Seattle Orcas,N Burger
Seattle Orcas,MD Shanaka
Seattle Orcas,DA Warner
Seattle Orcas,RD Rickelton
Seattle Orcas,OC McCoy
Seattle Orcas,Q de Kock
Seattle Orcas,J Brown
Seattle Orcas,Harmeet Singh
Seattle Orcas,Shubham Ranjane
Seattle Orcas,Ali Sheikh
Seattle Orcas,Jasdeep Singh
Seattle Orcas,SR Taylor
Seattle Orcas,KMA Paul
Seattle Orcas,WD Parnell
Seattle Orcas,MG Bracewell
Seattle Orcas,H Klaasen
Seattle Orcas,SO Hetmyer
Seattle Orcas,Imad Wasim
Seattle Orcas,Shayan Jahangir
Seattle Orcas,Nauman Anwar
Seattle Orcas,Hammad Azam
Seattle Orcas,Sujit Nayak
Seattle Orcas,KR Mayers
Seattle Orcas,GSNFG Jayasuriya
Seattle Orcas,A Desai
Seattle Orcas,L Ngidi
Seattle Orcas,CJ Gannon
Seattle Orcas,D Pretorius
Los Angeles Knight Riders,JO Holder
Los Angeles Knight Riders,AD Russell
Los Angeles Knight Riders,AD Hales
Los Angeles Knight Riders,SH Johnson
Los Angeles Knight Riders,J Little
Los Angeles Knight Riders,ADS Fletcher
Los Angeles Knight Riders,T Sangha
Los Angeles Knight Riders,UBT Chand
Los Angeles Knight Riders,Waqar Salamkheil
Los Angeles Knight Riders,R Powell
Los Angeles Knight Riders,DYA Davis
Los Angeles Knight Riders,DC Drakes
Los Angeles Knight Riders,JJ Roy
Los Angeles Knight Riders,Saif Badar
Los Angeles Knight Riders,DA Miller
Los Angeles Knight Riders,MJ Guptill
Los Angeles Knight Riders,SE Rutherford
Los Angeles Knight Riders,KS Gattepalli
Los Angeles Knight Riders,SP Narine
Los Angeles Knight Riders,MW Tromp
Los Angeles Knight Riders,Adithya Ganesh
Los Angeles Knight Riders,SC van Schalkwyk
Los Angeles Knight Riders,JS Malhotra
Los Angeles Knight Riders,Ali Khan
Los Angeles Knight Riders,G Singh
Los Angeles Knight Riders,Shakib Al Hasan
Los Angeles Knight Riders,LH Ferguson
Los Angeles Knight Riders,A Zampa
Los Angeles Knight Riders,CA Dry
Los Angeles Knight Riders,NR Kumar
Los Angeles Knight Riders,RR Rossouw
Dhaka Capitals,Nazmul Islam
Dhaka Capitals,Rahmat Ali
Dhaka Capitals,Tanzid Hasan
Dhaka Capitals,NLTC Perera
Dhaka Capitals,Alauddin Babu
Dhaka Capitals,Shamim Hossain
Dhaka Capitals,RR Beaton
Dhaka Capitals,Shahadat Hossain
Dhaka Capitals,Nasir Hossain
Dhaka Capitals,Farmanullah
Dhaka Capitals,PC de Silva
Dhaka Capitals,Irfan Sukkur
Dhaka Capitals,Maruf Mridha
Dhaka Capitals,Zubaid Akbari
Dhaka Capitals,Riaz Hassan
Dhaka Capitals,JJ Roy
Dhaka Capitals,JP Kotze
Dhaka Capitals,Salman Mirza
Dhaka Capitals,Abdullah Al Mamun
Dhaka Capitals,Ziaur Rahman
Dhaka Capitals,Mohammad Mithun
Dhaka Capitals,Rahmanullah Gurbaz
Dhaka Capitals,Mustafizur Rahman
Dhaka Capitals,Shubham Ranjane
Dhaka Capitals,Mosaddek Hossain
Dhaka Capitals,Abu Jayed
Dhaka Capitals,Amir Hamza
Dhaka Capitals,Usman Khan
Dhaka Capitals,Taijul Islam
Dhaka Capitals,Imad Wasim
Dhaka Capitals,Tofael Ahmed
Dhaka Capitals,Munim Shahriar
Dhaka Capitals,Mohammad Saifuddin
Dhaka Capitals,Saif Hassan
Dhaka Capitals,Liton Das
Dhaka Capitals,SS Eskinazi
Dhaka Capitals,Sabbir Rahman
Dhaka Capitals,Mukidul Islam
Dhaka Capitals,Taskin Ahmed
Dhaka Capitals,Habibur Rahman
Dhaka Capitals,Mehedi Hasan Rana
Fortune Barishal,Khaled Ahmed
Fortune Barishal,Haider Ali
Fortune Barishal,Shykat Ali
Fortune Barishal,Nayeem Hasan
Fortune Barishal,ADS Fletcher
Fortune Barishal,DN Wellalage
Fortune Barishal,Soumya Sarkar
Fortune Barishal,Mohammad Nabi
Fortune Barishal,CH Gayle
Fortune Barishal,Fazle Mahmud
Fortune Barishal,JB Lintott
Fortune Barishal,Shaheen Shah Afridi
Fortune Barishal,Nurul Hasan
Fortune Barishal,Mohammad Wasim
Fortune Barishal,AS Joseph
Fortune Barishal,PC de Silva
Fortune Barishal,Ahmed Shehzad
Fortune Barishal,DJ Malan
Fortune Barishal,R Mondol
Fortune Barishal,OC McCoy
Fortune Barishal,Irfan Sukkur
Fortune Barishal,Nazmul Hossain Shanto
Fortune Barishal,Tamim Iqbal
Fortune Barishal,Mahmudullah
Fortune Barishal,Mohammad Ali
Fortune Barishal,Mujeeb Ur Rahman
Fortune Barishal,Faheem Ashraf
Fortune Barishal,JK Fuller
Fortune Barishal,Shoaib Malik
Fortune Barishal,Kamrul Islam Rabbi
Fortune Barishal,Qazi Onik
Fortune Barishal,DA Miller
Fortune Barishal,Ziaur Rahman
Fortune Barishal,Y Cariah
Fortune Barishal,Ibrahim Zadran
Fortune Barishal,PBB Rajapaksa
Fortune Barishal,Sunzamul Islam
Fortune Barishal,Ebadat Hossain
Fortune Barishal,Tanvir Islam
Fortune Barishal,Anamul Haque
Fortune Barishal,Mohammad Imran
Fortune Barishal,Salman Hossain
Fortune Barishal,Rakibul Hasan
Fortune Barishal,Taijul Islam
Fortune Barishal,Towhid Hridoy
Fortune Barishal,Karim Janat
Fortune Barishal,Rishad Hossain
Fortune Barishal,Munim Shahriar
Fortune Barishal,DJ Bravo
Fortune Barishal,Mushfiqur Rahim
Fortune Barishal,Akif Javed
Fortune Barishal,Mohammad Saifuddin
Fortune Barishal,Mehedi Hasan Miraz
Fortune Barishal,Shakib Al Hasan
Fortune Barishal,KR Mayers
Fortune Barishal,Saif Hassan
Fortune Barishal,Shafiqul Islam
Fortune Barishal,Iftikhar Ahmed
Fortune Barishal,Mehedi Hasan Rana
Fortune Barishal,Abbas Afridi
Fortune Barishal,KA Maharaj
Fortune Barishal,Pritom Kumar
Fortune Barishal,T Banton
Fortune Barishal,D Pretorius
Fortune Barishal,Iqbal Hossain Emon
Fortune Barishal,Jahandad Khan
Maharashtra,A Palkar
Maharashtra,Mukesh Choudhary
Maharashtra,AR Bawne
Maharashtra,T R Dhillon
Maharashtra,Yash Nahar
Maharashtra,SS Mundhe
Maharashtra,PJ Bhati
Maharashtra,Satyajeet Bachhav
Maharashtra,MD Ingale
Maharashtra,VV Gite
Maharashtra,RH Motwani
Maharashtra,DR Deshmukh
Maharashtra,VV More
Maharashtra,SM Fallah
Maharashtra,RA Tripathi
Maharashtra,Divyang Hinganekar
Maharashtra,HH Khadiwale
Maharashtra,JP Zope
Maharashtra,NR Dhumal
Maharashtra,Azim Kazi
Maharashtra,RS Hangargekar
Maharashtra,Naushad Shaikh
Maharashtra,VH Zol
Maharashtra,SM Gugale
Maharashtra,NS Naik
Maharashtra,Chirag Khurana
Maharashtra,AA Sanklecha
Maharashtra,SM Kazi
Maharashtra,Pradeep Dadhe
Maharashtra,Ranjeet Nikam
Maharashtra,KM Jadhav
Maharashtra,RD Gaikwad
Maharashtra,Sunil Yadav
Maharashtra,HA Walunj
Maharashtra,DJ Muthuswami
Guyana,PO Millington
Guyana,SS Grimmond
Guyana,KK Mentore
Guyana,TD Smartt
Guyana,A Munisar
Guyana,K Schultz
Guyana,CS Fraser
Guyana,LCA Toussaint
Guyana,AP Thompson
Guyana,MC Henry
Guyana,K Persaud
Guyana,EM Giddings
Guyana,S Campbelle
Guyana,SA Campbelle
Guyana,M Mangru
Guyana,S Gajnabi
Leeward Islands,J Richards
Leeward Islands,T McCoy
Leeward Islands,S Hector
Leeward Islands,T Thorpe
Leeward Islands,R Liburd
Leeward Islands,A Freeman
Leeward Islands,R Dolabaille
Leeward Islands,D Claxton
Leeward Islands,S Willett
Leeward Islands,A Edwards
Leeward Islands,M Clarke
Leeward Islands,S Bellot
Leeward Islands,Terez Parker
Leeward Islands,T Martin
Saurashtra,D Chauhan
Saurashtra,Samarth Vyas
Saurashtra,SP Jackson
Saurashtra,Sammar Gajjar
Saurashtra,R Ahir
Saurashtra,CA Pujara
Saurashtra,A Panwar
Saurashtra,Hardik Rathod
Saurashtra,AA Barot
Saurashtra,Aditya Jadeja
Saurashtra,Tarang Gohel
Saurashtra,Chirag Jani
Saurashtra,Parth Chauhan
Saurashtra,Himalaya Barad
Saurashtra,K D Patel
Saurashtra,H Desai
Saurashtra,Deepak Punia
Saurashtra,P Karia
Saurashtra,RV Uthappa
Saurashtra,PN Mankad
Saurashtra,Jaydev Shah
Saurashtra,Jay Chauhan
Saurashtra,Arpit Vasavada
Saurashtra,PI Solanki
Saurashtra,Kishan Parmar M
Saurashtra,Vishvaraj Jadeja
Saurashtra,Dharmendrasinh Jadeja
Saurashtra,S Sanandia
Saurashtra,V M Jivrajani
Saurashtra,Yuvraj Chudasama
Saurashtra,JD Unadkat
Saurashtra,K Makwana
Saurashtra,C Sakariya
Saurashtra,Jay Gohil
Saurashtra,Parth Bhut
Wellington Firebirds,AF Milne
Wellington Firebirds,JD Gibson
Wellington Firebirds,T Muller
Wellington Firebirds,LR Dudding
Wellington Firebirds,MW Snedden
Wellington Firebirds,DP Conway
Wellington Firebirds,KJ McComb
Wellington Firebirds,PF Younghusband
Wellington Firebirds,CR Woakes
Wellington Firebirds,JDS Neesham
Wellington Firebirds,SM Mycock
Wellington Firebirds,NG Smith
Wellington Firebirds,A Verma
Wellington Firebirds,HJH Marshall
Wellington Firebirds,JD Ryder
Wellington Firebirds,KLD Vishvaka
Wellington Firebirds,CR McLachlan
Wellington Firebirds,TA Blundell
Wellington Firebirds,JM Brodie
Wellington Firebirds,AD Day
Wellington Firebirds,LJ Woodcock
Wellington Firebirds,Craig Cachopa
Wellington Firebirds,BJ Barnett
Wellington Firebirds,A Paranjpe
Wellington Firebirds,HK Bennett
Wellington Firebirds,ED Seddon
Wellington Firebirds,NA Greenwood
Wellington Firebirds,FJ Colson
Wellington Firebirds,MJ Taylor
Wellington Firebirds,NF Kelly
Wellington Firebirds,BJ Arnel
Wellington Firebirds,FH Allen
Wellington Firebirds,SJ Murdoch
Wellington Firebirds,R Ravindra
Wellington Firebirds,AJ Leonard
Wellington Firebirds,AD Ridley
Wellington Firebirds,TM Johnson
Wellington Firebirds,L Ronchi
Wellington Firebirds,TB Robinson
Wellington Firebirds,MV Houghton
Wellington Firebirds,LV van Beek
Wellington Firebirds,MB Bacon
Wellington Firebirds,JM Tashkoff
Wellington Firebirds,HKP Boam
Wellington Firebirds,OR Newton
Wellington Firebirds,MG Bracewell
Wellington Firebirds,MJ Tugaga
Wellington Firebirds,JJNP Bhula
Wellington Firebirds,JW Hartshorn
Wellington Firebirds,MA Abbas
Wellington Firebirds,IG McPeake
Wellington Firebirds,MHW Papps
Wellington Firebirds,LI Georgeson
Wellington Firebirds,JS Patel
Wellington Firebirds,D Joon
Wellington Firebirds,AJ McKay
Wellington Firebirds,MJ Nofal
Wellington Firebirds,DS Hutchinson
Wellington Firebirds,MR Gillespie
Wellington Firebirds,AT Fletcher
Wellington Firebirds,GR Severin
Wellington Firebirds,MA Pollard
Wellington Firebirds,GD Elliott
Wellington Firebirds,SC Kuggeleijn
Wellington Firebirds,JEC Franklin
Wellington Firebirds,BV Sears
Wellington Firebirds,MB McEwan
Wellington Firebirds,LR Johns
Wellington Firebirds,Yahya Zeb
Wellington Firebirds,OT Jackson
Wellington Firebirds,HA Walsh
Wellington Firebirds,SG Borthwick
Manipur,Rex Rajkumar
Manipur,Sultan Karim
Manipur,Bonny Chingangbam
Manipur,Narsingh Yadav
Manipur,Homendro Kabrambam
Manipur,Sunil Salam
Manipur,Kishan Thokchom
Manipur,L Kishan Singha
Manipur,Sanatombaroy Laiphangbam
Manipur,Thomas Moirangthem
Manipur,Mayank Raghav
Manipur,Lamabam Singh
Manipur,BM Chingakham
Manipur,Bishworjit Konthoujam
Manipur,Ahmed Shah
Manipur,Gemson Singh
Manipur,Hrithik Kanojia
Manipur,Yashpal Singh
Manipur,Ngangom Rajesh Singh
Manipur,Johnson Singh
Manipur,Jayanta Sagatpam
Manipur,Akoijam Singh
Manipur,Langlonyamba Meitan Keishangbam
Manipur,P Prafullomani
Manipur,Nitesh Sedai
Manipur,Karnajit Yumnam
Manipur,Kangabam Singh
Manipur,Chongtham Mehul
Manipur,Bikash Singh
Manipur,Chabungbam Ishworjit
Manipur,Nongthombam Sarojkumar
Manipur,Nongthombam Denin
Manipur,B Rahman
Manipur,Al Bashid Muhammed
Manipur,Somorjit Salam
Dhaka Dynamites,Khaled Ahmed
Dhaka Dynamites,AD Russell
Dhaka Dynamites,Abul Hasan
Dhaka Dynamites,Shahid Afridi
Dhaka Dynamites,Asif Hasan
Dhaka Dynamites,Mohammad Naim
Dhaka Dynamites,Shykat Ali
Dhaka Dynamites,Suhrawadi Shuvo
Dhaka Dynamites,DPMD Jayawardene
Dhaka Dynamites,Mohammad Hafeez
Dhaka Dynamites,Mizanur Rahman
Dhaka Dynamites,RN ten Doeschate
Dhaka Dynamites,Alauddin Babu
Dhaka Dynamites,Yasir Shah
Dhaka Dynamites,RR Beaton
Dhaka Dynamites,Shahadat Hossain
Dhaka Dynamites,Nasir Hossain
Dhaka Dynamites,Mosharraf Hossain
Dhaka Dynamites,Mohammad Amir
Dhaka Dynamites,Nurul Hasan
Dhaka Dynamites,Hazratullah
Dhaka Dynamites,Mohor Sheikh
Dhaka Dynamites,Mohammad Irfan
Dhaka Dynamites,Mahmudul Hasan
Dhaka Dynamites,Darwish Rasooli
Dhaka Dynamites,KA Pollard
Dhaka Dynamites,Abu Hider
Dhaka Dynamites,Irfan Sukkur
Dhaka Dynamites,Qazi Onik
Dhaka Dynamites,S Prasanna
Dhaka Dynamites,WU Tharanga
Dhaka Dynamites,Al Islam
Dhaka Dynamites,Shamsur Rahman
Dhaka Dynamites,RS Bopara
Dhaka Dynamites,Mohammad Shahid
Dhaka Dynamites,Nadif Chowdhury
Dhaka Dynamites,Shuvagata Hom
Dhaka Dynamites,JL Denly
Dhaka Dynamites,Sunzamul Islam
Dhaka Dynamites,Mehedi Maruf
Dhaka Dynamites,Mustafizur Rahman
Dhaka Dynamites,AU Rashid
Dhaka Dynamites,SP Narine
Dhaka Dynamites,Mohammad Saddam
Dhaka Dynamites,Mosaddek Hossain
Dhaka Dynamites,Farhad Reza
Dhaka Dynamites,MN Waller
Dhaka Dynamites,Abu Jayed
Dhaka Dynamites,Nasir Jamshed
Dhaka Dynamites,ACR Birch
Dhaka Dynamites,KC Sangakkara
Dhaka Dynamites,Sohail Khan
Dhaka Dynamites,Tanbir Hayder
Dhaka Dynamites,MT Coles
Dhaka Dynamites,Shadman Islam
Dhaka Dynamites,E Lewis
Dhaka Dynamites,HDRL Thirimanne
Dhaka Dynamites,Saqlain Sajib
Dhaka Dynamites,DJ Bravo
Dhaka Dynamites,CS Delport
Dhaka Dynamites,Rony Talukdar
Dhaka Dynamites,Shakib Al Hasan
Dhaka Dynamites,Rubel Hossain
Dhaka Dynamites,Jahurul Islam
Dhaka Dynamites,Nabil Samad
Dhaka Dynamites,KK Cooper
Dhaka Dynamites,HG Kuhn
Chittagong Vikings,Khaled Ahmed
Chittagong Vikings,LM Reece
Chittagong Vikings,Al-Amin
Chittagong Vikings,Asif Hasan
Chittagong Vikings,Suhrawadi Shuvo
Chittagong Vikings,Nayeem Hasan
Chittagong Vikings,TM Dilshan
Chittagong Vikings,Sikandar Raza
Chittagong Vikings,GC Viljoen
Chittagong Vikings,Robiul Haque
Chittagong Vikings,Soumya Sarkar
Chittagong Vikings,Mohammad Nabi
Chittagong Vikings,Abdur Razzak
Chittagong Vikings,CH Gayle
Chittagong Vikings,CJ Jordan
Chittagong Vikings,Mohammad Amir
Chittagong Vikings,MD Shanaka
Chittagong Vikings,PC de Silva
Chittagong Vikings,Mahmudul Hasan
Chittagong Vikings,Bilawal Bhatti
Chittagong Vikings,Irfan Sukkur
Chittagong Vikings,Elias Sunny
Chittagong Vikings,Tamim Iqbal
Chittagong Vikings,Shoaib Malik
Chittagong Vikings,Enamul Haque jnr
Chittagong Vikings,Saeed Ajmal
Chittagong Vikings,Ziaur Rahman
Chittagong Vikings,Zakir Hasan
Chittagong Vikings,Asif Ahmed
Chittagong Vikings,L Ronchi
Chittagong Vikings,Sunzamul Islam
Chittagong Vikings,CK Kapugedera
Chittagong Vikings,Yasir Ali Chowdhury
Chittagong Vikings,Anamul Haque
Chittagong Vikings,Mosaddek Hossain
Chittagong Vikings,S van Zyl
Chittagong Vikings,Abu Jayed
Chittagong Vikings,DR Smith
Chittagong Vikings,EMDY Munaweera
Chittagong Vikings,RR Emrit
Chittagong Vikings,Tanbir Hayder
Chittagong Vikings,Shadman Islam
Chittagong Vikings,Misbah-ul-Haq
Chittagong Vikings,TS Mills
Chittagong Vikings,E Chigumbura
Chittagong Vikings,Mohammad Shahzad
Chittagong Vikings,Saqlain Sajib
Chittagong Vikings,Shohidul Islam
Chittagong Vikings,CS Delport
Chittagong Vikings,Mushfiqur Rahim
Chittagong Vikings,R Frylinck
Chittagong Vikings,GD Elliott
Chittagong Vikings,BMAJ Mendis
Chittagong Vikings,Nazmul Hossain Milon
Chittagong Vikings,Subashis Roy
Chittagong Vikings,Mohammad Ashraful
Chittagong Vikings,Taskin Ahmed
Chittagong Vikings,Imran Khan
Chittagong Vikings,Jahurul Islam
Chittagong Vikings,Umar Akmal
Chittagong Vikings,Kamran Akmal
Chittagong Vikings,Najibullah Zadran
Chittagong Vikings,Shafiul Islam
Chittagong Vikings,Naeem Islam
Lesotho,L Monanthane
Lesotho,TJ Ramphoma
Lesotho,C Tlali
Lesotho,YYM Jakda
Lesotho,LJ Leokaoke
Lesotho,KC Phohlo
Lesotho,M Leporoporo
Lesotho,T Mosobela
Lesotho,M Tsarsi
Lesotho,MM Mabathoana
Lesotho,Mohammed Jamadar
Lesotho,T Ramabitsa
Lesotho,KM Molapo
Lesotho,Abraar Khan
Lesotho,ME Leoela
Lesotho,L Polaki
Lesotho,MA Nyabela
Lesotho,S Ramataboe
Lesotho,M Mohasane
Lesotho,TG Thamae
Lesotho,Omar Hussain
Lesotho,TD Chaoana
Lesotho,T Khabo
Lesotho,R Khasana
Lesotho,V Jayant
Lesotho,LM Gabriel
Lesotho,Sajid Patel
Lesotho,B Mejaro
Lesotho,M Matobole
Lesotho,B Tlali
Lesotho,B Mosoaboli
Lesotho,MV Matsau
Lesotho,Khan Arbaaz
Lesotho,P Pheko
Lesotho,Sarfaraj Patel
Lesotho,N Tsiame
Lesotho,Sameer Patel
Lesotho,Waseem Yaqoob
Lesotho,Ajaz Patel
Lesotho,Inshaf Farook
Lesotho,B Lekau
Lesotho,NM Mokhachane
Lesotho,C Lenyatsa
Lesotho,M Khauta
Lesotho,AAA Patel
Lesotho,MA Tsemane
Lesotho,M Mokoatsela
Lesotho,DJ Mokoatsela
Lesotho,K Mabitle
Lesotho,M Moalosi
Lesotho,R Limema
Lesotho,K Damane
Lesotho,Riaz Suleman
Lesotho,T Mohapi
Lesotho,TJ Mahe
Lesotho,L Mating
Lesotho,N Thekiso
Lesotho,TA Khetsi
Lesotho,K Mohanoe
Lesotho,T Kobeli
Lesotho,L Khotso
Lesotho,B Phelenyane
Lesotho,Azim Patel
Lesotho,T Koloi
Lesotho,Maaz Khan
Lesotho,M Mohapi
Lesotho,S Seth
Mozambique,P Mazuze
Mozambique,IE Mulhovo
Mozambique,YM Murrure
Mozambique,JJ Chicuele
Mozambique,II Mabunda
Mozambique,AL Mangue
Mozambique,O Matsolo
Mozambique,AA Navicha
Mozambique,AD Conwana
Mozambique,OC Moiane
Mozambique,L Chipanga
Mozambique,WNA Bucuane
Mozambique,FA Cossa
Mozambique,M Matine
Mozambique,P Cuinica
Mozambique,SF Nhavotso
Mozambique,MA Algi
Mozambique,GO Sopinho
Mozambique,O Mondlane
Mozambique,F Damiao Couana
Mozambique,RO Mazumba
Mozambique,VE Tembo
Mozambique,J Sainda
Mozambique,RF Duvane
Mozambique,ZE Matsinhe
Mozambique,A Koul
Mozambique,BA Simango
Mozambique,TJE Chiracheque
Mozambique,S Guambe
Mozambique,A Cossa
Mozambique,JM Joao
Mozambique,Imran Ismail
Mozambique,FFZ Nhaduate
Mozambique,Kaleem Shah
Mozambique,J Bulele
Mozambique,AA Moiane
Mozambique,AT Chuvale
Mozambique,LI Salomone
Mozambique,C Murrombe
Mozambique,DS Navingo
Mozambique,DV Macome
Mozambique,LF Mavume
Mozambique,EI Azine
Mozambique,C Magaia
Mozambique,I Chuma
Mozambique,F Guirrugo
Mozambique,CM Mbebe
Mozambique,J Sonia
Mozambique,FE Carava
Mozambique,AL Mundundo
Mozambique,BA Sambo
Mozambique,CB Roposo
Mozambique,N Ndzeute
Mozambique,FA Zavala
Mozambique,L Emilio
Mozambique,SDJJ Dima
Mozambique,JJ Huo
Mozambique,LV Mandhate
Mozambique,LA Simango
Mozambique,HR Ponja
Mozambique,A Salomao
Mozambique,R Haiong
Mozambique,E Moiane
Mozambique,GF Gomes
Mozambique,MF Manjate
Peshawar Zalmi,Aamer Yamin
Peshawar Zalmi,Umar Amin
Peshawar Zalmi,DJG Sammy
Peshawar Zalmi,LS Livingstone
Peshawar Zalmi,Yasir Shah
Peshawar Zalmi,Mohammad Haris
Peshawar Zalmi,AM Hardie
Peshawar Zalmi,CJ Jordan
Peshawar Zalmi,Arshad Iqbal
Peshawar Zalmi,Imran Khan (1)
Peshawar Zalmi,AS Joseph
Peshawar Zalmi,PI Walter
Peshawar Zalmi,Nabi Gul
Peshawar Zalmi,KA Pollard
Peshawar Zalmi,Haris Sohail
Peshawar Zalmi,JW Wells
Peshawar Zalmi,Sufiyan Muqeem
Peshawar Zalmi,DR Smith
Peshawar Zalmi,MG Bracewell
Peshawar Zalmi,Abrar Ahmed
Peshawar Zalmi,Arif Yaqoob
Peshawar Zalmi,Mohammad Mohsin
Peshawar Zalmi,TS Mills
Peshawar Zalmi,Wahab Riaz
Peshawar Zalmi,Yasir Khan
Peshawar Zalmi,T Kohler-Cadmore
Peshawar Zalmi,Nahid Rana
Peshawar Zalmi,Ahmed Daniyal
Peshawar Zalmi,Aamer Jamal
Peshawar Zalmi,Haider Ali
Peshawar Zalmi,Ali Majid
Peshawar Zalmi,BJ Hodge
Peshawar Zalmi,Mohammad Basit
Peshawar Zalmi,Abdur Rehman
Peshawar Zalmi,EJG Morgan
Peshawar Zalmi,Khushdil Shah
Peshawar Zalmi,Farhan Yousaf
Peshawar Zalmi,Umaid Asif
Peshawar Zalmi,MD Shanaka
Peshawar Zalmi,MJ Owen
Peshawar Zalmi,Azmatullah Omarzai
Peshawar Zalmi,F du Plessis
Peshawar Zalmi,Shahid Yousuf
Peshawar Zalmi,Shoaib Malik
Peshawar Zalmi,Mujeeb Ur Rahman
Peshawar Zalmi,RS Bopara
Peshawar Zalmi,Babar Azam
Peshawar Zalmi,Saim Ayub
Peshawar Zalmi,Hasan Ali
Peshawar Zalmi,SE Rutherford
Peshawar Zalmi,Rahat Ali
Peshawar Zalmi,Sohail Khan
Peshawar Zalmi,Misbah-ul-Haq
Peshawar Zalmi,Aimal Khan
Peshawar Zalmi,Hammad Azam
Peshawar Zalmi,LA Dawson
Peshawar Zalmi,Sameen Gul
Peshawar Zalmi,L Wood
Peshawar Zalmi,Mohammad Zeeshan
Peshawar Zalmi,Sabbir Rahman
Peshawar Zalmi,MN Samuels
Peshawar Zalmi,ADS Fletcher
Peshawar Zalmi,JDS Neesham
Peshawar Zalmi,Sohaib Maqsood
Peshawar Zalmi,Waqar Salamkheil
Peshawar Zalmi,R Powell
Peshawar Zalmi,DR Sams
Peshawar Zalmi,Mohammad Imran (2)
Peshawar Zalmi,Mohammad Irfan
Peshawar Zalmi,WL Madsen
Peshawar Zalmi,BKG Mendis
Peshawar Zalmi,DJ Malan
Peshawar Zalmi,Maaz Sadaqat
Peshawar Zalmi,Junaid Khan
Peshawar Zalmi,MH Wessels
Peshawar Zalmi,Abdul Samad
Peshawar Zalmi,DA Miller
Peshawar Zalmi,GF Linde
Peshawar Zalmi,Mohammad Imran
Peshawar Zalmi,JM Bairstow
Peshawar Zalmi,L Gregory
Peshawar Zalmi,SW Tait
Peshawar Zalmi,Mohammad Asghar
Peshawar Zalmi,Mohammad Amir Khan
Peshawar Zalmi,Ibtisam Sheikh
Peshawar Zalmi,Mohammad Umar
Peshawar Zalmi,Adil Amin
Peshawar Zalmi,Naveen-ul-Haq
Peshawar Zalmi,Asif Ali
Peshawar Zalmi,Kamran Akmal
Peshawar Zalmi,Iftikhar Ahmed
Peshawar Zalmi,T Banton
Peshawar Zalmi,Haseebullah Khan
Peshawar Zalmi,Shahid Afridi
Peshawar Zalmi,Shoriful Islam
Peshawar Zalmi,Salman Irshad
Peshawar Zalmi,Mohammad Hafeez
Peshawar Zalmi,GC Viljoen
Peshawar Zalmi,Ali Raza
Peshawar Zalmi,Hazratullah
Peshawar Zalmi,PR Brown
Peshawar Zalmi,Amad Butt
Peshawar Zalmi,BAC Howell
Peshawar Zalmi,Tamim Iqbal
Peshawar Zalmi,Mohammad Ali
Peshawar Zalmi,CR Brathwaite
Peshawar Zalmi,JM Vince
Peshawar Zalmi,Imam-ul-Haq
Peshawar Zalmi,PBB Rajapaksa
Peshawar Zalmi,S Mahmood
Peshawar Zalmi,Arish Ali
Peshawar Zalmi,Saad Nasim
Peshawar Zalmi,Mehran Mumtaz
Peshawar Zalmi,Saad Masood
Peshawar Zalmi,DR Mousley
Peshawar Zalmi,Usman Qadir
Peshawar Zalmi,Hussain Talat
Peshawar Zalmi,M Bryant
Peshawar Zalmi,FA Allen
Peshawar Zalmi,J Allenby
Peshawar Zalmi,Shakib Al Hasan
Peshawar Zalmi,Khurram Shahzad
Peshawar Zalmi,Khalid Usman
Peshawar Zalmi,BCJ Cutting
Quetta Gladiators,Hassan Khan
Quetta Gladiators,SB Harper
Quetta Gladiators,Sajjad Ali
Quetta Gladiators,BM Duckett
Quetta Gladiators,Umar Amin
Quetta Gladiators,Bismillah Khan
Quetta Gladiators,Mohammad Nawaz (3)
Quetta Gladiators,Hassan Nawaz
Quetta Gladiators,Mohammad Nabi
Quetta Gladiators,Noor Ahmad
Quetta Gladiators,AS Joseph
Quetta Gladiators,Ahsan Ali
Quetta Gladiators,WCF Smeed
Quetta Gladiators,N Thushara
Quetta Gladiators,MS Chapman
Quetta Gladiators,JC Archer
Quetta Gladiators,Faheem Ashraf
Quetta Gladiators,LJ Evans
Quetta Gladiators,HF Gurney
Quetta Gladiators,AJ Hosein
Quetta Gladiators,Anwar Ali
Quetta Gladiators,NL McCullum
Quetta Gladiators,B Laughlin
Quetta Gladiators,Aizaz Cheema
Quetta Gladiators,DR Smith
Quetta Gladiators,Abrar Ahmed
Quetta Gladiators,Usman Khan
Quetta Gladiators,Abdul Nasir
Quetta Gladiators,TS Mills
Quetta Gladiators,TK Curran
Quetta Gladiators,Yasir Khan
Quetta Gladiators,GD Elliott
Quetta Gladiators,Khawaja Nafay
Quetta Gladiators,T Kohler-Cadmore
Quetta Gladiators,Ahmed Daniyal
Quetta Gladiators,Ashir Qureshi
Quetta Gladiators,Ali Majid
Quetta Gladiators,J Weatherald
Quetta Gladiators,MN van Wyk
Quetta Gladiators,Zulfiqar Babar
Quetta Gladiators,Umaid Asif
Quetta Gladiators,Azam Khan
Quetta Gladiators,Mohammad Wasim
Quetta Gladiators,Danish Aziz
Quetta Gladiators,F du Plessis
Quetta Gladiators,DW Steyn
Quetta Gladiators,FH Allen
Quetta Gladiators,Shoaib Malik
Quetta Gladiators,JJ Roy
Quetta Gladiators,Saud Shakeel
Quetta Gladiators,BR McDermott
Quetta Gladiators,Asad Shafiq
Quetta Gladiators,MJ Guptill
Quetta Gladiators,Saim Ayub
Quetta Gladiators,SE Rutherford
Quetta Gladiators,Rahat Ali
Quetta Gladiators,Usman Shinwari
Quetta Gladiators,Anamul Haque
Quetta Gladiators,Sarfraz Ahmed
Quetta Gladiators,Zahid Mahmood
Quetta Gladiators,Sohail Khan
Quetta Gladiators,Aimal Khan
Quetta Gladiators,SM Ervine
Quetta Gladiators,Khalil Ahmed
Quetta Gladiators,L Wood
Quetta Gladiators,Mohammad Zeeshan
Quetta Gladiators,D Pretorius
Quetta Gladiators,RR Rossouw
Quetta Gladiators,Jahandad Khan
Quetta Gladiators,AD Russell
Quetta Gladiators,LD Chandimal
Quetta Gladiators,Usman Tariq
Quetta Gladiators,CH Gayle
Quetta Gladiators,Zahoor Khan
Quetta Gladiators,Mohammad Irfan
Quetta Gladiators,BKG Mendis
Quetta Gladiators,Abdul Bangalzai
Quetta Gladiators,Mahmudullah
Quetta Gladiators,Saqib Khan
Quetta Gladiators,BR Hampton
Quetta Gladiators,Khurram Manzoor
Quetta Gladiators,Qais Ahmad
Quetta Gladiators,Mohammad Irfan (4)
Quetta Gladiators,Mohammad Hasnain
Quetta Gladiators,JP Faulkner
Quetta Gladiators,Rameez Raja (2)
Quetta Gladiators,E Chigumbura
Quetta Gladiators,DJ Bravo
Quetta Gladiators,Naveen-ul-Haq
Quetta Gladiators,Umar Akmal
Quetta Gladiators,Iftikhar Ahmed
Quetta Gladiators,T Banton
Quetta Gladiators,JW Hastings
Quetta Gladiators,Haseebullah Khan
Quetta Gladiators,Naseem Shah
Quetta Gladiators,Shahid Afridi
Quetta Gladiators,OF Smith
Quetta Gladiators,Mir Hamza
Quetta Gladiators,JD Wildermuth
Quetta Gladiators,Mohammad Hafeez
Quetta Gladiators,NLTC Perera
Quetta Gladiators,Ghulam Mudassar
Quetta Gladiators,KA Jamieson
Quetta Gladiators,SA Abbott
Quetta Gladiators,Mohammad Amir
Quetta Gladiators,Ahmed Shehzad
Quetta Gladiators,WIA Fernando
Quetta Gladiators,JM Vince
Quetta Gladiators,Arish Ali
Quetta Gladiators,Saad Nasim
Quetta Gladiators,SR Watson
Quetta Gladiators,Akbar-ur-Rehman
Quetta Gladiators,KP Pietersen
Quetta Gladiators,Omair Yousuf
Quetta Gladiators,Kashif Bhatti
Quetta Gladiators,RR Emrit
Quetta Gladiators,KC Sangakkara
Quetta Gladiators,Sohail Tanvir
Quetta Gladiators,Shamyl Hussain
Quetta Gladiators,Mohammad Nawaz
Quetta Gladiators,CS Delport
Quetta Gladiators,Umar Gul
Quetta Gladiators,LJ Wright
Quetta Gladiators,Khurram Shahzad
Quetta Gladiators,Zahir Khan
Quetta Gladiators,Najibullah Zadran
Quetta Gladiators,Fawad Ahmed
Quetta Gladiators,BCJ Cutting
Quetta Gladiators,BJ Jacobs
Welsh Fire,HL Baker
Welsh Fire,BM Duckett
Welsh Fire,KL George
Welsh Fire,PI Walter
Welsh Fire,Noor Ahmad
Welsh Fire,DA Payne
Welsh Fire,Haris Rauf
Welsh Fire,GA Elwiss
Welsh Fire,A Hartley
Welsh Fire,GK Davis
Welsh Fire,JT Ball
Welsh Fire,GLS Scrimshaw
Welsh Fire,LWP Wells
Welsh Fire,IS Sodhi
Welsh Fire,T Kohler-Cadmore
Welsh Fire,A Zampa
Welsh Fire,CJ Green
Welsh Fire,JL du Plooy
Welsh Fire,OJ Pope
Welsh Fire,DL Lloyd
Welsh Fire,J Little
Welsh Fire,GD Phillips
Welsh Fire,RA Whiteley
Welsh Fire,N Harvey
Welsh Fire,C Nicholas
Welsh Fire,LE Plunkett
Welsh Fire,RE van der Merwe
Welsh Fire,S Ismail
Welsh Fire,JJ Cobb
Welsh Fire,BI Kellaway
Welsh Fire,A Sutherland
Welsh Fire,FC Wilson
Welsh Fire,PA Franklin
Welsh Fire,BF Smith
Welsh Fire,P Cleary
Welsh Fire,MJ Henry
Welsh Fire,A Griffiths
Welsh Fire,SN Luff
Welsh Fire,G Redmayne
Welsh Fire,D Pretorius
Welsh Fire,SR Hain
Welsh Fire,ML Green
Welsh Fire,JM Clarke
Welsh Fire,JDS Neesham
Welsh Fire,L Filer
Welsh Fire,Shaheen Shah Afridi
Welsh Fire,SA Zaib
Welsh Fire,AS Dale
Welsh Fire,MJJ Critchley
Welsh Fire,GM Hennessy
Welsh Fire,SPD Smith
Welsh Fire,DA Miller
Welsh Fire,FMK Morris
Welsh Fire,Qais Ahmad
Welsh Fire,AJ Macleod
Welsh Fire,ME Milnes
Welsh Fire,DJ Willey
Welsh Fire,JM Bairstow
Welsh Fire,HK Matthews
Welsh Fire,RL Haynes
Welsh Fire,KA Levick
Welsh Fire,JG Bethell
Welsh Fire,SS Eskinazi
Welsh Fire,MS Crane
Welsh Fire,T Banton
Welsh Fire,BGF Green
Welsh Fire,NAJ Wraith
Welsh Fire,IA Cockbain
Welsh Fire,TB Abell
Welsh Fire,LJ Fletcher
Welsh Fire,FR Davies
Welsh Fire,SJ Taylor
Welsh Fire,EM McCaughan
Welsh Fire,RF Higgins
Welsh Fire,GG White
Welsh Fire,SJ Bryce
Welsh Fire,RP Meredith
Welsh Fire,NJ Carey
Welsh Fire,TT Beaumont
Welsh Fire,J Hull
Welsh Fire,L Harris
Welsh Fire,E Windsor
Welsh Fire,LH Ferguson
Welsh Fire,BA Langston
Welsh Fire,JL Jonassen
Welsh Fire,SIR Dunkley
Central Stags,JR Lennox
Central Stags,AF Milne
Central Stags,RJ McCone
Central Stags,LR Dudding
Central Stags,SN Smidt
Central Stags,SHA Rance
Central Stags,PD Trego
Central Stags,Carl Cachopa
Central Stags,JD Ryder
Central Stags,BS Smith
Central Stags,JD McKay
Central Stags,GR Hay
Central Stags,TC Bruce
Central Stags,JCT Boyle
Central Stags,NA Patel
Central Stags,AR Schaw
Central Stags,TS Nethula
Central Stags,MS Sinclair
Central Stags,CK Leopard
Central Stags,DT Meiring
Central Stags,AR Lamb
Central Stags,TA Findlay
Central Stags,JA Raval
Central Stags,BJ Small
Central Stags,DAJ Bracewell
Central Stags,BL Wiggins
Central Stags,M Renwick
Central Stags,OE Mabin
Central Stags,BD Schmulian
Central Stags,BM Wheeler
Central Stags,AY Patel
Central Stags,DS Robinson
Central Stags,BM Tickner
Central Stags,CW Gaylard
Central Stags,K Noema-Barnett
Central Stags,LRPL Taylor
Central Stags,WA Young
Central Stags,RL Toole
Central Stags,GH Worker
Central Stags,WC Ludick
Central Stags,JT Harris
Central Stags,TM Annand
Central Stags,JM How
Central Stags,JFA Field
Central Stags,RF Badenhorst
Central Stags,FJM Murray
Central Stags,BP Stoyanoff
Central Stags,TJ Bettelheim
Central Stags,W Clark
Central Stags,AW Mathieson
Central Stags,BG Randell
Central Stags,CG Heaphy
Central Stags,KD Richards
Central Stags,CFK van Wyk
Central Stags,SJ Hook-Sporry
Central Stags,JA Clarkson
Central Stags,D Cleaver
Central Stags,MTMMJ Ave
Central Stags,D Foxcroft
Royal Challengers Bengaluru,LK Bell
Royal Challengers Bengaluru,MS Bhandage
Royal Challengers Bengaluru,Rasikh Salam
Royal Challengers Bengaluru,DN Wyatt
Royal Challengers Bengaluru,G Voll
Royal Challengers Bengaluru,MA Agarwal
Royal Challengers Bengaluru,R Shepherd
Royal Challengers Bengaluru,RM Ghosh
Royal Challengers Bengaluru,Raghvi Bist
Royal Challengers Bengaluru,VR Iyer
Royal Challengers Bengaluru,VJ Joshitha
Royal Challengers Bengaluru,LS Livingstone
Royal Challengers Bengaluru,Mayank Dagar
Royal Challengers Bengaluru,B Kumar
Royal Challengers Bengaluru,Renuka Singh
Royal Challengers Bengaluru,P Vastrakar
Royal Challengers Bengaluru,EA Perry
Royal Challengers Bengaluru,Swapnil Singh
Royal Challengers Bengaluru,Anuj Rawat
Royal Challengers Bengaluru,AS Joseph
Royal Challengers Bengaluru,SR Patil
Royal Challengers Bengaluru,KH Pandya
Royal Challengers Bengaluru,Mohammed Siraj
Royal Challengers Bengaluru,LCN Smith
Royal Challengers Bengaluru,D Padikkal
Royal Challengers Bengaluru,RM Patidar
Royal Challengers Bengaluru,A Reddy
Royal Challengers Bengaluru,F du Plessis
Royal Challengers Bengaluru,N Thushara
Royal Challengers Bengaluru,Yash Dayal
Royal Challengers Bengaluru,E Bisht
Royal Challengers Bengaluru,D Hemalatha
Royal Challengers Bengaluru,KJ Garth
Royal Challengers Bengaluru,GJ Naik
Royal Challengers Bengaluru,C Green
Royal Challengers Bengaluru,SG Satghare
Royal Challengers Bengaluru,SS Prabhudessai
Royal Challengers Bengaluru,P Rawat
Royal Challengers Bengaluru,G Wareham
Royal Challengers Bengaluru,N de Klerk
Royal Challengers Bengaluru,Akash Deep
Royal Challengers Bengaluru,CE Dean
Royal Challengers Bengaluru,KD Karthik
Royal Challengers Bengaluru,H Sharma
Royal Challengers Bengaluru,KV Sharma
Royal Challengers Bengaluru,Saurav Chauhan
Royal Challengers Bengaluru,S Rana
Royal Challengers Bengaluru,S Meghana
Royal Challengers Bengaluru,GJ Maxwell
Royal Challengers Bengaluru,KS Ahuja
Royal Challengers Bengaluru,GM Harris
Royal Challengers Bengaluru,JR Hazlewood
Royal Challengers Bengaluru,H Graham
Royal Challengers Bengaluru,PD Salt
Royal Challengers Bengaluru,Abhinandan Singh
Royal Challengers Bengaluru,RP Yadav
Royal Challengers Bengaluru,S Mandhana
Royal Challengers Bengaluru,JG Bethell
Royal Challengers Bengaluru,JA Duffy
Royal Challengers Bengaluru,RJW Topley
Royal Challengers Bengaluru,LH Ferguson
Royal Challengers Bengaluru,JM Sharma
Royal Challengers Bengaluru,MK Lomror
Royal Challengers Bengaluru,TH David
Royal Challengers Bengaluru,L Ngidi
Royal Challengers Bengaluru,WG Jacks
Royal Challengers Bengaluru,V Kohli
Royal Challengers Bengaluru,Vijaykumar Vyshak
Royal Challengers Bengaluru,Suyash Sharma
South Korea,Jeon Myeong
South Korea,Han Won
South Korea,Jina Lee
South Korea,F Pieters
South Korea,Park Keunyeol
South Korea,Mijin Hu
South Korea,Hongki Kim
South Korea,Jang Jin
South Korea,Soochan Park
South Korea,Yebin Ka
South Korea,Seungmin Song
South Korea,Lee Ra
South Korea,Jiyeon Park (2)
South Korea,Asif Iqbal
South Korea,Saurabh Kumar
South Korea,ASH Parsons
South Korea,Sunghoon Cho
South Korea,Kyungsik Kim
South Korea,Jeongyoon Kim
South Korea,Hyeji Jeong
South Korea,Hyobum An
South Korea,Kim Rang
South Korea,Nishat Sakib
South Korea,Jiyeon Park
South Korea,Raja Shoaib
South Korea,DVD Madampage
South Korea,Hwanhee Lee
South Korea,Ilhwan Seo
South Korea,Sangwook Lee
South Korea,Fazil Muhammad
South Korea,Haliam Kwon
South Korea,Kang Choi
South Korea,S Maduranga
South Korea,Kuldeep Gurjar
South Korea,Lee Hyosin
South Korea,Su Jin Kim
South Korea,Hyejin Park
South Korea,BI Dilruksha
South Korea,Altaf Gill
South Korea,Jiwon Choi
South Korea,Sana Ullah
South Korea,Aamir Lal
South Korea,Suin Bang
South Korea,Eunjin Lee
South Korea,Lim Jeongwook
South Korea,Seri Chang
South Korea,Kim Yongtae
South Korea,Muhammad Nadeem
South Korea,Alam Nakash
South Korea,Sinae Kim
South Korea,Na An
South Korea,Taekwan Park
South Korea,S Pitabeddara
South Korea,Lee Kangmin
South Korea,Jun Hyunwoo
South Korea,Basharat Hussain
South Korea,K Babu
South Korea,Bilal Ahmad Mir
South Korea,Mudassir Iqbal
South Korea,Jinseup Park
South Korea,Inyeong Oh
South Korea,Mina Baek
South Korea,KM Umair
South Korea,Lee Jungwan
South Korea,AN Hyobeom
South Korea,Daesik Sung
South Korea,Inho Cha
South Korea,HMHE Parsons
South Korea,Ahram Jeong
South Korea,Hee Jung Lee
South Korea,Kim Daeyeon
Durdanto Dhaka,MD Gunathilaka
Durdanto Dhaka,Shoriful Islam
Durdanto Dhaka,Mohammad Naim
Durdanto Dhaka,Gulbadin Naib
Durdanto Dhaka,Sabbir Hossain
Durdanto Dhaka,SC Williams
Durdanto Dhaka,Tahjibul Islam
Durdanto Dhaka,Alauddin Babu
Durdanto Dhaka,SM Meherob
Durdanto Dhaka,PC de Silva
Durdanto Dhaka,Mohammad Irfan
Durdanto Dhaka,Arafat Sunny
Durdanto Dhaka,Irfan Sukkur
Durdanto Dhaka,SMLD Samarakoon
Durdanto Dhaka,Saim Ayub
Durdanto Dhaka,Anamul Haque
Durdanto Dhaka,Mosaddek Hossain
Durdanto Dhaka,Usman Qadir
Durdanto Dhaka,L Croospulle
Durdanto Dhaka,AM Rossington
Durdanto Dhaka,Taskin Ahmed
Durdanto Dhaka,Saif Hassan
Durdanto Dhaka,AI Ross
Durdanto Dhaka,AM McCarthy
Bulgaria,I Stoilva
Bulgaria,Rohan Bhavesh Patel
Bulgaria,Jakob Gul
Bulgaria,Sulaiman Ali
Bulgaria,S Galabova
Bulgaria,M Gogev
Bulgaria,A Ahmadhel
Bulgaria,P Mishra
Bulgaria,M Abadjieva
Bulgaria,Saim Hussain
Bulgaria,Sandeep Nair
Bulgaria,S Sarandeva
Bulgaria,K Paskova
Bulgaria,B Ivanov
Bulgaria,I Katzarski
Bulgaria,B Shotorova
Bulgaria,R Dhiman
Bulgaria,D Ruynekova
Bulgaria,V Hristov
Bulgaria,V NIkolova
Bulgaria,S Yordanova
Bulgaria,A Stoilova
Bulgaria,A Dowling
Bulgaria,V Nikolova
Bulgaria,D Nikolov
Bulgaria,IA De Silva
Bulgaria,H Ivanov
Bulgaria,Omar Rassol
Bulgaria,KC D'Souza
Bulgaria,Aswad Khan
Bulgaria,G Ilarionova
Bulgaria,V Atanasova
Bulgaria,M Zdravkova
Bulgaria,K Dasan
Bulgaria,Tarun Yadav
Bulgaria,Asad Ali Rehemtulla
Bulgaria,Bakhtiar Tahiri
Bulgaria,Fayaz Mohammad
Bulgaria,N Nankov
Bulgaria,Zeerak Chughtai
Bulgaria,Firas Hussain
Bulgaria,Danyal Raja
Bulgaria,Karthik Pillai
Bulgaria,DV Varghese
Bulgaria,T Dissanayake
Bulgaria,O Duff
Bulgaria,Zaid Soulat
Bulgaria,Andrey Lilov
Bulgaria,K Srandeva
Bulgaria,Ali Rasool
Bulgaria,J Albin
Bulgaria,K Krishnakumar
Bulgaria,Isa Zaroo
Bulgaria,M Kadyan
Bulgaria,H Lakov
Bulgaria,Ahsan Khan
Bulgaria,J Dowling
Bulgaria,Gagandeep Singh
Bulgaria,Manan Bashir
Bulgaria,Zain Asif
Bulgaria,Huzaif Yousuf
Bulgaria,V Kostova
Bulgaria,Waleed Waqar
Bulgaria,N Toleva
Bulgaria,N Gocheva
Panama,YK Abovat
Panama,Sohel Patel
Panama,M Sohel Patel
Panama,LR Gaonkar
Panama,Nazir Patel
Panama,Yusuf Ebrahim
Panama,Faizal Salehji
Panama,MY Bawa
Panama,Sohel Ebrahim Desai
Panama,Rizwan Mangera
Panama,Mahmud Jasat
Panama,HJ Patel
Panama,N Ahir
Panama,YI Kachhalia
Panama,P Suman Bhai Ahir
Panama,Breeze Ahir
Panama,Ibrahim Vhora
Panama,D Ahir
Panama,Meet Ahir
Panama,Safvan Patel
Panama,Imran Bulbulia
Panama,Sarfaraj Mulla
Panama,JKC Ahir
Panama,Abdul Makda
Panama,RDB Ahir
Panama,VC Ahir
Panama,Irfan Hafejee
Panama,AM Patel
Panama,Sanjay Kumar Ahir
Panama,P Jayeshbhai Patel
Panama,DK Dahyabhai Ahir
Panama,SP Guzman
Panama,Anskumar Ahir
Panama,V Ahir
Panama,Abdullah Jasat
Panama,Mitulkumar Patel
Panama,Yusuf Bhoola
Panama,IIR Bhana
Panama,A Natubhai Ahir
Panama,Ronitkumar Ahir
Panama,Nathan Ingleston
Panama,Aslam Doria
Panama,Khandubhai Ahir
Panama,S Chohan
Panama,Mahmad Data
Panama,KB Ahir
Panama,Abdulla Bhoola
Panama,Ahmadi Ravat
Panama,FL Patel
Malta,N Khanna
Malta,Bilal Muhammad
Malta,S Khatri
Malta,Imran Ameer
Malta,SSM Stanislaus
Malta,RR Bastiansz
Malta,J Kunnanchirakkal
Malta,Jitesh Patel
Malta,Jaswinder Singh
Malta,T Calingin
Malta,Jaspal Singh
Malta,Waqas Ahmad
Malta,Yash Singh
Malta,Haroon Mughal
Malta,SE Aquilina
Malta,B Arora
Malta,Fanyan Mughal
Malta,Amar Sharma
Malta,RN Renjini
Malta,S Iushchenko
Malta,P Ghosh
Malta,Gaurav Maithani
Malta,Jaison Jerome
Malta,Muhammad Ajmal
Malta,M Macelli
Malta,C Sammut
Malta,SM Arooja
Malta,M Goonetilleke
Malta,Sneha Shankar
Malta,JA Rymer
Malta,A Rameshan
Malta,G Thakur
Malta,Aaftab Alam Khan
Malta,J Neupane
Malta,J Shaju
Malta,SB Patel
Malta,S Cholasseri
Malta,S Budhathoki
Malta,Mohammed Qasim
Malta,Zeeshan Khan
Malta,DS Vosloo
Malta,D Marks
Malta,SV Shankar
Malta,VRB Arachchige
Malta,Mehboob Ali
Malta,Bibina Baby
Malta,S Bandeva
Malta,Likitha Yadav
Malta,P Pushparajan
Malta,TRR Sharfudheen
Malta,DR Patankar
Malta,Niyas Pullariyil
Malta,C Sudarsanan
Malta,P Bhandari
Malta,Sobu George
Malta,E Mathew
Malta,B George
Malta,G Chaturvedi
Malta,B Kalki Kumar
Malta,A Bishnoi
Malta,VP Thamotharam
Malta,Ravinder Singh
Malta,A las Pinas
Malta,HS Gericke
Malta,R Dianish
Malta,Washeem Abbas
Malta,Fazil Rahman
Malta,Aneeta Santhosh
Malta,Divyes Kumar
Malta,T Sarada
Switzerland,G Cupido
Switzerland,H Deshan
Switzerland,Shilpa Shankar
Switzerland,Sathya Narayanan
Switzerland,Osama Mahmood
Switzerland,M Martin
Switzerland,Abdullah Rana
Switzerland,Saranya Kotha
Switzerland,K Fletcher
Switzerland,M Parinitha
Switzerland,N Henderson
Switzerland,Sheraz Sirwari
Switzerland,Qateel Zabiullah
Switzerland,Azeem Nazir
Switzerland,Ahmed Hassan
Switzerland,Asad Mahmood
Switzerland,Meghna Rajan
Switzerland,Ali Nayyer
Switzerland,Ashwin Vinod
Switzerland,D Johnson
Switzerland,Izhar Hussain
Switzerland,Naina Saju
Switzerland,I Stewart
Switzerland,S Franklin
Switzerland,M Holmes
Switzerland,Ananya Srinivasan
Switzerland,S Dabholkatr
Switzerland,NK Aneesh Kumar
Switzerland,Metty Fernandes
Switzerland,Noorkhan Ahmedi
Switzerland,M Stanikzai
Switzerland,Bashir Ahmad
Switzerland,Ramya Krishnamurthy
Switzerland,Jai Sinh
Switzerland,Khalid Niazi
Switzerland,A Andrews
Switzerland,Amrita Sasidharan
Switzerland,L Pickard
Switzerland,J Edmiston
Switzerland,Sejal Vinod
Switzerland,S Divya
Switzerland,H Elder
Switzerland,Faheem Nazir
Switzerland,Idrees Ul Haque
Switzerland,Arjun Vinod
Switzerland,Jai Tiwari
Switzerland,Natalie Clarke
Switzerland,D Medagoda
Switzerland,Numan Ahmadzai
Switzerland,Afif Khattak
Switzerland,F Elizabet
Switzerland,Anser Mehmood
Switzerland,F Kuenburg
Switzerland,MK Gnanasekaram
Myanmar,LL Htun
Myanmar,Kaung Htet Kyaw
Myanmar,SY Win
Myanmar,ZL Thoon
Myanmar,Pan Ei Phyu
Myanmar,AE Moe
Myanmar,YK Ko Aung
Myanmar,HH Aung
Myanmar,MPP San
Myanmar,Swann Htet Ko Ko
Myanmar,Aung Ko Ko
Myanmar,San Nyo Htwe
Myanmar,Sai Hla Htwe
Myanmar,Khin Aye
Myanmar,TT Aung
Myanmar,KM Myat
Myanmar,PPS Win
Myanmar,Zon Lin
Myanmar,TT Soe
Myanmar,Thuya Aung
Myanmar,H Lin Oo
Myanmar,Lwin Maw
Myanmar,Nyeing Cham Soe
Myanmar,KK Lin Thu
Myanmar,Hein Zin Aung
Myanmar,Paing Danu
Myanmar,Kaung Ko Ko
Myanmar,Zwe Htet Paing
Myanmar,Thae Thae Po
Myanmar,TS Shwe
Myanmar,Y Naing Tun
Myanmar,ZT Kyaw
Myanmar,Moe Ei Phyu
Myanmar,Nay Lin Htun
Myanmar,ZL Win
Myanmar,Y Naing Kyaw
Myanmar,S Htet Wai
Myanmar,Ye Ko Ko
Myanmar,Myat Thu Aung
Myanmar,SMHH Aung
Myanmar,Htun Myat Hei
Myanmar,H Lin Aung
Myanmar,Pyae Phyo Wai
Khulna Titans,Shoriful Islam
Khulna Titans,Al-Amin
Khulna Titans,CAK Walton
Khulna Titans,Alok Kapali
Khulna Titans,ADS Fletcher
Khulna Titans,Taibur Rahman
Khulna Titans,Yasir Shah
Khulna Titans,A Dananjaya
Khulna Titans,Mahidul Islam Ankon
Khulna Titans,M Klinger
Khulna Titans,Dhiman Ghosh
Khulna Titans,Mosharraf Hossain
Khulna Titans,Mohammad Irfan
Khulna Titans,DJ Malan
Khulna Titans,KJ Abbott
Khulna Titans,Junaid Khan
Khulna Titans,BAC Howell
Khulna Titans,Nazmul Hossain Shanto
Khulna Titans,Mahmudullah
Khulna Titans,PR Stirling
Khulna Titans,JC Archer
Khulna Titans,S Prasanna
Khulna Titans,Abdul Mazid
Khulna Titans,CR Brathwaite
Khulna Titans,Ariful Haque
Khulna Titans,MH Wessels
Khulna Titans,D Wiese
Khulna Titans,Shuvagata Hom
Khulna Titans,Mohammad Saddam
Khulna Titans,Tanvir Islam
Khulna Titans,SL Malinga
Khulna Titans,Abu Jayed
Khulna Titans,Junaid Siddique
Khulna Titans,Taijul Islam
Khulna Titans,Hasanuzzaman
Khulna Titans,Afif Hossain
Khulna Titans,Mohammad Asghar
Khulna Titans,Ali Khan
Khulna Titans,Zahir Khan
Khulna Titans,N Pooran
Khulna Titans,Subashis Roy
Khulna Titans,Jahurul Islam
Khulna Titans,KK Cooper
Khulna Titans,Shafiul Islam
Khulna Titans,Naeem Islam
Khulna Titans,BRM Taylor
Khulna Titans,RR Rossouw
Serbia,E Prokic
Serbia,MV Pavlovic
Serbia,RL Vitas
Serbia,M Nikolic
Serbia,Rahman Ademi
Serbia,S Ivetic
Serbia,N Zimonjic
Serbia,Luka Woods
Serbia,MR Dorgan
Serbia,S Matijevic
Serbia,V Zimonjic
Serbia,RW Hartley
Serbia,J Burton
Serbia,M Trajkovi
Serbia,Marija Mratinkovic
Serbia,HS Bedi
Serbia,BM Pecic
Serbia,S Tosic
Serbia,WAE Burton
Serbia,NR Johns-Wickberg
Serbia,B Ercegovcevic
Serbia,T Martic
Serbia,M Jevdjenovic
Serbia,Apon Mustafizur
Serbia,D Tresac
Serbia,Sachin Ganpat Shinde
Serbia,T Trajkovic
Serbia,N Jovicevic
Serbia,AA Gajic
Serbia,A Mesarovic
Serbia,LA Dunbar
Serbia,S Simic
Serbia,ML Kostic
Serbia,N Nojic
Serbia,D Demic
Serbia,B Dugic
Serbia,P Nedeljkovic
Serbia,J Reb
Serbia,M Perisic
Serbia,A Mene-Ejegi
Serbia,L Jevremovic
Serbia,S Savkovic
Serbia,A Lazic
Serbia,A Djorovic
Serbia,S Nerandzic
Serbia,A Dizija
Serbia,M Sarenac
Serbia,BJ Davidson
Nondescripts Cricket Club,Ramiru Perera
Nondescripts Cricket Club,C Karunaratne
Nondescripts Cricket Club,MTH Madhushanka
Nondescripts Cricket Club,S Colombage
Nondescripts Cricket Club,Shakthi Udara
Nondescripts Cricket Club,N Dickwella
Nondescripts Cricket Club,M Pathirana
Nondescripts Cricket Club,Kaveen Bandara
Nondescripts Cricket Club,PVD Chameera
Nondescripts Cricket Club,A Wickramasinghe
Nondescripts Cricket Club,Ranuka Malaviarachchi
Nondescripts Cricket Club,P Nissanka
Nondescripts Cricket Club,S Nishshanka
Nondescripts Cricket Club,RS Sayer
Nondescripts Cricket Club,LU Igalagamage
Nondescripts Cricket Club,SSD Arachchige
Nondescripts Cricket Club,A Sigera
Nondescripts Cricket Club,A Daniel
Nondescripts Cricket Club,K Pathiratne
Nondescripts Cricket Club,C Gunasekara
Nondescripts Cricket Club,J Shashen
Nondescripts Cricket Club,D Goonewardena
Nondescripts Cricket Club,L Embuldeniya
Nondescripts Cricket Club,D Nipunajith
Nondescripts Cricket Club,VR Rubasinghe
Nondescripts Cricket Club,CBRLS Kumara
Nondescripts Cricket Club,G Senhas
Nondescripts Cricket Club,WAN Ransika
Nondescripts Cricket Club,TA Kahaduwaarachchi
Nondescripts Cricket Club,K Mishara
Badureliya Sports Club,PM Pushpakumara
Badureliya Sports Club,KASN Rajaguru
Badureliya Sports Club,K Wickramasinghe
Badureliya Sports Club,Y Dewthusa
Badureliya Sports Club,A Dulara
Badureliya Sports Club,WGHN Premaratne
Badureliya Sports Club,Senal de Silva
Badureliya Sports Club,Y Dilruk
Badureliya Sports Club,LK Fransisco
Badureliya Sports Club,NC Komasaru
Badureliya Sports Club,D Jayatunga
Badureliya Sports Club,DS Weerakkody
Badureliya Sports Club,SNA Nethmika
Badureliya Sports Club,N Premaratne
Badureliya Sports Club,GHV Dulsara
Badureliya Sports Club,ON Bopage
Badureliya Sports Club,S Prasanna
Badureliya Sports Club,RP Thattil
Badureliya Sports Club,AAS Silva
Badureliya Sports Club,DSA Wijesinghe
Badureliya Sports Club,A Kaul
Badureliya Sports Club,M Madubashana
Badureliya Sports Club,S Deshapriya
Badureliya Sports Club,DD de Soysa
Badureliya Sports Club,A Siriwardhana
Badureliya Sports Club,A Liyanaarachchi
Badureliya Sports Club,PLS Gamage
Badureliya Sports Club,HG Kumara
Badureliya Sports Club,TRA Silva
Badureliya Sports Club,A Chanula
Badureliya Sports Club,Y Rupasinghe
Badureliya Sports Club,SRT Silva
Badureliya Sports Club,R Koshitha
Badureliya Sports Club,KHMM de Silva
Badureliya Sports Club,K Nuwantha
Badureliya Sports Club,S Shanmuganathan
Badureliya Sports Club,KPD Perera
Badureliya Sports Club,Shehan Madusanka
Badureliya Sports Club,LAC Ruwansiri
Badureliya Sports Club,S Coomaraswamy
Badureliya Sports Club,BB Sanjeewa
Badureliya Sports Club,HUP Kaldera
Badureliya Sports Club,K Amantha
Badureliya Sports Club,G Koralage
Badureliya Sports Club,MLR Buddika
Badureliya Sports Club,J Kaushal
Badureliya Sports Club,M Silva
Badureliya Sports Club,UK Ramchand
Badureliya Sports Club,HE Vithana
Badureliya Sports Club,UR Yasas
Badureliya Sports Club,KK Kevin
Badureliya Sports Club,WGRL Wijenayake
Badureliya Sports Club,N Kasun
Badureliya Sports Club,N Rathnayake
Badureliya Sports Club,A Thilanchana
Badureliya Sports Club,S Lakshan
Badureliya Sports Club,D Sigera
Badureliya Sports Club,T Amarasinghe
Badureliya Sports Club,C de Silva
Badureliya Sports Club,R Silva
Badureliya Sports Club,Anuk Fernando
Badureliya Sports Club,S Kavishka
Badureliya Sports Club,L Dawatage
Badureliya Sports Club,S Nirmal
Kerala,S Gopal
Kerala,Salman Nizar
Kerala,S Sandeep Warrier
Kerala,Rojith Ganesh
Kerala,Sharafuddeen
Kerala,Mohammed Azharuddeen
Kerala,Basil Thampi
Kerala,Suresh Vishweshwar
Kerala,Jafar Jamal
Kerala,Jalaj S Saxena
Kerala,Niyas Nizar
Kerala,P Prasanth
Kerala,RV Gomez
Kerala,Sijomon Joseph
Kerala,Rohan Prem
Kerala,Nikhilesh Surendran
Kerala,Vaisakh Chandran
Kerala,VA Jagadeesh
Kerala,KM Asif
Kerala,S Sreesanth
Kerala,RV Uthappa
Kerala,Unnikrishnan Manukrishnan
Kerala,Vishnu Vinod
Kerala,Daryl Ferrario
Kerala,SV Samson
Kerala,MS Akhil
Kerala,Sachin Baby
Kerala,S Midhun
Kerala,Fabid Ahmed
Kerala,Vinoop Manoharan
Kerala,KB Arun Karthik
Kerala,Ponnan Rahul
Kerala,MD Nidheesh
Kerala,Vinod Kumar
Kerala,Rohan Kunnummal
Kerala,Akshay Chandran
Kerala,Abdul Basith
Kerala,V Nayanar
Kerala,Abhishek Mohan
Tamil Union Cricket and Athletic Club,V Viyaskanth
Tamil Union Cricket and Athletic Club,K Liyanage
Tamil Union Cricket and Athletic Club,S Hapuhinna
Tamil Union Cricket and Athletic Club,T Harshana
Tamil Union Cricket and Athletic Club,ND Paranavithana
Tamil Union Cricket and Athletic Club,DS Weerakkody
Tamil Union Cricket and Athletic Club,D Samuditha
Tamil Union Cricket and Athletic Club,D Manchanayake
Tamil Union Cricket and Athletic Club,T Vithushan
Tamil Union Cricket and Athletic Club,DTM Fernando
Tamil Union Cricket and Athletic Club,K Dilhara
Tamil Union Cricket and Athletic Club,SMLD Samarakoon
Tamil Union Cricket and Athletic Club,M Bhanuka
Tamil Union Cricket and Athletic Club,PBB Rajapaksa
Tamil Union Cricket and Athletic Club,A Siriwardhana
Tamil Union Cricket and Athletic Club,M Wickramage
Tamil Union Cricket and Athletic Club,S Shanmuganathan
Tamil Union Cricket and Athletic Club,V Thewmika
Tamil Union Cricket and Athletic Club,WT Dilshan
Tamil Union Cricket and Athletic Club,KKV Perera
Tamil Union Cricket and Athletic Club,I Dissanayaka
Tamil Union Cricket and Athletic Club,KDA Manoj
Tamil Union Cricket and Athletic Club,RAS Lakmal
Tamil Union Cricket and Athletic Club,KTH Ratnayake
Tamil Union Cricket and Athletic Club,S Jayathilake
Tamil Union Cricket and Athletic Club,S Galagoda
Tamil Union Cricket and Athletic Club,R Upamal
Tamil Union Cricket and Athletic Club,M de Silva
Tamil Union Cricket and Athletic Club,Sineth Jayawardena
Tamil Union Cricket and Athletic Club,H Wickramarchchi
Tamil Union Cricket and Athletic Club,Amshi de Silva
Tamil Union Cricket and Athletic Club,Mohamed Shamaz
Tamil Union Cricket and Athletic Club,K Nirmana
Tamil Union Cricket and Athletic Club,STS Senarathne
Jaffna Stallions,PC de Silva
Jaffna Stallions,RAS Lakmal
Jaffna Stallions,V Viyaskanth
Jaffna Stallions,Usman Shinwari
Jaffna Stallions,D Olivier
Jaffna Stallions,KJ Abbott
Jaffna Stallions,NLTC Perera
Jaffna Stallions,Shoaib Malik
Jaffna Stallions,J Charles
Jaffna Stallions,TJ Moores
Jaffna Stallions,WIA Fernando
Jaffna Stallions,M Theekshana
Jaffna Stallions,B Fernando
Jaffna Stallions,M Bhanuka
Jaffna Stallions,KIC Asalanka
Jaffna Stallions,DM de Silva
Jaffna Stallions,PWH de Silva
Kandy Tuskers,Rahmanullah Gurbaz
Kandy Tuskers,DAS Gunaratne
Kandy Tuskers,PHKD Mendis
Kandy Tuskers,BKG Mendis
Kandy Tuskers,MVT Fernando
Kandy Tuskers,PARP Perera
Kandy Tuskers,N Pradeep
Kandy Tuskers,Naveen-ul-Haq
Kandy Tuskers,MDKJ Perera
Kandy Tuskers,MDK Perera
Kandy Tuskers,DW Steyn
Kandy Tuskers,K Anjula
Kandy Tuskers,S Prasanna
Kandy Tuskers,IK Pathan
Kandy Tuskers,BRM Taylor
Kandy Tuskers,L Embuldeniya
Kandy Tuskers,MM Patel
Cook Islands,T Mato
Cook Islands,C Dickson
Cook Islands,P Kaveao
Cook Islands,P Maruariki
Cook Islands,W Kokaua
Cook Islands,HB Dickson
Cook Islands,ET Williams
Cook Islands,T Vanuarua
Cook Islands,AJA Samuels
Cook Islands,A Parima
Cook Islands,J George
Cook Islands,S Vaia
Cook Islands,Lily Lamb
Cook Islands,S Samuels
Cook Islands,T Wuatai
Cook Islands,PF Ravarua
Cook Islands,T Elikana
Cook Islands,T Touna
Cook Islands,G Raymond
Cook Islands,MJM Kavana
Cook Islands,R Bowers-Fleming
Cook Islands,OE Taylor
Cook Islands,T Parima
Cook Islands,G Miller
Cook Islands,T Piakura
Cook Islands,T Maika
Cook Islands,TM Anker
Cook Islands,D Kataina
Cook Islands,TC Mataora
Cook Islands,B Vakatini
Cook Islands,J Pickering
Cook Islands,M Elikana
Cook Islands,L Denny
Cook Islands,JL Tutty
Cook Islands,K Mataora
Cook Islands,A Katoa
Cook Islands,D Simpson
Cook Islands,GES Sullivan
Cook Islands,P Vailoa
Cook Islands,D Teinaki
Cook Islands,T Ritawa
Cook Islands,A Vailoa
Cook Islands,RV Auora
Cook Islands,M Kaukura
Cook Islands,MTMMJ Ave
Cook Islands,ZP Ikiua
Cook Islands,C Cummings
Barisal Burners,Nazmul Islam
Barisal Burners,BJ Hodge
Barisal Burners,Alok Kapali
Barisal Burners,MF Maharoof
Barisal Burners,Suhrawadi Shuvo
Barisal Burners,Jubair Ahmed
Barisal Burners,Alauddin Babu
Barisal Burners,CH Gayle
Barisal Burners,Ahmed Shehzad
Barisal Burners,Mahmudul Hasan
Barisal Burners,Sohag Gazi
Barisal Burners,Rameez Raja
Barisal Burners,Elias Sunny
Barisal Burners,Azhar Mahmood
Barisal Burners,Shahriar Nafees
Barisal Burners,Mohammad Mithun
Barisal Burners,Shuvagata Hom
Barisal Burners,JL Denly
Barisal Burners,Yasir Arafat
Barisal Burners,Al-Amin Hossain
Barisal Burners,Farhad Hossain
Barisal Burners,P Mustard
Barisal Burners,Hamid Hassan
Barisal Burners,Sabbir Rahman
Barisal Burners,SM Harwood
Barisal Burners,Shafiul Islam
Barisal Burners,Mominul Haque
Barisal Burners,Kabir Ali
Sunrisers,S Horley
Sunrisers,KL Midwood
Sunrisers,AD Carr
Sunrisers,E Thorpe
Sunrisers,KS Castle
Sunrisers,A Dowse
Sunrisers,AH Maqsood
Sunrisers,ND Dattani
Sunrisers,FC Wilson
Sunrisers,J Grewcock
Sunrisers,A Surenkumar
Sunrisers,F Miller
Sunrisers,EI MacGregor
Sunrisers,Sonali Patel
Sunrisers,KJ Wolfe
Sunrisers,KL Coppack
Sunrisers,E Gray
Sunrisers,M Rogers
Sunrisers,AJ Macleod
Sunrisers,NM Hancock
Sunrisers,J Gardner
Sunrisers,G Scrivens
Sunrisers,H Brown
Sunrisers,GKS Gole
Sunrisers,MK Villiers
Sunrisers,CL Griffith
Sunrisers,D van Niekerk
Sunrisers,JG Olorenshaw
Sunrisers,EA Woodhouse
Sunrisers,STA Hughes
Sunrisers,S Munro
Sunrisers,K Speed
Argentina,A Prince
Argentina,Francesca Galan
Argentina,Oliver Rowe
Argentina,AG Dugmore
Argentina,L Taylor
Argentina,PM Ryan
Argentina,Martina Quinn
Argentina,P Arrighi
Argentina,M Lollo
Argentina,A Stocks
Argentina,CA Greloni
Argentina,AAP Rivero
Argentina,J Hurley
Argentina,LA Musiani
Argentina,Santiago Duggan
Argentina,H Fennell
Argentina,JP Cabrera
Argentina,T Basile
Argentina,Ian Roberts
Argentina,C Gibson
Argentina,S Kruger
Argentina,S Rossi
Argentina,PL Bruno
Argentina,Lucas Rossi
Argentina,T Rossi
Argentina,T Francis
Argentina,V Vasquez
Argentina,M Bestani
Argentina,Franz Bur
Argentina,M Esquivel
Argentina,B Angeltti
Argentina,MV Lehmann
Argentina,D Forrester
Argentina,DM Lord
Argentina,A Husain
Argentina,MJ Paterlini
Argentina,A Ferguson
Argentina,EA MacDermott
Argentina,A Tissera
Argentina,A Galan
Argentina,AL Casime
Argentina,L Iglesias
Argentina,A Mustafa
Argentina,A Kirschbaum
Argentina,R Escobar
Argentina,N Patron Fuentes
Argentina,P Ferguson
Argentina,Santiago Iturbe
Argentina,C Sosa
Argentina,Manuel Iturbe
Argentina,P Baron
Argentina,Guido Angeletti
Argentina,LM Paterlini
Argentina,D Mauro
Argentina,AR Perez Rivero
Argentina,M Martinez
Argentina,M Castineiras
Argentina,RM Siri
Argentina,A Emch
Argentina,GJ Savage
Argentina,JC Cullen
Northern Superchargers,M Kelly
Northern Superchargers,MA Jones
Northern Superchargers,JA Thompson
Northern Superchargers,LF Higham
Northern Superchargers,AN Davidson-Richards
Northern Superchargers,SL Kalis
Northern Superchargers,AU Rashid
Northern Superchargers,CF Parkinson
Northern Superchargers,BA Stokes
Northern Superchargers,D Perrin
Northern Superchargers,Wahab Riaz
Northern Superchargers,BA Raine
Northern Superchargers,T Kohler-Cadmore
Northern Superchargers,N Pooran
Northern Superchargers,JA Duffy
Northern Superchargers,TE Lawes
Northern Superchargers,CA Lynn
Northern Superchargers,RE van der Merwe
Northern Superchargers,A Sutherland
Northern Superchargers,LCN Smith
Northern Superchargers,KL Cross
Northern Superchargers,F du Plessis
Northern Superchargers,Mujeeb Ur Rahman
Northern Superchargers,GH Lewis
Northern Superchargers,G Wareham
Northern Superchargers,MJ Potts
Northern Superchargers,RJW Topley
Northern Superchargers,L Winfield-Hill
Northern Superchargers,DY Pennington
Northern Superchargers,Z Crawley
Northern Superchargers,MD Fisher
Northern Superchargers,JL Gunn
Northern Superchargers,SR Patel
Northern Superchargers,BA Carse
Northern Superchargers,HC Brook
Northern Superchargers,L Wolvaardt
Northern Superchargers,K Moore
Northern Superchargers,CN Miles
Northern Superchargers,SA Zaib
Northern Superchargers,A Lyth
Northern Superchargers,EA Russell
Northern Superchargers,DJ Malan
Northern Superchargers,DJ Vilas
Northern Superchargers,P Litchfield
Northern Superchargers,DA Miller
Northern Superchargers,MW Short
Northern Superchargers,DJ Willey
Northern Superchargers,HJ Armitage
Northern Superchargers,WD Parnell
Northern Superchargers,G Ballinger
Northern Superchargers,Imad Wasim
Northern Superchargers,KA Levick
Northern Superchargers,DJ Bravo
Northern Superchargers,G Clark
Northern Superchargers,R Slater
Northern Superchargers,L Dobson
Northern Superchargers,T Banton
Northern Superchargers,OG Robinson
Northern Superchargers,BAM Heath
Northern Superchargers,Mohammad Amir
Northern Superchargers,PR Brown
Northern Superchargers,JA Simpson
Northern Superchargers,JI Rodrigues
Northern Superchargers,D Wiese
Northern Superchargers,J Clark
Northern Superchargers,MJ Santner
Northern Superchargers,BJ Dwarshuis
Northern Superchargers,PC Graham
Northern Superchargers,NJ Carey
Northern Superchargers,H Graham
Northern Superchargers,L Harris
Northern Superchargers,MS Pepper
Northern Superchargers,AJ Healy
Northern Superchargers,BA Langston
Northern Superchargers,AJ Hose
Northern Superchargers,DW Lawrence
Northern Superchargers,K Fraser
Jharkhand,Pratyush Singh
Jharkhand,Utkarsh Singh
Jharkhand,R Shukla
Jharkhand,Kumar Kushagra
Jharkhand,AS Roy
Jharkhand,Jaskaran Singh
Jharkhand,Ankit Dabas
Jharkhand,Virat Singh
Jharkhand,Sonu Singh
Jharkhand,Shasheem Rathour
Jharkhand,V Vishal
Jharkhand,SS Tiwary
Jharkhand,Prakash Seet
Jharkhand,Kumar Deobrat
Jharkhand,Sumit Kumar
Jharkhand,KR Singh
Jharkhand,AS Surwar
Jharkhand,Kumar Suraj
Jharkhand,Monu Kumar
Jharkhand,Vivekanand Tiwari
Jharkhand,Pankaj Kumar
Jharkhand,Shubham Kumar Singh
Jharkhand,Anand Singh
Jharkhand,VR Aaron
Jharkhand,Ishan Kishan
Jharkhand,Ajay Yadav
Jharkhand,Vikash Singh
Jharkhand,Supriyo Chakraborty
Jharkhand,Sunny Gupta
Jharkhand,Bal Krishna
Jharkhand,IR Jaggi
Jharkhand,Nazim Siddiqui
Jharkhand,S Nadeem
Auckland,GJ Hopkins
Auckland,M Sclanders
Auckland,WT O'Donnell
Auckland,KT Perkins
Auckland,BM Halliday
Auckland,E Buchanan
Auckland,BG Lister
Auckland,SM Curran
Auckland,CD Fletcher
Auckland,MS Chapman
Auckland,A Ashok
Auckland,RH McNeill
Auckland,CJ Anderson
Auckland,H Johal
Auckland,RM ter Braak
Auckland,AA Jones
Auckland,R Mudford
Auckland,CS Pedersen
Auckland,MB McEwan
Auckland,S Shahri
Auckland,J McKenzie
Auckland,DN Phillips
Auckland,GD Phillips
Auckland,BG Illing
Auckland,JO Penfold
Auckland,NS Perera
Auckland,LD Watson
Auckland,C Munro
Auckland,BP Rodden
Auckland,FH Allen
Auckland,R Jaswal
Auckland,JA Raval
Auckland,MJ Guptill
Auckland,AT Nidamanuru
Auckland,LR Down
Auckland,RD Harrison
Auckland,GK Beghin
Auckland,HR Huddleston
Auckland,A Lambat
Auckland,AT Hucker
Auckland,DK Ferns
Auckland,AM Peterson
Auckland,BG Armstrong
Auckland,DJ Bell-Drummond
Auckland,WER Somerville
Auckland,C de Grandhomme
Auckland,ML Green
Auckland,JDS Neesham
Auckland,Craig Cachopa
Auckland,MM Penfold
Auckland,MR Quinn
Auckland,L Delport
Auckland,CD Nash
Auckland,AK Kitchen
Auckland,SE Bowden
Auckland,RM Hira
Auckland,JK Fuller
Auckland,MB Templeton
Auckland,MJ Gibson
Auckland,GH Worker
Auckland,RR O'Donnell
Auckland,MP O'Dowd
Auckland,RSM Lili'i
Auckland,RK Gulati
Auckland,IC Gaze
Auckland,AJ Parr-Thomson
Auckland,SJ Carnachan
Auckland,SB Keene
Auckland,AL Olliver
Auckland,AS Browning
Auckland,JEI Prasad
Auckland,MJ Barry
Auckland,KA Jamieson
Auckland,NL van Tilburg
Auckland,P Catton
Auckland,S Dixit
Auckland,TS Nethula
Auckland,LN Stackpole
Auckland,JM Vince
Auckland,OMR Pringle
Auckland,BJ Horne
Auckland,MJ McClenaghan
Auckland,AN Kelly
Auckland,DJ Grobbelaar
Auckland,OG Anderson
Auckland,JD Sole
Auckland,CJ Briggs
Auckland,MD Bates
Auckland,SM Solia
Auckland,LH Ferguson
Auckland,FC Jonas
Auckland,TI Lamb
Auckland,BJ Jacobs
Bihar,Mangal Mahrour
Bihar,Shashi Shekhar
Bihar,Shashi Anand
Bihar,Pratyush Singh
Bihar,Kunal Dabas
Bihar,Shivam Kumar
Bihar,Rajesh Singh
Bihar,Anunay Singh
Bihar,Anshuman Gautam
Bihar,Rishav
Bihar,Piyush Singh
Bihar,P Mardi
Bihar,Kumar Rajnish
Bihar,Rahul Kumar
Bihar,Shasheem Rathour
Bihar,Samar Quadri
Bihar,Vipul Krishna
Bihar,Sakib Hussain
Bihar,Malay Raj
Bihar,Puneet Malik
Bihar,Harsh Vikram Singh
Bihar,Hrishi Raj
Bihar,Eshaan Ravi
Bihar,Bipin Saurabh
Bihar,MD Rahmatullah
Bihar,Vishal Das
Bihar,Amod Yadav
Bihar,Suraj Kashyap
Bihar,Ashutosh Aman
Bihar,Vivek Kumar
Bihar,Abhijeet Saket
Bihar,Sachin Kumar
Bihar,Vijay Bharti
Bihar,Keshav Kumar
Bihar,S Gani
Bihar,Prashant Singh
Bihar,Sarfaraz Ashraf
Bihar,Mohit Kumar
Bihar,Yashaswi Rishav
Bihar,Akash Raj
Bihar,Asfan Khan
Bihar,Anuj Raj
Bihar,Vikash Yadav
Bihar,Shekhar Kumar Singh
Bihar,Babul Kumar
Bihar,R Pratap Singh
Railways,Pratham Singh
Railways,Shubham Chaubey
Railways,Upendra Yadav
Railways,Satender Thakran
Railways,Mohammad Saif
Railways,Dhrushant Soni
Railways,Dinesh Mor
Railways,V Cheluvaraj
Railways,Faiz Ahmed
Railways,Abhishek Sharma
Railways,Ashutosh Sharma
Railways,M Ahmed
Railways,Harsh Tyagi
Railways,Saurabh Wakaskar
Railways,RA Sharma
Railways,Mrunal Devdhar
Railways,MR Raut
Railways,Himanshu Sangwan
Railways,AG Paunikar
Railways,Suraj Ahuja
Railways,Shivam Chaudhary
Railways,AUK Pathan
Railways,V Dhaka
Railways,Karthik Raman
Railways,Ananta Saha
Railways,K Upadhyay
Railways,AR Pandey
Railways,Abhishek Pandey
Railways,M Rawat
Railways,Akash Pandey
Railways,Amit Kuila
Railways,Prashant Awasthi
Railways,Amit Chopra
Railways,KP Kakad
Railways,Yuvraj Singh
Railways,Gandhar Bhatawadekar
Railways,ARB Singh
Railways,Chanderpal Saini
Railways,Hitesh Kadam
Railways,Ambikeshwar Mishra
Railways,T Pradeep
Railways,Shivendra Singh
Railways,Ashish Yadav
Railways,KV Sharma
Railways,N Kushwah
Railways,Abhinav Dixit
Railways,Navneet Virk
Railways,Aakash Verma
Railways,Praveen Deshetti
Railways,AN Ghosh
Railways,Vivek Singh
Railways,AG Sehrawat
Railways,Avijit Singh
Railways,Karan Thakur
Railways,Ranjeet Mali
Railways,Anureet Singh
Railways,Kanishk Seth
Railways,KR Mahajan
Railways,Amit Mishra
Railways,Manjeet Singh
Railways,Prashant Gupta
Railways,Vikrant Rajput
Railways,Susheel Kumar
Chittagong Kings,Khaled Ahmed
Chittagong Kings,Haider Ali
Chittagong Kings,Shoriful Islam
Chittagong Kings,RN ten Doeschate
Chittagong Kings,Shamim Hossain
Chittagong Kings,Mohammad Wasim
Chittagong Kings,Nurul Hasan
Chittagong Kings,BKEL Milantha
Chittagong Kings,Arafat Sunny
Chittagong Kings,Maruf Mridha
Chittagong Kings,Mahmudullah
Chittagong Kings,Zubaid Akbari
Chittagong Kings,JJ Roy
Chittagong Kings,Al Islam
Chittagong Kings,Shamsur Rahman
Chittagong Kings,Enamul Haque jnr
Chittagong Kings,RS Bopara
Chittagong Kings,Ariful Haque
Chittagong Kings,Ziaur Rahman
Chittagong Kings,DA Miller
Chittagong Kings,Mohammad Mithun
Chittagong Kings,JDP Oram
Chittagong Kings,Sunzamul Islam
Chittagong Kings,LHD Dilhara
Chittagong Kings,Rahatul Ferdous
Chittagong Kings,Nasir Jamshed
Chittagong Kings,Farhad Reza
Chittagong Kings,M Muralitharan
Chittagong Kings,Usman Khan
Chittagong Kings,Parvez Hossain Emon
Chittagong Kings,Aftab Ahmed
Chittagong Kings,SW Tait
Chittagong Kings,Faisal Hossain
Chittagong Kings,Mehrab Hossain jnr
Chittagong Kings,Hussain Talat
Chittagong Kings,DJ Bravo
Chittagong Kings,G Clark
Chittagong Kings,Khawaja Nafay
Chittagong Kings,Rubel Hossain
Chittagong Kings,Taskin Ahmed
Chittagong Kings,GSNFG Jayasuriya
Chittagong Kings,Jahurul Islam
Chittagong Kings,Nabil Samad
Chittagong Kings,KK Cooper
Chittagong Kings,Marshall Ayub
Chittagong Kings,TL O'Connell
Chittagong Kings,Naeem Islam
Chittagong Kings,B Fernando
Chittagong Kings,BRM Taylor
Durbar Rajshahi,Sabbir Hossain
Durbar Rajshahi,Hasan Murad
Durbar Rajshahi,Mizanur Rahman
Durbar Rajshahi,Aftab Alam
Durbar Rajshahi,SM Meherob
Durbar Rajshahi,Mohammad Haris
Durbar Rajshahi,Mohor Sheikh
Durbar Rajshahi,Sohag Gazi
Durbar Rajshahi,SMLD Samarakoon
Durbar Rajshahi,Sunzamul Islam
Durbar Rajshahi,Mrittunjoy Chowdhury
Durbar Rajshahi,Yasir Ali Chowdhury
Durbar Rajshahi,Anamul Haque
Durbar Rajshahi,Akbar Ali
Durbar Rajshahi,RP Burl
Durbar Rajshahi,M Deyal
Durbar Rajshahi,Taskin Ahmed
Durbar Rajshahi,ML Cummins
Durbar Rajshahi,Shafiul Islam
Durbar Rajshahi,Jishan Alam
Lucknow Super Giants,Akshat Raghuwanshi
Lucknow Super Giants,JO Holder
Lucknow Super Giants,SN Thakur
Lucknow Super Giants,R Shepherd
Lucknow Super Giants,JP Inglis
Lucknow Super Giants,AJ Tye
Lucknow Super Giants,K Gowtham
Lucknow Super Giants,Yash Thakur
Lucknow Super Giants,Swapnil Singh
Lucknow Super Giants,KL Rahul
Lucknow Super Giants,MD Choudhary
Lucknow Super Giants,KH Pandya
Lucknow Super Giants,D Padikkal
Lucknow Super Giants,A Badoni
Lucknow Super Giants,Shahbaz Ahmed
Lucknow Super Giants,Arshad Khan (2)
Lucknow Super Giants,Himmat Singh
Lucknow Super Giants,Avesh Khan
Lucknow Super Giants,Akash Singh
Lucknow Super Giants,PVD Chameera
Lucknow Super Giants,M Vohra
Lucknow Super Giants,Q de Kock
Lucknow Super Giants,A Mishra
Lucknow Super Giants,DS Rathi
Lucknow Super Giants,Mohammed Shami
Lucknow Super Giants,DA Miller
Lucknow Super Giants,Abdul Samad
Lucknow Super Giants,AK Markram
Lucknow Super Giants,GF Linde
Lucknow Super Giants,AA Kulkarni
Lucknow Super Giants,A Nortje
Lucknow Super Giants,PN Mankad
Lucknow Super Giants,MP Breetzke
Lucknow Super Giants,Akash Deep
Lucknow Super Giants,MR Marsh
Lucknow Super Giants,S Joseph
Lucknow Super Giants,E Lewis
Lucknow Super Giants,MJ Henry
Lucknow Super Giants,KS Sharma
Lucknow Super Giants,AJ Turner
Lucknow Super Giants,Yudhvir Singh
Lucknow Super Giants,Arshad Khan
Lucknow Super Giants,N Pooran
Lucknow Super Giants,M Siddharth
Lucknow Super Giants,Prince Yadav
Lucknow Super Giants,Naveen-ul-Haq
Lucknow Super Giants,KR Mayers
Lucknow Super Giants,MP Yadav
Lucknow Super Giants,W O'Rourke
Lucknow Super Giants,RR Pant
Lucknow Super Giants,MP Stoinis
Lucknow Super Giants,DJ Hooda
Lucknow Super Giants,MA Wood
Lucknow Super Giants,JD Unadkat
Lucknow Super Giants,Ravi Bishnoi
Lucknow Super Giants,MK Pandey
Lucknow Super Giants,Mohsin Khan
Ghana,A Osei
Ghana,M Aboagye
Ghana,BK Majji
Ghana,OH Agbomadzie
Ghana,PK Ananya
Ghana,P Yevugah
Ghana,JK Vifah
Ghana,R Baaleri
Ghana,SK Awiah
Ghana,Ellen Asante
Ghana,A Amuzu
Ghana,JO Adotei
Ghana,IKO Aboagye
Ghana,R Adotei
Ghana,S Devasia
Ghana,V Ateak
Ghana,DK Anefie
Ghana,Miriam Ehsun
Ghana,KF Bakiweyem
Ghana,Ivy Yeboah
Ghana,Emmanuella Nyaaba
Ghana,R Bakum
Ghana,G Bakiweyem
Ghana,Amoluk Singh
Ghana,Kate Awuah
Ghana,Rozabel Asumadu
Ghana,J Guatam
Ghana,A Kind-David
Ghana,A Mishra
Ghana,Nurudeen Ibrahim
Ghana,Aziz Sualley
Ghana,DNA Ankrah
Ghana,Cynthia Konadu
Ghana,Nitesh Hooda
Ghana,J Solomon
Ghana,E Frimpong
Ghana,F Baleri
Ghana,S Ateak
Ghana,J Kokam
Ghana,Rashidatu Salia
Ghana,Devender Singh
Ghana,Komalpreet Grewal
Ghana,TK Joseph
Ghana,E Sagoe
Ghana,KS Bagabena
Ghana,L Nyarko
Ghana,P Ayoleyine
Ghana,G Essoun
Ghana,E Bakiweyem
Ghana,Gagandeep Singh
Ghana,Mark Bawa
Ghana,MK Anafie
Ghana,KM Awala
Ghana,JH Mensah
Ghana,Elizabeth Annor
Ghana,G Quaicoe
Ghana,Syed Aqeel Israr
Ghana,Rhyda Ofori
Ghana,SL Perera
Sikkim,Liyan Khan
Sikkim,Bibek Diyali
Sikkim,Ishwar Chaudhary
Sikkim,Benoy Upreti
Sikkim,Anil Subba
Sikkim,Kranthi Kumar
Sikkim,Mohammad Ronak
Sikkim,Dinesh Rai
Sikkim,Sumit Singh
Sikkim,KN Luitel
Sikkim,Karma Bhutia
Sikkim,Rinzing Bhutia
Sikkim,Rajiv Darjee
Sikkim,Padam Limboo
Sikkim,Amos Rai
Sikkim,Akash Luitel
Sikkim,Prabesh Gurung
Sikkim,Yashpal Singh
Sikkim,Ashish Thapa
Sikkim,Nitesh Gupta
Sikkim,Palzor Tamang
Sikkim,Robin Bist
Sikkim,Codanda Ajit Karthik
Sikkim,Bhushan Subba
Sikkim,Nilesh Lamichaney
Sikkim,Md Saptula
Sikkim,Pritam Nirala
Sikkim,Jahan Uddin
Sikkim,Milind Kumar
Sikkim,Mandup Bhutia
Sikkim,Varun Sood
Sikkim,Anureet Singh
Sikkim,Sabin Chettri
Sikkim,Bipul Sharma
Sikkim,Lee Yong Lepcha
Sikkim,Tashi Bhalla
Sikkim,Ajay Pradhan
Sikkim,Iqbal Abdulla
Goa,VK Singh
Goa,Nihal Surlaker
Goa,Srinivas Fadte
Goa,MG Sirur
Goa,Snehal Kauthankar
Goa,SA Asnodkar
Goa,Amit Verma
Goa,Vijesh Prabhudessai
Goa,Amit Yadav
Goa,Reagan Pinto
Goa,Lakshay Garg
Goa,SS Bandekar
Goa,TT Sawkar
Goa,VS Kahlon
Goa,Sagun Kamat
Goa,SB Wagh
Goa,Achit Shigwan
Goa,Amulya Pandrekar
Goa,KA Vaz
Goa,SB Jakati
Goa,RA Tripathi
Goa,Darshan Misal
Goa,Krishna Das
Goa,Rajashekhar Harikant
Goa,Ishaan Gadekar
Goa,Aditya Kaushik
Goa,SS Prabhudessai
Goa,RR Singh
Goa,Shubham Ranjane
Goa,Eknath Kerkar
Goa,MS Redkar
Goa,Amogh Desai
Goa,Arjun Tendulkar
Goa,Felix Alemao
Goa,SD Lad
Goa,SP Tari
Goa,Vaibhav Govekar
Goa,Shubham Desai
Goa,Krishnamurthy Siddharth
Goa,Prathamesh Gawas
Goa,SS Dubhashi
Goa,Kashyap Bakhale
Goa,AB Dinda
Goa,Deepraj Gaonkar
Goa,Heramb Parab
Goa,VA Naik
Cameroon,FJ Mpegna
Cameroon,P Abanda
Cameroon,CB Ondoa
Cameroon,AAM Eliane
Cameroon,I Tchakou
Cameroon,SA Akenji
Cameroon,TMA Leslie
Cameroon,KA Jadhav
Cameroon,AR Balla
Cameroon,CD Mboe
Cameroon,CI Manidom
Cameroon,BN Toube
Cameroon,O Ranedoumoun
Cameroon,MSF Tedjui
Cameroon,EGS Kana
Cameroon,AN Aminou
Cameroon,MSN Ekani
Cameroon,CN Messina
Cameroon,H Kinga
Cameroon,MFD Douma
Cameroon,SA Nono
Cameroon,NB Diom
Cameroon,BMA Mbida
Cameroon,ME Bessala
Cameroon,AN Toube
Cameroon,B Waluma
Cameroon,DB Loic
Cameroon,RGA Amah
Cameroon,CSN Mbelel
Cameroon,N Ndouteng
Cameroon,RD Atangana
Cameroon,VF Bomnyuy
Cameroon,DLN Kenfack
Cameroon,E Guehoada
Cameroon,M Fru
Cameroon,JAN Ngono
Cameroon,AB Mengoumou
Cameroon,SYS Assegon
Cameroon,JB Abega
Cameroon,MLN Sissako
Burgher Recreation Club,SN Gunawardana
Burgher Recreation Club,PM Pushpakumara
Burgher Recreation Club,M Subasingha
Burgher Recreation Club,S Ramanayake
Burgher Recreation Club,C Heenatigala
Burgher Recreation Club,R Sandaruwan
Burgher Recreation Club,MADI Hemantha
Burgher Recreation Club,Hashan Dumindu
Burgher Recreation Club,Kusal Wijethunga
Burgher Recreation Club,ARS Silva
Burgher Recreation Club,Y Rodrigo
Burgher Recreation Club,AA Pragasam
Burgher Recreation Club,M Shiraz
Burgher Recreation Club,G Kotuwegoda
Burgher Recreation Club,M Kavilan
Burgher Recreation Club,DD de Soysa
Burgher Recreation Club,PBB Rajapaksa
Burgher Recreation Club,KI Fernando
Burgher Recreation Club,H Dhanushka
Burgher Recreation Club,S Gunasekera
Burgher Recreation Club,PD Dias
Burgher Recreation Club,SR Weliwatta
Burgher Recreation Club,A Saraan
Burgher Recreation Club,R Wijesooriya
Burgher Recreation Club,R Ganganath
Burgher Recreation Club,L Subasinghe
Burgher Recreation Club,M Abinash
Burgher Recreation Club,C Dissanayake
Burgher Recreation Club,Vishwa Supun
Burgher Recreation Club,KMC Bandara
Burgher Recreation Club,T Ashel
Burgher Recreation Club,D Ashen
Burgher Recreation Club,PWS Dulshan
Burgher Recreation Club,KVN Nirmal
Burgher Recreation Club,NN Fernando
Burgher Recreation Club,DS Abeywickramasingha
Burgher Recreation Club,RSC Dalpethado
Burgher Recreation Club,P Maduwantha
Burgher Recreation Club,LS Samarajeewa
Burgher Recreation Club,WSA Appuhami
Burgher Recreation Club,CMKK Wijerathne
Burgher Recreation Club,GRL Weerasuriya
Burgher Recreation Club,R Upamal
Burgher Recreation Club,SADU Mihiran
Burgher Recreation Club,AA Inham
Burgher Recreation Club,GSM Fernando
Gujarat,Manish Sharma
Gujarat,PA Patel
Gujarat,UR Kumar
Gujarat,Ishwar Chaudhary
Gujarat,HP Patel
Gujarat,Vishal Jayswal
Gujarat,Priyesh Patel
Gujarat,Jayveer Parmar
Gujarat,Chirag Parmar
Gujarat,Roosh Kalaria
Gujarat,JJ Bumrah
Gujarat,K Gadhavi
Gujarat,Kshitij Patel
Gujarat,BH Merai
Gujarat,RP Singh
Gujarat,YD Gardharia
Gujarat,Priyank Panchal
Gujarat,Himalaya Barad
Gujarat,Aarya Desai
Gujarat,Chintan Gaja
Gujarat,RH Bhatt
Gujarat,Het Patel
Gujarat,RV Patel
Gujarat,Saurav Chauhan
Gujarat,Piyush Tanwar
Gujarat,Chirag Gandhi
Gujarat,Hemang Patel
Gujarat,PP Chawla
Gujarat,Urvil Patel
Gujarat,AR Patel
Gujarat,Tejas Patel
Gujarat,Hiten Mehra
Gujarat,Karan Patel
Gujarat,A Nagwaswalla
Gujarat,RR Taylor
Gujarat,SN Patel
Gujarat,KB Panchal
Gujarat,MC Juneja
Gujarat,Dhruv Raval
Gujarat,SS Shinde
Gujarat,Ravi Bishnoi
Gujarat,Rohit Dahiya
Rajshahi Kings,Nazmul Islam
Rajshahi Kings,Mohammad Sami
Rajshahi Kings,Abul Hasan
Rajshahi Kings,LMP Simmons
Rajshahi Kings,RN ten Doeschate
Rajshahi Kings,I Udana
Rajshahi Kings,DJG Sammy
Rajshahi Kings,Mohammad Hafeez
Rajshahi Kings,Alauddin Babu
Rajshahi Kings,Soumya Sarkar
Rajshahi Kings,Fazle Mahmud
Rajshahi Kings,Naeem Islam
Rajshahi Kings,Nurul Hasan
Rajshahi Kings,C Jonker
Rajshahi Kings,Arafat Sunny
Rajshahi Kings,Nihaduzzaman
Rajshahi Kings,Qazi Onik
Rajshahi Kings,S Prasanna
Rajshahi Kings,LJ Evans
Rajshahi Kings,Kamrul Islam Rabbi
Rajshahi Kings,Shahriar Nafees
Rajshahi Kings,Zakir Hasan
Rajshahi Kings,Raqibul Hasan
Rajshahi Kings,Mustafizur Rahman
Rajshahi Kings,Farhad Reza
Rajshahi Kings,Qais Ahmad
Rajshahi Kings,MN Waller
Rajshahi Kings,DR Smith
Rajshahi Kings,Junaid Siddique
Rajshahi Kings,Usama Mir
Rajshahi Kings,Afif Hossain
Rajshahi Kings,Mushfiqur Rahim
Rajshahi Kings,Hossain Ali
Rajshahi Kings,Mehedi Hasan Miraz
Rajshahi Kings,LJ Wright
Rajshahi Kings,KOK Williams
Rajshahi Kings,Rony Talukdar
Rajshahi Kings,JEC Franklin
Rajshahi Kings,TAM Siriwardana
Rajshahi Kings,Sabbir Rahman
Rajshahi Kings,Umar Akmal
Rajshahi Kings,Habibur Rahman
Rajshahi Kings,DJ Bell-Drummond
Rajshahi Kings,J Charles
Rajshahi Kings,Marshall Ayub
Rajshahi Kings,Mominul Haque
Rajshahi Kings,SR Patel
Pune Warriors,SS Mundhe
Pune Warriors,JD Ryder
Pune Warriors,B Kumar
Pune Warriors,M Manhas
Pune Warriors,GC Smith
Pune Warriors,M Kartik
Pune Warriors,AC Thomas
Pune Warriors,AG Murtaza
Pune Warriors,BAW Mendis
Pune Warriors,MJ Clarke
Pune Warriors,SB Wagh
Pune Warriors,RV Gomez
Pune Warriors,K Upadhyay
Pune Warriors,Harpreet Singh
Pune Warriors,UA Birla
Pune Warriors,M Rawat
Pune Warriors,SPD Smith
Pune Warriors,TD Paine
Pune Warriors,Parvez Rasool
Pune Warriors,Yuvraj Singh
Pune Warriors,TL Suman
Pune Warriors,SC Ganguly
Pune Warriors,MD Mishra
Pune Warriors,RV Uthappa
Pune Warriors,NL McCullum
Pune Warriors,KW Richardson
Pune Warriors,R Sharma
Pune Warriors,JE Taylor
Pune Warriors,LRPL Taylor
Pune Warriors,Kamran Khan
Pune Warriors,WD Parnell
Pune Warriors,MR Marsh
Pune Warriors,S Rana
Pune Warriors,CJ Ferguson
Pune Warriors,JP Faulkner
Pune Warriors,A Nehra
Pune Warriors,AJ Finch
Pune Warriors,AM Nayar
Pune Warriors,AA Jhunjhunwala
Pune Warriors,LJ Wright
Pune Warriors,AP Majumdar
Pune Warriors,AB Dinda
Pune Warriors,AD Mathews
Pune Warriors,MN Samuels
Pune Warriors,MK Pandey
Pune Warriors,IC Pandey
Moors Sports Club,S Fernando
Moors Sports Club,MI Slaza
Moors Sports Club,S de Livera
Moors Sports Club,H Kenula
Moors Sports Club,G Sanketh
Moors Sports Club,Hasith Rathnakake
Moors Sports Club,BOL Mendis
Moors Sports Club,UVS Fernando
Moors Sports Club,HRC Dilshan
Moors Sports Club,T Navodya
Moors Sports Club,P Jayawickrama
Moors Sports Club,SA Fernando
Moors Sports Club,Ravishan de Silva
Moors Sports Club,S Gunathilaka
Moors Sports Club,DPS Sooriyabandara
Moors Sports Club,S Samarawickrama
Moors Sports Club,Y Rupasinghe
Moors Sports Club,M Tharupathi
Moors Sports Club,RTM Mendis
Moors Sports Club,K Kulasekara
Moors Sports Club,HKT Udeshana
Moors Sports Club,L Abeyratne
Moors Sports Club,MD Dilshan
Moors Sports Club,PBDU Madusanka
Moors Sports Club,R Sanjaya
Moors Sports Club,D Kumarasingha
Moors Sports Club,RMMP Rathnayake
Moors Sports Club,J Perera
Moors Sports Club,S Gimhan
Moors Sports Club,T Prashan
Deccan Chargers,SB Bangar
Deccan Chargers,Shahid Afridi
Deccan Chargers,PA Patel
Deccan Chargers,D Kalyankrishna
Deccan Chargers,PA Reddy
Deccan Chargers,HH Gibbs
Deccan Chargers,V Pratap Singh
Deccan Chargers,CA Lynn
Deccan Chargers,BB Samantray
Deccan Chargers,Anirudh Singh
Deccan Chargers,SB Styris
Deccan Chargers,Jaskaran Singh
Deccan Chargers,KH Devdhar
Deccan Chargers,B Chipli
Deccan Chargers,A Symonds
Deccan Chargers,AS Yadav
Deccan Chargers,RG Sharma
Deccan Chargers,S Dhawan
Deccan Chargers,RP Singh
Deccan Chargers,CL White
Deccan Chargers,DW Steyn
Deccan Chargers,TP Sudhindra
Deccan Chargers,A Mishra
Deccan Chargers,DNT Zoysa
Deccan Chargers,TL Suman
Deccan Chargers,Harmeet Singh
Deccan Chargers,Shoaib Ahmed
Deccan Chargers,MD Mishra
Deccan Chargers,Y Venugopal Rao
Deccan Chargers,I Malhotra
Deccan Chargers,B Sumanth
Deccan Chargers,R Sharma
Deccan Chargers,DT Christian
Deccan Chargers,T Mishra
Deccan Chargers,AA Bilakhia
Deccan Chargers,DR Smith
Deccan Chargers,Anand Rajan
Deccan Chargers,A Ashish Reddy
Deccan Chargers,KC Sangakkara
Deccan Chargers,MR Marsh
Deccan Chargers,RJ Harris
Deccan Chargers,DP Vijaykumar
Deccan Chargers,H Das
Deccan Chargers,MJ Lumb
Deccan Chargers,FH Edwards
Deccan Chargers,S Sohal
Deccan Chargers,Ankit Sharma
Deccan Chargers,DB Ravi Teja
Deccan Chargers,AA Jhunjhunwala
Deccan Chargers,I Sharma
Deccan Chargers,KAJ Roach
Deccan Chargers,PM Sarvesh Kumar
Deccan Chargers,WPUJC Vaas
Deccan Chargers,LPC Silva
Deccan Chargers,J Theron
Deccan Chargers,AC Gilchrist
Deccan Chargers,PP Ojha
Deccan Chargers,DJ Harris
Deccan Chargers,VVS Laxman
Deccan Chargers,IR Jaggi
Deccan Chargers,MS Gony
Deccan Chargers,JP Duminy
Belgium,Noorullah Sidiqi
Belgium,Saqlain Ali
Belgium,Walid Sahibzada
Belgium,Khalid Ahmadi
Belgium,Shagharai Sefat
Belgium,V Redkar
Belgium,Aashita Gupta
Belgium,Waqas Ali
Belgium,Aziz Mohammad
Belgium,M Krishnamoorthy
Belgium,A Iqbal
Belgium,SA Dias
Belgium,A Raza
Belgium,Faisal Mehmood
Belgium,D Dewald
Belgium,SS Ilahi
Belgium,F Khaliq
Belgium,B Niaz
Belgium,Sherul Mehta
Belgium,Maqsood Ahmad
Belgium,Murid Ekrami
Belgium,Shafiullah Zakhel
Belgium,Iftikhar Kankhel
Belgium,Mansoor Malangzai
Belgium,Shaheryar Butt
Belgium,Sheraz Sheikh
Belgium,RA Lister
Belgium,Reyhan Faiz
Belgium,Omid Mailk Khel
Belgium,W Shafiq
Belgium,S Kaneria
Belgium,N Shah
Belgium,Muhammad Muneeb
Belgium,Ahmad Khalid Ahmadzai
Belgium,Abdul Rashid Karim
Belgium,A Rehman
Belgium,AD Diwan Ali
Belgium,NSK Mehta
Belgium,JM Farmiloe
Belgium,R Thapliyal
Belgium,Rafiulah Alokozai
Belgium,Hadisullah Tarakhel
Belgium,Saber Zakhil
Belgium,S Yenamandra
Belgium,Tripti Gore
Belgium,Sajid Safi
Belgium,Adnan Razzaq
Belgium,Muhammad Fahim
Belgium,Attia Diwan Ali
Belgium,Said Hakim
Belgium,S Newport
Belgium,OJ Herrington
Belgium,Ashiqullah Said
Belgium,S Mehta
Belgium,A Ilahi
Belgium,Zaki Ul Hassan
Belgium,S Bhandari
Belgium,S Muhammad
Belgium,Mamoon Latif
Belgium,Wahidullah Usmani
Belgium,Sazzad Hosen
Belgium,SD Diwan Ali
Belgium,S Jamil
Belgium,Sajad Ahmadzai
France,AV Ayyavooraju
France,G Mckeon
France,TE Britton
France,S Tambidoure
France,C Breteche
France,K Moingoto
France,D Amirdalingame
France,Usman Khan
France,L Fainicka
France,L Smith
France,E Chance
France,JL Lambourdiere
France,S Santhirakumaran
France,V Kai
France,Ganesh Pooja
France,Abdulmalik Jabarkhel
France,S Stanikzay
France,ME Violleau
France,U Shahid
France,Mobashar Ashraf
France,HA Jackson
France,F Cagnewa
France,G Jaine
France,Emma Patel
France,P Alam
France,Abdul Rahman
France,IY Mckeon
France,A Konhu
France,Nasibullah Arab
France,Dawood Ahmadzai
France,S Parvady
France,M Marchello
France,H Wenehoua
France,RJA Murphy
France,Zaheer Zahiri
France,Faisal Safi
France,Mukhtar Ghulami
France,D Benoit
France,M Cargouet
France,Rahimgul Naseri
France,DL Graham
France,Ammar Zahir
France,PC McGeown
France,L Wykes-Templeman
France,R Mangal
France,J King
France,Ikbal Hossain
France,NJ Qaeze
France,Zika Ali
France,A Bester
France,SPY Baron
France,R Siwa
France,Riyas Bazirhak
France,E Brelivet
France,AL Seddon
France,B Verdon
France,T Rodriguez
France,Ibrahim Jabarkhel
France,I Vrignaud
France,Mohammad Khan Rafah
France,Noman Naeem
France,N Kaqea
France,L Canessane
France,SM Warnakulasuriya
France,Mustafa Omer
France,R Pavadaikannan
France,AC Brodin
France,Zain Ahmad
France,Jamshid Nasiri
France,L Wahmowe
France,C Roberts
France,S Rokuad
France,Virk Ali
France,H Niaz
France,A Johnmary
France,P Pirabakaran
France,Noman Amjad
France,Jubaid Ahamed
France,Kamran Ahmadzai
France,Zada Sher
France,LM Aramas
France,V Nehoume
France,N Ihmeling
France,Shahzeb Mohammed
France,Rahmatullah Mangal
France,R Ehsan
France,PKM Mahawattage
Arunachal Pradesh,Abhinav Srivastava
Arunachal Pradesh,Licha Tehi
Arunachal Pradesh,Aryan Sahani
Arunachal Pradesh,Tana Davit
Arunachal Pradesh,T Teti
Arunachal Pradesh,Kengo Bam
Arunachal Pradesh,Karkir Taye
Arunachal Pradesh,Vipin Dhaka
Arunachal Pradesh,Suheh Hussain
Arunachal Pradesh,D Yadav
Arunachal Pradesh,Shashwat Kohli
Arunachal Pradesh,Song Tacho
Arunachal Pradesh,Myendung Singpho
Arunachal Pradesh,Nabam Tatang
Arunachal Pradesh,T Tatar
Arunachal Pradesh,Techi Neri
Arunachal Pradesh,Kumar Nyompu
Arunachal Pradesh,Yab Niya
Arunachal Pradesh,PS Kataria
Arunachal Pradesh,Techi Sonam
Arunachal Pradesh,AV Jaiswal
Arunachal Pradesh,A Awasthi
Arunachal Pradesh,A Thapa
Arunachal Pradesh,Nazeeb Saiyed
Arunachal Pradesh,Vijay Rao
Arunachal Pradesh,Neelam Obi
Arunachal Pradesh,Somnath Soni
Arunachal Pradesh,SK Das
Arunachal Pradesh,Faruque Hussain
Arunachal Pradesh,RV Uthappa
Arunachal Pradesh,Kamsha Yangfo
Arunachal Pradesh,Kshitiz Sharma
Arunachal Pradesh,Y Sera
Arunachal Pradesh,Sams Alam
Arunachal Pradesh,Uvais Ahmad
Arunachal Pradesh,Ankit Singh
Arunachal Pradesh,Deendyal Upadhyay
Arunachal Pradesh,Madhav Avsh
Arunachal Pradesh,L Jhon
Arunachal Pradesh,Akhilesh Sahani
Arunachal Pradesh,Samarth Seth
Arunachal Pradesh,RB Bishnoi Jr
Arunachal Pradesh,N Joshi
Arunachal Pradesh,Nabam Tempol
Arunachal Pradesh,Subhash Sharma
Arunachal Pradesh,Techi Doria
Arunachal Pradesh,Rahul Dalal
Arunachal Pradesh,Takam Tallum
Arunachal Pradesh,Rakesh Kumar
Arunachal Pradesh,Indiya Toku
Arunachal Pradesh,Manvan Patel
Arunachal Pradesh,Suraj Tayam
Bahamas,Bhumeshswar Jagroo
Bahamas,D Wheatley
Bahamas,MS Graham
Bahamas,D Gittens
Bahamas,J Jemison
Bahamas,O Stewart
Bahamas,A Harris
Bahamas,T Brown
Bahamas,AR Nair
Bahamas,JE Scott
Bahamas,Sandeep Goud
Bahamas,E Duff
Bahamas,K Hinds
Bahamas,M Taylor
Bahamas,NH Ekanayake
Bahamas,RA Tappin
Bahamas,Festus Benn
Bahamas,DG Weakley
Bahamas,R Smith
Bahamas,ML Ford
Bahamas,RP Mitchell
Bahamas,J Gallimore
Bahamas,Rudolph Fox
Bahamas,J Adderley
Bahamas,G Irvin
Bahamas,JR Barry
Bahamas,J Jagroo
Bahamas,GT Taylor
Bahamas,K Burrows
Bahamas,A Peters
Bahamas,R Davson
Bahamas,R Patten
Bahamas,H Gilliard
Bahamas,R Parkes
Bahamas,E Haven
Bahamas,A Gulati
Colombo Stars,ST de Silva
Colombo Stars,M Lakshan
Colombo Stars,KNM Fernando
Colombo Stars,LD Chandimal
Colombo Stars,A Dananjaya
Colombo Stars,Mohammad Nabi
Colombo Stars,ND Paranavithana
Colombo Stars,JDF Vandersay
Colombo Stars,N Dickwella
Colombo Stars,BAC Howell
Colombo Stars,DC Drakes
Colombo Stars,PVD Chameera
Colombo Stars,S Prasanna
Colombo Stars,RS Bopara
Colombo Stars,D Wiese
Colombo Stars,P Nissanka
Colombo Stars,KIC Asalanka
Colombo Stars,SE Rutherford
Colombo Stars,SMA Priyanjan
Colombo Stars,KMA Paul
Colombo Stars,D Lakshan
Colombo Stars,Karim Janat
Colombo Stars,CAK Rajitha
Colombo Stars,RAS Lakmal
Colombo Stars,RS Fernando
Colombo Stars,Naveen-ul-Haq
Colombo Stars,MDKJ Perera
Colombo Stars,T Banton
Colombo Stars,AD Mathews
Colombo Stars,R Rampaul
Colombo Stars,DM de Silva
Dhaka Dominators,Shoriful Islam
Dhaka Dominators,Salman Irshad
Dhaka Dominators,Mizanur Rahman
Dhaka Dominators,Jubair Hossain
Dhaka Dominators,Soumya Sarkar
Dhaka Dominators,Nasir Hossain
Dhaka Dominators,Mohor Sheikh
Dhaka Dominators,Ahmed Shehzad
Dhaka Dominators,Arafat Sunny
Dhaka Dominators,Muktar Ali
Dhaka Dominators,Zahiduzzaman
Dhaka Dominators,Abdullah Al Mamun
Dhaka Dominators,Ariful Haque
Dhaka Dominators,Mohammad Mithun
Dhaka Dominators,Al-Amin Hossain
Dhaka Dominators,Mohammad Imran
Dhaka Dominators,EMDY Munaweera
Dhaka Dominators,Amir Hamza
Dhaka Dominators,Taskin Ahmed
Dhaka Dominators,AJ Blake
Dhaka Dominators,Usman Ghani
Dhaka Dominators,RJ Das
Tasmania,JC Silk
Tasmania,AJ Doolan
Tasmania,MP Kuhnemann
Tasmania,J Weatherald
Tasmania,GJ Bailey
Tasmania,BAD Manenti
Tasmania,W Prestwidge
Tasmania,SW Willis
Tasmania,GT Bell
Tasmania,AP O'Connor
Tasmania,KJS Elliott
Tasmania,B Stanlake
Tasmania,JM Bird
Tasmania,MS Wade
Tasmania,MJ Owen
Tasmania,M Wright
Tasmania,CA Wakim
Tasmania,TD Paine
Tasmania,JA Freeman
Tasmania,BR McDermott
Tasmania,S Milenko
Tasmania,PG Dooley
Tasmania,JR Doran
Tasmania,EM Vines
Tasmania,Nikhil Chaudhary
Tasmania,BJ Webster
Tasmania,TP Ward
Tasmania,TS Rogers
Tasmania,PM Siddle
Tasmania,RP Meredith
Tasmania,BM Hope
Tasmania,JP Faulkner
Tasmania,N Radhakrishnan
Tasmania,HP Kingston
Tasmania,SL Rainbird
Tasmania,TD Andrews
Tasmania,CP Jewell
Tasmania,AL Fekete
Tasmania,A Pyecroft
Tasmania,R MacMillan
Tasmania,GS Sandhu
Tasmania,L Neil-Smith
Tasmania,TH David
Tasmania,NT Ellis
Tasmania,RP Kellepotha
Tasmania,IJ Carlisle
Pokhara Avengers,DA Douthwaite
Pokhara Avengers,BFW de Leede
Pokhara Avengers,Aakash Chand
Pokhara Avengers,MD Taylor
Pokhara Avengers,JDS Neesham
Pokhara Avengers,TR Das
Pokhara Avengers,MJJ Critchley
Pokhara Avengers,D Nath
Pokhara Avengers,D Kharel
Pokhara Avengers,SK Chettri
Pokhara Avengers,S Dhakal
Pokhara Avengers,JJ Roy
Pokhara Avengers,K Bhurtel
Pokhara Avengers,Abhisekh Tiwari
Pokhara Avengers,Bipin Khatri
Pokhara Avengers,K Thagunna
Pokhara Avengers,MA Leask
Pokhara Avengers,D Lakshan
Pokhara Avengers,RA Reifer
Pokhara Avengers,R Dhawan
Pokhara Avengers,AGS Gous
Pokhara Avengers,SL Verma
Pokhara Avengers,Aakarshit Gomel
Pokhara Avengers,Z Malik
Pokhara Avengers,N Joshi
Pokhara Avengers,AM Rossington
Pokhara Avengers,S Aryal
Pokhara Avengers,Rohit Chand
Pokhara Avengers,Krishna Poudel
Pokhara Avengers,Arjun Kumal
Bengal,MK Tiwary
Bengal,RS Khaira
Bengal,Sumanta Gupta
Bengal,Kaif Ahmad
Bengal,Sudip Chatterjee
Bengal,SSK Bal
Bengal,DB Das
Bengal,Writtick Chatterjee
Bengal,Arnab Nandi
Bengal,Sayan Ghosh
Bengal,Anurag Tiwari
Bengal,SP Goswami
Bengal,IC Porel
Bengal,Abhishek Raman
Bengal,Ravikant Singh
Bengal,Shahbaz Ahmed
Bengal,Ritwik Roy Chowdhury
Bengal,Agniv Pan
Bengal,Abishek Porel
Bengal,SK Gharami
Bengal,Sujit Yadav
Bengal,Karan Lal
Bengal,Abhisek Das
Bengal,Mukesh Kumar
Bengal,S Habib Gandhi
Bengal,Kaushik Maity
Bengal,Mohammed Shami
Bengal,Ayan Bhattacharjee
Bengal,Aamir Gani
Bengal,Pramod Chandila
Bengal,P Ray Barman
Bengal,Akash Deep
Bengal,Pankaj Shaw
Bengal,Sayan Mondal
Bengal,Vivek Singh
Bengal,WP Saha
Bengal,Pratap Singh
Bengal,Kanishk Seth
Bengal,SSK Chaudhary
Bengal,AR Easwaran
Bengal,AP Majumdar
Bengal,Pradipta Pramanik
Bengal,PP Ojha
Bengal,AB Dinda
MI Cape Town,D Jansen
MI Cape Town,Rashid Khan
MI Cape Town,OF Smith
MI Cape Town,WB Marshall
MI Cape Town,N van Heerden
MI Cape Town,C Bosch
MI Cape Town,K Rabada
MI Cape Town,LS Livingstone
MI Cape Town,TJ Moores
MI Cape Town,Waqar Salamkheil
MI Cape Town,C Esterhuizen
MI Cape Town,D Brevis
MI Cape Town,RD Rickelton
MI Cape Town,DL Piedt
MI Cape Town,SM Curran
MI Cape Town,KA Pollard
MI Cape Town,CG Benjamin
MI Cape Town,Azmatullah Omarzai
MI Cape Town,Sediqullah Atal
MI Cape Town,N Thushara
MI Cape Town,JC Archer
MI Cape Town,GJ Snyman
MI Cape Town,G Roelofsen
MI Cape Town,GF Linde
MI Cape Town,T Luus
MI Cape Town,BE Hendricks
MI Cape Town,D Potgieter
MI Cape Town,TP Kaber
MI Cape Town,OP Stone
MI Cape Town,CA Ingram
MI Cape Town,JF Smith
MI Cape Town,MJ Potts
MI Cape Town,Karim Janat
MI Cape Town,HE van der Dussen
MI Cape Town,RR Hendricks
MI Cape Town,N Pooran
MI Cape Town,TA Boult
MI Cape Town,TH David
MI Cape Town,D Pretorius
Pretoria Capitals,AD Russell
Pretoria Capitals,M Boast
Pretoria Capitals,S Muthusamy
Pretoria Capitals,J Little
Pretoria Capitals,C Bosch
Pretoria Capitals,E Bosch
Pretoria Capitals,JDS Neesham
Pretoria Capitals,C Fortuin
Pretoria Capitals,SD Hope
Pretoria Capitals,GC Viljoen
Pretoria Capitals,LS Livingstone
Pretoria Capitals,GG Peters
Pretoria Capitals,MJ Ackerman
Pretoria Capitals,C Esterhuizen
Pretoria Capitals,CN Ackermann
Pretoria Capitals,D Brevis
Pretoria Capitals,BKG Mendis
Pretoria Capitals,WCF Smeed
Pretoria Capitals,JP Behrendorff
Pretoria Capitals,K Lion-Cachet
Pretoria Capitals,KI Simmonds
Pretoria Capitals,S Dadswell
Pretoria Capitals,M Pretorius
Pretoria Capitals,SE Rutherford
Pretoria Capitals,T van Vuuren
Pretoria Capitals,TB de Bruyn
Pretoria Capitals,AU Rashid
Pretoria Capitals,B Parsons
Pretoria Capitals,A Nortje
Pretoria Capitals,Rahmanullah Gurbaz
Pretoria Capitals,TS Rogers
Pretoria Capitals,WD Parnell
Pretoria Capitals,CA Ingram
Pretoria Capitals,TS Mills
Pretoria Capitals,LB Williams
Pretoria Capitals,WJ Lubbe
Pretoria Capitals,RL Chase
Pretoria Capitals,K Verreynne
Pretoria Capitals,PD Salt
Pretoria Capitals,AJ Turner
Pretoria Capitals,DM Dupavillon
Pretoria Capitals,Codi Yusuf
Pretoria Capitals,D Smith
Pretoria Capitals,L Ngidi
Pretoria Capitals,WG Jacks
Pretoria Capitals,KA Maharaj
Pretoria Capitals,JM Cox
Pretoria Capitals,RR Rossouw
Pretoria Capitals,S Stolk
Himachal,Kanwar Abhinay
Himachal,Pankaj Jaswal
Himachal,AN Chauhan
Himachal,P Chopra
Himachal,Mayank Dagar
Himachal,Ankit Kaushik
Himachal,VG Arora
Himachal,Rahul Khajan Singh
Himachal,Akash Vasisht
Himachal,Raghav Dhawan
Himachal,RG More
Himachal,N A Sharma
Himachal,Abhimanyu Rana
Himachal,RI Thakur
Himachal,P Dogra
Himachal,Nikhil Gangta
Himachal,AR Kumar
Himachal,AS Bedi
Himachal,Robin Bist
Himachal,R Dhawan
Himachal,MA Sharma
Himachal,Shreshth Nirmohi
Himachal,SL Verma
Himachal,Ayush Jamwal
Himachal,DG Kumar
Himachal,Ankit Maini
Himachal,Digvijay Rangi
Himachal,EC Sen
Himachal,AKS Bains
Himachal,Shubham Arora
Himachal,GK Singh
Himachal,Bipul Sharma
Chhattisgarh,Sahban Khan
Chhattisgarh,PS Painkra
Chhattisgarh,Parivesh Dhar
Chhattisgarh,Jatin Saxena
Chhattisgarh,Sourabh Majumdar
Chhattisgarh,Ravi Kiran
Chhattisgarh,Manoj Singh
Chhattisgarh,V Pratap Singh
Chhattisgarh,Kant Singh
Chhattisgarh,Binny Samual
Chhattisgarh,Ashutosh Singh
Chhattisgarh,PM Singh
Chhattisgarh,Puneet Datey
Chhattisgarh,Bhima Rao
Chhattisgarh,J Butte
Chhattisgarh,Vishal Kushwah
Chhattisgarh,Shourabh Kharwar
Chhattisgarh,Pankaj Rao
Chhattisgarh,Aishwary Mourya
Chhattisgarh,Harpreet Singh
Chhattisgarh,Sanjeet Desai
Chhattisgarh,Ajay Mandal
Chhattisgarh,Sahil Gupta
Chhattisgarh,Nitish Rao
Chhattisgarh,Rishabh Tiwari
Chhattisgarh,Shivendra Singh
Chhattisgarh,Sanidhya Hurkat
Chhattisgarh,Shashank Singh
Chhattisgarh,AG Rao
Chhattisgarh,Lavin Coster
Chhattisgarh,Abhimanyu Chauhan
Chhattisgarh,Shakeeb Ahmed
Chhattisgarh,Eknath Kerkar
Chhattisgarh,Rohit Dhruw
Chhattisgarh,Shashank Chandrakar
Chhattisgarh,Shubham Singh
Chhattisgarh,SS Agarwal
Chhattisgarh,AS Thakur
Chhattisgarh,Gagandeep Singh
Chhattisgarh,Sumit Ruikar
Chhattisgarh,Amandeep Khare
Chhattisgarh,MSS Hussain
Chhattisgarh,AA Herwadkar
Rangpur Rangers,Al-Amin
Rangpur Rangers,Mohammad Naim
Rangpur Rangers,TB Abell
Rangpur Rangers,Mohammad Nabi
Rangpur Rangers,Fazle Mahmud
Rangpur Rangers,Junaid Khan
Rangpur Rangers,Arafat Sunny
Rangpur Rangers,Zakir Hasan
Rangpur Rangers,Nadif Chowdhury
Rangpur Rangers,SR Watson
Rangpur Rangers,Mustafizur Rahman
Rangpur Rangers,L Gregory
Rangpur Rangers,Shadman Islam
Rangpur Rangers,Mohammad Shahzad
Rangpur Rangers,Rishad Hossain
Rangpur Rangers,CS Delport
Rangpur Rangers,Taskin Ahmed
Rangpur Rangers,Sanjit Saha
Rangpur Rangers,Jahurul Islam
Rangpur Rangers,Mukidul Islam
Dhaka Platoon,Hasan Mahmud
Dhaka Platoon,Mashrafe Mortaza
Dhaka Platoon,LM Reece
Dhaka Platoon,Shadab Khan
Dhaka Platoon,Shahid Afridi
Dhaka Platoon,Anamul Haque
Dhaka Platoon,Jaker Ali
Dhaka Platoon,Shuvagata Hom
Dhaka Platoon,Asif Ali
Dhaka Platoon,Tamim Iqbal
Dhaka Platoon,NLTC Perera
Dhaka Platoon,Faheem Ashraf
Dhaka Platoon,LJ Evans
Dhaka Platoon,Salauddin Sakil
Dhaka Platoon,Ariful Haque
Dhaka Platoon,Wahab Riaz
Dhaka Platoon,Mominul Haque
Dhaka Platoon,Mahedi Hasan
Sharjah Warriors,Basil Hameed
Sharjah Warriors,SC Williams
Sharjah Warriors,CR Woakes
Sharjah Warriors,D Madushanka
Sharjah Warriors,LS Livingstone
Sharjah Warriors,Mohammad Nabi
Sharjah Warriors,PI Walter
Sharjah Warriors,Noor Ahmad
Sharjah Warriors,DR Sams
Sharjah Warriors,N Dickwella
Sharjah Warriors,DJ Malan
Sharjah Warriors,CG Benjamin
Sharjah Warriors,CB Sole
Sharjah Warriors,JK Fuller
Sharjah Warriors,MRJ Watt
Sharjah Warriors,Muhammad Jawadullah
Sharjah Warriors,MJ Guptill
Sharjah Warriors,JL Denly
Sharjah Warriors,AU Rashid
Sharjah Warriors,Rahmanullah Gurbaz
Sharjah Warriors,Qais Ahmad
Sharjah Warriors,Junaid Siddique
Sharjah Warriors,L Gregory
Sharjah Warriors,KP Meiyappan
Sharjah Warriors,E Lewis
Sharjah Warriors,MM Ali
Sharjah Warriors,LWP Wells
Sharjah Warriors,A Sharafu
Sharjah Warriors,T Kohler-Cadmore
Sharjah Warriors,M Deyal
Sharjah Warriors,Naveen-ul-Haq
Sharjah Warriors,AJ Hose
Sharjah Warriors,J Charles
Sharjah Warriors,M Theekshana
Sharjah Warriors,MP Stoinis
Sharjah Warriors,Nilansh Keswani
Odisha,Suryakant Pradhan
Odisha,Gourav Choudhury
Odisha,B Shiva
Odisha,Arabind Singh
Odisha,BB Samantray
Odisha,Subham Nayak
Odisha,Harshit Rathod
Odisha,Ankit Yadav
Odisha,Swastik Samal
Odisha,Aditya Rout
Odisha,Rajesh Dhuper
Odisha,Paresh Patel
Odisha,Rajesh Mohanty
Odisha,Sandeep Pattnaik
Odisha,Shantanu Mishra
Odisha,Rosan Kumar Rao
Odisha,Pratik Das
Odisha,Deepak Behera
Odisha,Ashish Rai
Odisha,Ashutosh Das
Odisha,Abhishek Yadav
Odisha,Alok Sahoo
Odisha,Sukesh Heera
Odisha,Pappu Roy
Odisha,Prabin Luha
Odisha,Sunil Roul
Odisha,Ankitkar Jaiswal
Odisha,Basant Mohanty
Odisha,Walter Toppo
Odisha,AS Raut
Odisha,Tukuna Sahoo
Odisha,Anurag Sarangi
Odisha,Manoj Barik
Odisha,Rishikesh Das
Odisha,Subhransu Senapati
Odisha,Lagnajit Samal
Odisha,Bikash K Rout
Odisha,Debasish Samantray
Odisha,Anshuman Rath
Odisha,Debabrata Pradhan
Odisha,Tarani Sa
Odisha,Prayas Singh
Odisha,Sarbeswar Mohanty
Odisha,Govinda Poddar
Odisha,Abhilash Mallick
Odisha,Bikas Pati
Odisha,Jayanta Behera
Ace Capital Cricket Club,TSB Ekanayake
Ace Capital Cricket Club,AMEM Amarasinghe
Ace Capital Cricket Club,W Sahan
Ace Capital Cricket Club,P Pathiraja
Ace Capital Cricket Club,S Liyanage
Ace Capital Cricket Club,T Mathew
Ace Capital Cricket Club,MPM Weerasinghe
Ace Capital Cricket Club,NHG Cooray
Ace Capital Cricket Club,L Abeysinghe
Ace Capital Cricket Club,DKRC Jayatissa
Ace Capital Cricket Club,V Silva
Ace Capital Cricket Club,PTM Dabare
Ace Capital Cricket Club,T Rajapakse
Ace Capital Cricket Club,I Wijesundera
Ace Capital Cricket Club,KHRA de Silva
Ace Capital Cricket Club,R de Silva
Ace Capital Cricket Club,U Parakrama
Ace Capital Cricket Club,Sammu Ashan
Ace Capital Cricket Club,HS Liyanage
Ace Capital Cricket Club,M Hasanka
Ace Capital Cricket Club,RJKTD Ranatunga
Ace Capital Cricket Club,S Disanayaka
Ace Capital Cricket Club,C Battage
Ace Capital Cricket Club,RMRDG Rathnayake
Ace Capital Cricket Club,K Kulasekara
Ace Capital Cricket Club,K Amantha
Ace Capital Cricket Club,SN Gunasinghe
Ace Capital Cricket Club,NN Fernando
Ace Capital Cricket Club,S Waduge
Ace Capital Cricket Club,H Jayasundara
Ace Capital Cricket Club,A Wijewardhana
Ace Capital Cricket Club,D Hemananda
Ace Capital Cricket Club,H Hettiarchchi
Ace Capital Cricket Club,A Dilhara
Ace Capital Cricket Club,S Gimhan
Ace Capital Cricket Club,T Amarasinghe
Ace Capital Cricket Club,R Silva
Ace Capital Cricket Club,NH Atharagalla
Ace Capital Cricket Club,L Dawatage
Colombo Cricket Club,Navindu Prabash
Colombo Cricket Club,MVT Fernando
Colombo Cricket Club,P Pathiraja
Colombo Cricket Club,KNM Fernando
Colombo Cricket Club,I Udana
Colombo Cricket Club,Pawan Sandesh
Colombo Cricket Club,S Kosala
Colombo Cricket Club,KLD Vishvaka
Colombo Cricket Club,C Wijesinghe
Colombo Cricket Club,PC de Silva
Colombo Cricket Club,PADLR Sandakan
Colombo Cricket Club,A Bandara
Colombo Cricket Club,V Silva
Colombo Cricket Club,GS Dinusha
Colombo Cricket Club,Sithum Vihanga
Colombo Cricket Club,N Thushara
Colombo Cricket Club,P Rathnayake
Colombo Cricket Club,M Bhanuka
Colombo Cricket Club,AM Fernando
Colombo Cricket Club,SMA Priyanjan
Colombo Cricket Club,ST Mendis
Colombo Cricket Club,SN Gunasinghe
Colombo Cricket Club,PWH de Silva
Colombo Cricket Club,I Karannagoda
Colombo Cricket Club,PHKD Mendis
Colombo Cricket Club,Eshan Withanage
Colombo Cricket Club,L Croospulle
Colombo Cricket Club,D Sigera
Colombo Cricket Club,Rehan Peiris
Colombo Cricket Club,Onre Perera
Colombo Cricket Club,T Wanninayake
Colombo Cricket Club,KN Peiris
Colombo Cricket Club,DM de Silva
Colombo Cricket Club,D Ranatunga
Hyderabad Kingsmen,Irfan Khan
Hyderabad Kingsmen,Hammad Azam
Hyderabad Kingsmen,Hassan Khan
Hyderabad Kingsmen,Maaz Sadaqat
Hyderabad Kingsmen,Akif Javed
Hyderabad Kingsmen,Rizwan Mehmood
Hyderabad Kingsmen,MDKJ Perera
Hyderabad Kingsmen,Asif Mehmood
Hyderabad Kingsmen,RP Meredith
Hyderabad Kingsmen,M Labuschagne
Hyderabad Kingsmen,Usman Khan
Hyderabad Kingsmen,Mohammad Ali
Hyderabad Kingsmen,GJ Maxwell
Hyderabad Kingsmen,M Theekshana
Hyderabad Kingsmen,Hunain Shah
Hyderabad Kingsmen,Saad Ali
Hyderabad Kingsmen,Saim Ayub
Hyderabad Kingsmen,Sharjeel Khan
Panadura Sports Club,Senitha Halambage
Panadura Sports Club,S Mihira
Panadura Sports Club,T Damindu
Panadura Sports Club,N Vimukthi
Panadura Sports Club,MI Slaza
Panadura Sports Club,MNM Dilshad
Panadura Sports Club,S Malshan
Panadura Sports Club,ND Ahangamage
Panadura Sports Club,V Chathuranga
Panadura Sports Club,MADI Hemantha
Panadura Sports Club,DGD Maduwantha
Panadura Sports Club,Shalith Fernando
Panadura Sports Club,KGA Sampath
Panadura Sports Club,V Lahiru
Panadura Sports Club,R Nimantha
Panadura Sports Club,K Dinesh Shankar
Panadura Sports Club,G Malkan
Panadura Sports Club,RM Liyanarachchi
Panadura Sports Club,SMD Silva
Panadura Sports Club,Duranka Silva
Panadura Sports Club,JS Fernando
Panadura Sports Club,Mahith Perera
Panadura Sports Club,KDV Vimukthi
Panadura Sports Club,K Nuwantha
Panadura Sports Club,R Wijesooriya
Panadura Sports Club,JE Jayakodyge
Panadura Sports Club,HM Kapurubandara
Panadura Sports Club,Supun Kumara
Panadura Sports Club,K Amameth
Panadura Sports Club,BOP Fernando
Panadura Sports Club,C Paranavithana
Panadura Sports Club,NT Gamage
Panadura Sports Club,V Dinsara
Panadura Sports Club,MLR Buddika
Panadura Sports Club,HUK Madushanka
Panadura Sports Club,ISS Samarasooriya
Panadura Sports Club,KDA Manoj
Panadura Sports Club,KG Wickramasinghe
Panadura Sports Club,VS Halambage
Panadura Sports Club,GSNFG Jayasuriya
Panadura Sports Club,Kanchana de Livera
Panadura Sports Club,P Asanka
Panadura Sports Club,Y Avishka
Panadura Sports Club,L Dawatage
Tripura,Pratyush Singh
Tripura,Sudip Chatterjee
Tripura,TS Saha
Tripura,NN Sen Chowdhary
Tripura,Gurinder Singh
Tripura,Amit Ali
Tripura,Bappa Das
Tripura,BB Roy
Tripura,SK Patel
Tripura,JR Banik
Tripura,KB Pawan
Tripura,SS Ghosh
Tripura,SM Singha
Tripura,VK Saha
Tripura,D Khatri
Tripura,Dipayan Debbarma
Tripura,Saurabh Das
Tripura,Yashpal Singh
Tripura,AA Chakraborty
Tripura,BB Ghosh
Tripura,SS Majumder
Tripura,AK Sarkar
Tripura,Harmeet Singh
Tripura,BB Debnath
Tripura,SC Das
Tripura,Bikramkumar Das
Tripura,Parvez Sultan
Tripura,T Mishra
Tripura,Sankar Paul
Tripura,Manisankar Murasingh
Tripura,Rajat Dey
Tripura,Samit Gohel
Tripura,Neelambuj Vats
Tripura,Ninad Kadam
Tripura,U U Bose
Tripura,Rahil Shah
Tripura,Milind Kumar
Tripura,Saruk Hossain
Tripura,WP Saha
Tripura,SA Gan
Tripura,CK Paul
Tripura,Kamal Das
Tripura,KK Acharjee
Tripura,RD Banik
Tripura,Ganesh Satish
Tripura,Rana Dutta
Tripura,NN Sen
Tripura,Ajay Sarkar
Tripura,Abhay Negi
Tripura,Arkaprabha Sinha
Tripura,Chandan Ray
Sunrisers Eastern Cape,JM Coles
Sunrisers Eastern Cape,AF Milne
Sunrisers Eastern Cape,JT Smuts
Sunrisers Eastern Cape,BA Carse
Sunrisers Eastern Cape,B Swanepoel
Sunrisers Eastern Cape,SSB Magala
Sunrisers Eastern Cape,S Muthusamy
Sunrisers Eastern Cape,TB Abell
Sunrisers Eastern Cape,RE van der Merwe
Sunrisers Eastern Cape,MJ Ackerman
Sunrisers Eastern Cape,J Hermann
Sunrisers Eastern Cape,C Overton
Sunrisers Eastern Cape,OEG Baartman
Sunrisers Eastern Cape,DJ Malan
Sunrisers Eastern Cape,A Gqamane
Sunrisers Eastern Cape,L Sipamla
Sunrisers Eastern Cape,Q de Kock
Sunrisers Eastern Cape,JK Fuller
Sunrisers Eastern Cape,T Stubbs
Sunrisers Eastern Cape,AK Markram
Sunrisers Eastern Cape,A Nortje
Sunrisers Eastern Cape,A Simelane
Sunrisers Eastern Cape,MP Breetzke
Sunrisers Eastern Cape,SJ Erwee
Sunrisers Eastern Cape,JM Bairstow
Sunrisers Eastern Cape,RJ Gleeson
Sunrisers Eastern Cape,PE Kruger
Sunrisers Eastern Cape,L Gregory
Sunrisers Eastern Cape,T de Zorzi
Sunrisers Eastern Cape,M Jansen
Sunrisers Eastern Cape,DJ Worrall
Sunrisers Eastern Cape,LA Dawson
Sunrisers Eastern Cape,KTH Ratnayake
Sunrisers Eastern Cape,AM Rossington
Sunrisers Eastern Cape,Z Crawley
Sunrisers Eastern Cape,MS Crane
Sunrisers Eastern Cape,DG Bedingham
Sunrisers Eastern Cape,SR Harmer
Sunrisers Eastern Cape,T Bavuma
Sunrisers Eastern Cape,CJ Green
Sunrisers Eastern Cape,JM Cox
Sylhet Titans,Khaled Ahmed
Sylhet Titans,Salman Irshad
Sylhet Titans,CR Woakes
Sylhet Titans,Mohammad Amir
Sylhet Titans,Hazratullah
Sylhet Titans,Ruyel Miah
Sylhet Titans,Azmatullah Omarzai
Sylhet Titans,Zakir Hasan
Sylhet Titans,Saim Ayub
Sylhet Titans,EA Brookes
Sylhet Titans,Ebadat Hossain
Sylhet Titans,Rahatul Ferdous
Sylhet Titans,SW Billings
Sylhet Titans,Ariful Islam
Sylhet Titans,Parvez Hossain Emon
Sylhet Titans,Afif Hossain
Sylhet Titans,MM Ali
Sylhet Titans,Shohidul Islam
Sylhet Titans,Rony Talukdar
Sylhet Titans,Mehedi Hasan Miraz
Sylhet Titans,Nasum Ahmed
Sylhet Titans,Towfiq Khan
Sylhet Titans,Mominul Haque
Rajshahi Warriors,Tanzim Hasan Sakib
Rajshahi Warriors,Sahibzada Farhan
Rajshahi Warriors,Tanzid Hasan
Rajshahi Warriors,Hasan Murad
Rajshahi Warriors,JDS Neesham
Rajshahi Warriors,SM Meherob
Rajshahi Warriors,R Mondol
Rajshahi Warriors,Nazmul Hossain Shanto
Rajshahi Warriors,Md Rubel
Rajshahi Warriors,Waseem Muhammad
Rajshahi Warriors,KS Williamson
Rajshahi Warriors,Yasir Ali Chowdhury
Rajshahi Warriors,Abdul Gaffar Saqlain
Rajshahi Warriors,Akbar Ali
Rajshahi Warriors,S Lamichhane
Rajshahi Warriors,Hussain Talat
Rajshahi Warriors,Mohammad Nawaz
Rajshahi Warriors,Mushfiqur Rahim
Rajshahi Warriors,RP Burl
Rajshahi Warriors,B Fernando
Rajshahi Warriors,Jahandad Khan
Hungary,R Rajendran
Hungary,Ibrar Ahmad
Hungary,JM Polarouthu
Hungary,RJ Ainsworth
Hungary,NG Liyanage
Hungary,A Kheterpal
Hungary,AG Weligamage
Hungary,Abhishek Ahuja
Hungary,Sadat Said
Hungary,Ali Farasat
Hungary,Zahir Mohammed
Hungary,Ali Hassan
Hungary,Ali Nawaz
Hungary,JN du Plooy
Hungary,Danyal Akbar
Hungary,Sanjay Kumar
Hungary,Kamran Wahid
Hungary,Yadwinder Singh
Hungary,Zeeshan Kukikhel
Hungary,Amal Jacob
Hungary,Akramullah Malikzada
Hungary,CP Dowle
Hungary,Ali Yalmaz
Hungary,Abbas Ghani
Hungary,SA Mohandas
Hungary,Khaibar Deldar
Hungary,BP Adapaka
Hungary,TV Valivarthi
Hungary,V Ravindran
Hungary,Sheikh Rasik
Hungary,Kasir Ahmed
Hungary,Abhijeet Ahuja
Hungary,Muhammad Usman (3)
Hungary,Muhammad Burhan
Hungary,MP Ainsworth
Hungary,Muhammad Saqlain
Hungary,Muhammad Usman
Hungary,KN Gabhane
Hungary,S Ashwathnarayana
Hungary,Gabor Torok
Hungary,Mueez ul Hassan
Hungary,HV Mandhyan
Hungary,A Prashar
Hungary,M Fontaine
Jaffna Kings,PM Liyanagamage
Jaffna Kings,Zaman Khan
Jaffna Kings,V Viyaskanth
Jaffna Kings,DAS Gunaratne
Jaffna Kings,W Sahan
Jaffna Kings,KNM Fernando
Jaffna Kings,D Madushanka
Jaffna Kings,NLTC Perera
Jaffna Kings,CA Lynn
Jaffna Kings,GC Viljoen
Jaffna Kings,DN Wellalage
Jaffna Kings,T Shamsi
Jaffna Kings,DA Randika
Jaffna Kings,Waqar Salamkheil
Jaffna Kings,N Burger
Jaffna Kings,PC de Silva
Jaffna Kings,PARP Perera
Jaffna Kings,BKG Mendis
Jaffna Kings,JP Behrendorff
Jaffna Kings,Azmatullah Omarzai
Jaffna Kings,P Jayawickrama
Jaffna Kings,N Thushara
Jaffna Kings,Shoaib Malik
Jaffna Kings,A Wickramasinghe
Jaffna Kings,WU Tharanga
Jaffna Kings,JK Fuller
Jaffna Kings,WIA Fernando
Jaffna Kings,DA Miller
Jaffna Kings,SMLD Samarakoon
Jaffna Kings,KIC Asalanka
Jaffna Kings,E Malinga
Jaffna Kings,Rahmanullah Gurbaz
Jaffna Kings,Sammu Ashan
Jaffna Kings,AM Fernando
Jaffna Kings,S Samarawickrama
Jaffna Kings,Usman Shinwari
Jaffna Kings,RR Rossouw
Jaffna Kings,Towhid Hridoy
Jaffna Kings,JNT Seales
Jaffna Kings,Wahab Riaz
Jaffna Kings,Afif Hossain
Jaffna Kings,PWH de Silva
Jaffna Kings,RAS Lakmal
Jaffna Kings,FA Allen
Jaffna Kings,T Kohler-Cadmore
Jaffna Kings,KNA Bandara
Jaffna Kings,S Lakshan
Jaffna Kings,AI Ross
Jaffna Kings,M Theekshana
Jaffna Kings,DM de Silva
Jaffna Kings,B Fernando
Jaffna Kings,P Nissanka
Colombo Strikers,Naseem Shah
Colombo Strikers,Shoriful Islam
Colombo Strikers,Shadab Khan
Colombo Strikers,C Karunaratne
Colombo Strikers,GD Phillips
Colombo Strikers,NLTC Perera
Colombo Strikers,DN Wellalage
Colombo Strikers,G Sanketh
Colombo Strikers,JDF Vandersay
Colombo Strikers,N Dickwella
Colombo Strikers,PADLR Sandakan
Colombo Strikers,M Pathirana
Colombo Strikers,I Wijesundera
Colombo Strikers,MNK Fernando
Colombo Strikers,Babar Azam
Colombo Strikers,Waseem Muhammad
Colombo Strikers,Rahmanullah Gurbaz
Colombo Strikers,ND Perera
Colombo Strikers,LU Igalagamage
Colombo Strikers,S Samarawickrama
Colombo Strikers,D Lakshan
Colombo Strikers,RTM Mendis
Colombo Strikers,Yashodha Lanka
Colombo Strikers,Mohammad Nawaz
Colombo Strikers,S Daniel
Colombo Strikers,AK Perera
Colombo Strikers,Taskin Ahmed
Colombo Strikers,Iftikhar Ahmed
Colombo Strikers,B Fernando
Colombo Strikers,P Nissanka
Sylhet Royals,Abul Hasan
Sylhet Royals,Suhrawadi Shuvo
Sylhet Royals,Alok Kapali
Sylhet Royals,PD Trego
Sylhet Royals,Imtiaz Hossain
Sylhet Royals,SB Styris
Sylhet Royals,Mohammad Nabi
Sylhet Royals,Faisal Iqbal
Sylhet Royals,Naeem Islam
Sylhet Royals,Talha Jubair
Sylhet Royals,DP Nannes
Sylhet Royals,Sohag Gazi
Sylhet Royals,Nazmul Hossain
Sylhet Royals,PR Stirling
Sylhet Royals,SJ Benn
Sylhet Royals,Bishawnath Halder
Sylhet Royals,Noor Hossain
Sylhet Royals,Imrul Kayes
Sylhet Royals,Raza Ali Dar
Sylhet Royals,Nadif Chowdhury
Sylhet Royals,Shuvagata Hom
Sylhet Royals,Sajedul Islam
Sylhet Royals,DR Smith
Sylhet Royals,Sohail Tanvir
Sylhet Royals,E Chigumbura
Sylhet Royals,Mushfiqur Rahim
Sylhet Royals,H Masakadza
Sylhet Royals,Nazmul Hossain Milon
Sylhet Royals,GB Hogg
Sylhet Royals,Kamran Akmal
Sylhet Royals,Nabil Samad
Sylhet Royals,TL Maynard
Sylhet Royals,Mominul Haque
Sylhet Royals,S Chanderpaul
Impi,AP McLaren
Impi,PD Collingwood
Impi,P Matshikwe
Impi,RN ten Doeschate
Impi,S Simetu
Impi,R Cameron
Impi,CJ Alexander
Impi,DA Hendricks
Impi,PJ van Biljon
Impi,MQ Adams
Impi,JP Kreusch
Impi,M Mosehle
Impi,BM Edmondson
Impi,BJ Pelser
Impi,JJ Pienaar
Impi,Q Friend
Impi,LJ Wright
Impi,C Pietersen
Impi,K Zondo
Impi,RCC Canning
Birmingham Phoenix,HL Baker
Birmingham Phoenix,M Kelly
Birmingham Phoenix,BM Duckett
Birmingham Phoenix,LS Livingstone
Birmingham Phoenix,B Ellis
Birmingham Phoenix,TG Helm
Birmingham Phoenix,WCF Smeed
Birmingham Phoenix,AH Maqsood
Birmingham Phoenix,MSL Taylor
Birmingham Phoenix,SL Kalis
Birmingham Phoenix,Miles Hammond
Birmingham Phoenix,GA Elwiss
Birmingham Phoenix,T van der Gugten
Birmingham Phoenix,CB Cooke
Birmingham Phoenix,AF Milne
Birmingham Phoenix,CR Woakes
Birmingham Phoenix,C Pavely
Birmingham Phoenix,AJ Freeborn
Birmingham Phoenix,EL Lamb
Birmingham Phoenix,FH Allen
Birmingham Phoenix,FC Wilson
Birmingham Phoenix,SFM Devine
Birmingham Phoenix,PA Franklin
Birmingham Phoenix,RA Fackrell
Birmingham Phoenix,EL Arlott
Birmingham Phoenix,LPJ Kimber
Birmingham Phoenix,TG Southee
Birmingham Phoenix,DY Pennington
Birmingham Phoenix,DJ Bell-Drummond
Birmingham Phoenix,T Flintoff
Birmingham Phoenix,Shadab Khan
Birmingham Phoenix,EA Burns
Birmingham Phoenix,JM Clarke
Birmingham Phoenix,BL D'Oliveira
Birmingham Phoenix,AHT Donald
Birmingham Phoenix,EA Perry
Birmingham Phoenix,MS Wade
Birmingham Phoenix,SW Bates
Birmingham Phoenix,CG Benjamin
Birmingham Phoenix,JK Fuller
Birmingham Phoenix,MLL Taylor
Birmingham Phoenix,LA Patterson-White
Birmingham Phoenix,IECM Wong
Birmingham Phoenix,S Molineux
Birmingham Phoenix,CP Wood
Birmingham Phoenix,Imran Tahir
Birmingham Phoenix,RK Patel
Birmingham Phoenix,KA Levick
Birmingham Phoenix,MM Ali
Birmingham Phoenix,JG Bethell
Birmingham Phoenix,GL van Buuren
Birmingham Phoenix,TA Boult
Birmingham Phoenix,A Lister
Birmingham Phoenix,SG Budinger
Birmingham Phoenix,E Jones
Birmingham Phoenix,G Voll
Birmingham Phoenix,HJH Brookes
Birmingham Phoenix,RM Ghosh
Birmingham Phoenix,T Sangha
Birmingham Phoenix,AE Jones
Birmingham Phoenix,TB Abell
Birmingham Phoenix,ML Schutt
Birmingham Phoenix,KM Mack
Birmingham Phoenix,SA Abbott
Birmingham Phoenix,PR Brown
Birmingham Phoenix,GM Davies
Birmingham Phoenix,BAC Howell
Birmingham Phoenix,C Brewer
Birmingham Phoenix,S Smale
Birmingham Phoenix,KW Richardson
Birmingham Phoenix,PJ Brett
Birmingham Phoenix,JL Smith
Birmingham Phoenix,Shafali Verma
Birmingham Phoenix,BJ Dwarshuis
Birmingham Phoenix,DR Mousley
Birmingham Phoenix,KL Gordon
Birmingham Phoenix,DG Bedingham
Police Sports Club,L de Silva
Police Sports Club,HMCB Jayathilake
Police Sports Club,SS Rathnayaka
Police Sports Club,Ishira Ayupala
Police Sports Club,RPN Priyadarshana
Police Sports Club,PARP Perera
Police Sports Club,HH Ramanayake
Police Sports Club,DS Thilakaratne
Police Sports Club,C Jayathilake
Police Sports Club,N Pradeep
Police Sports Club,Ishara Perera
Police Sports Club,CB Kulasekara
Police Sports Club,T Palihawadana
Police Sports Club,N Balasooriya
Police Sports Club,SAC Kumara
Police Sports Club,P Nirmal
Police Sports Club,R Hirushan
Police Sports Club,D Jayalath
Police Sports Club,VAI Akash
Police Sports Club,M Chanthuka
Police Sports Club,H Dhanushka
Police Sports Club,A Tharindu
Police Sports Club,WACP Wijelath
Police Sports Club,PS Shehara
Police Sports Club,MJM Fernando
Police Sports Club,K Pathiratne
Police Sports Club,Sangeeth Sankalpa
Police Sports Club,D Induwara
Police Sports Club,Vishad Randika
Police Sports Club,R Gamage
Police Sports Club,NN Fernando
Police Sports Club,K Karunathilake
Police Sports Club,D Kappagoda
Police Sports Club,KNA Bandara
Police Sports Club,MDKJ Perera
Police Sports Club,T Dilshan
Police Sports Club,LPC Silva
Police Sports Club,SADU Mihiran
Police Sports Club,N Premaratne
Police Sports Club,PHS Madushanka
Chilaw Marians Cricket Club,S Perera
Chilaw Marians Cricket Club,DS Tillakaratne
Chilaw Marians Cricket Club,ST de Silva
Chilaw Marians Cricket Club,S Liyanage
Chilaw Marians Cricket Club,KVA Adikari
Chilaw Marians Cricket Club,Darshaka Sandeep
Chilaw Marians Cricket Club,NHG Cooray
Chilaw Marians Cricket Club,V Chathuranga
Chilaw Marians Cricket Club,DA Randika
Chilaw Marians Cricket Club,Odil Perera
Chilaw Marians Cricket Club,LPPM Kumara
Chilaw Marians Cricket Club,PTM Dabare
Chilaw Marians Cricket Club,WNK Wanniarachchi
Chilaw Marians Cricket Club,Amantha Perera
Chilaw Marians Cricket Club,LR Krishantha
Chilaw Marians Cricket Club,SMKS Senarathne
Chilaw Marians Cricket Club,Ayon Fernando
Chilaw Marians Cricket Club,U Parakrama
Chilaw Marians Cricket Club,A Liyanaarachchi
Chilaw Marians Cricket Club,C Sandaru
Chilaw Marians Cricket Club,Sammu Ashan
Chilaw Marians Cricket Club,K Ravindu
Chilaw Marians Cricket Club,MA Widanapathirana
Chilaw Marians Cricket Club,M Hasanka
Chilaw Marians Cricket Club,KDV Vimukthi
Chilaw Marians Cricket Club,D Sanjeewa
Chilaw Marians Cricket Club,S Disanayaka
Chilaw Marians Cricket Club,RMRDG Rathnayake
Chilaw Marians Cricket Club,D Damsara
Chilaw Marians Cricket Club,Yashodha Lanka
Chilaw Marians Cricket Club,J Kaushal
Chilaw Marians Cricket Club,R Punchihewa
Chilaw Marians Cricket Club,UR Yasas
Chilaw Marians Cricket Club,K Nanayakkara
Chilaw Marians Cricket Club,S Waduge
Chilaw Marians Cricket Club,H Jayasundara
Chilaw Marians Cricket Club,WWWL Lakshan
Chilaw Marians Cricket Club,C Nimesh
Chilaw Marians Cricket Club,S Lakshan
Chilaw Marians Cricket Club,H Hettiarchchi
Chilaw Marians Cricket Club,GSNFG Jayasuriya
Chilaw Marians Cricket Club,T Amarasinghe
Chilaw Marians Cricket Club,C de Silva
Chilaw Marians Cricket Club,I Thimira
Chilaw Marians Cricket Club,NH Atharagalla
Chilaw Marians Cricket Club,AS Perera
Chilaw Marians Cricket Club,N Premaratne
Chilaw Marians Cricket Club,K Nirmana
Chilaw Marians Cricket Club,A Fernando
Isle of Man,D Jansen
Isle of Man,OJ Webster
Isle of Man,Joanne Hicks
Isle of Man,AM Killey
Isle of Man,E Miller
Isle of Man,R Webster
Isle of Man,JA Burrows
Isle of Man,J Pullen
Isle of Man,K Shnier
Isle of Man,G Ford
Isle of Man,L Ward
Isle of Man,C Hawke
Isle of Man,C Webster
Isle of Man,C Hartmann
Isle of Man,D Kniveton
Isle of Man,A van den Berg
Isle of Man,E Cleator
Isle of Man,K Carney
Isle of Man,C Liebenberg
Isle of Man,E Walker
Isle of Man,DJ Hawke
Isle of Man,N White
Isle of Man,G Newton
Isle of Man,A McAuley
Isle of Man,R Stones
Isle of Man,B Murtagh
Isle of Man,L Hornby-Wheeler
Isle of Man,ADL Stokoe
Isle of Man,C Smith
Isle of Man,S Barnett
Isle of Man,J Hicks
Isle of Man,F Martin
Isle of Man,S Mills
Isle of Man,R Overman
Isle of Man,S Hassall
Isle of Man,G Burrows
Isle of Man,P Littlejohns
Isle of Man,K Cawte
Isle of Man,MJ Ansell
Isle of Man,F Clarke
Isle of Man,JJ Griffin
Isle of Man,N Knights
Isle of Man,C Perry
Isle of Man,J Clough
Isle of Man,J Butler
Isle of Man,H McAleer
Isle of Man,L Moore
Isle of Man,L Barnett
Isle of Man,A Thorpe
Isle of Man,A Littlejohns
Isle of Man,D Murphy
Isle of Man,CJ Langford
Isle of Man,S Clarke
Isle of Man,C Henery
Isle of Man,C Crowe
Isle of Man,EF Beard
Galle Titans,MVT Fernando
Galle Titans,S de Livera
Galle Titans,A Dananjaya
Galle Titans,T Shamsi
Galle Titans,R Ngarava
Galle Titans,MD Shanaka
Galle Titans,GS Dinusha
Galle Titans,S Prasanna
Galle Titans,SMLD Samarakoon
Galle Titans,PBB Rajapaksa
Galle Titans,M Bhanuka
Galle Titans,SMA Priyanjan
Galle Titans,CJ Bowes
Galle Titans,CAK Rajitha
Galle Titans,L Croospulle
Galle Titans,Shakib Al Hasan
Galle Titans,TL Seifert
Galle Titans,S Daniel
Galle Titans,Liton Das
Galle Titans,Najibullah Zadran
Galle Titans,CBRLS Kumara
Uttarakhand,DK Sharma
Uttarakhand,Rohit Dangwal
Uttarakhand,Tanush Gusain
Uttarakhand,Pradeep Chamoli
Uttarakhand,AM Joshi
Uttarakhand,Swapnil Singh
Uttarakhand,NS Rathour
Uttarakhand,Girish Rauturi
Uttarakhand,Vijay Sharma
Uttarakhand,Sunny Kashyap
Uttarakhand,Bhiguraj Pathania
Uttarakhand,Karanveer Kaushal
Uttarakhand,Piyush Joshi
Uttarakhand,S Baliyan
Uttarakhand,Shivam Khurana
Uttarakhand,Harshit Bisht
Uttarakhand,SM Fallah
Uttarakhand,Mayank Mishra
Uttarakhand,R Bhatia
Uttarakhand,Vaibhav Singh Panwar
Uttarakhand,Himanshu Bisht
Uttarakhand,Nikhil Kohli
Uttarakhand,Gaurav Singh
Uttarakhand,D Dhapola
Uttarakhand,Md Nazim
Uttarakhand,Vaibhav Bhatt
Uttarakhand,Vijay Jethi
Uttarakhand,AP Tare
Uttarakhand,Jay Bista
Uttarakhand,Robin Bist
Uttarakhand,Dikshanshu Negi
Uttarakhand,Ankit Manori
Uttarakhand,Arya Sethi
Uttarakhand,Jiwanjot Singh
Uttarakhand,Rahil Shah
Uttarakhand,Deepesh Nainwal
Uttarakhand,Akash Madhwal
Uttarakhand,S Arora
Uttarakhand,TM Srivastava
Uttarakhand,Avneesh Sudha
Uttarakhand,Saurabh Rawat
Uttarakhand,Rajan Kumar
Uttarakhand,Agrim Tiwari
Uttarakhand,Kunal Chandela
Uttarakhand,Iqbal Abdulla
Uttarakhand,Sunny Rana
Khulna Tigers,Aamer Yamin
Khulna Tigers,Hasan Murad
Khulna Tigers,Robiul Haque
Khulna Tigers,A Balbirnie
Khulna Tigers,Al Islam
Khulna Tigers,Faheem Ashraf
Khulna Tigers,Imrul Kayes
Khulna Tigers,Tanvir Islam
Khulna Tigers,Akbar Ali
Khulna Tigers,Wahab Riaz
Khulna Tigers,Munim Shahriar
Khulna Tigers,Rony Talukdar
Khulna Tigers,M Deyal
Khulna Tigers,Nahid Rana
Khulna Tigers,Mahfuzur Rahman Rabby
Khulna Tigers,Habibur Rahman
Khulna Tigers,Shafiqul Islam
Khulna Tigers,PA van Meekeren
Khulna Tigers,Aamer Jamal
Khulna Tigers,Azam Khan
Khulna Tigers,Mohammad Wasim
Khulna Tigers,MD Shanaka
Khulna Tigers,Ruyel Miah
Khulna Tigers,JL Jaggesar
Khulna Tigers,S Prasanna
Khulna Tigers,HM Amla
Khulna Tigers,Ibrahim Zadran
Khulna Tigers,Sharjeel Khan
Khulna Tigers,Anamul Haque
Khulna Tigers,Sumon Khan
Khulna Tigers,Parvez Hossain Emon
Khulna Tigers,SO Hetmyer
Khulna Tigers,CAK Rajitha
Khulna Tigers,R Frylinck
Khulna Tigers,Hasan Mahmud
Khulna Tigers,L Wood
Khulna Tigers,Nabil Samad
Khulna Tigers,Sabbir Rahman
Khulna Tigers,RR Rossouw
Khulna Tigers,AD Hales
Khulna Tigers,Suhrawadi Shuvo
Khulna Tigers,Aminul Islam
Khulna Tigers,ADS Fletcher
Khulna Tigers,Tanzid Hasan
Khulna Tigers,Alauddin Babu
Khulna Tigers,Nahidul Islam
Khulna Tigers,Darwish Rasooli
Khulna Tigers,Abu Hider
Khulna Tigers,Nazmul Hossain Shanto
Khulna Tigers,Mahmudul Hasan Joy
Khulna Tigers,Arif Ahmed
Khulna Tigers,Sharifullah
Khulna Tigers,Shamsur Rahman
Khulna Tigers,Yasir Ali Chowdhury
Khulna Tigers,Farhad Reza
Khulna Tigers,WD Parnell
Khulna Tigers,Afif Hossain
Khulna Tigers,DP Sibley
Khulna Tigers,Shohidul Islam
Khulna Tigers,Mushfiqur Rahim
Khulna Tigers,Mohammad Saifuddin
Khulna Tigers,Mehedi Hasan Miraz
Khulna Tigers,Naveen-ul-Haq
Khulna Tigers,Saif Hassan
Khulna Tigers,AI Ross
Khulna Tigers,Khaled Ahmed
Khulna Tigers,JO Holder
Khulna Tigers,WG Bosisto
Khulna Tigers,Mohammad Naim
Khulna Tigers,Salman Irshad
Khulna Tigers,NLTC Perera
Khulna Tigers,Sikandar Raza
Khulna Tigers,SD Hope
Khulna Tigers,O Thomas
Khulna Tigers,Soumya Sarkar
Khulna Tigers,Mahidul Islam Ankon
Khulna Tigers,Mohammad Amir
Khulna Tigers,Amad Butt
Khulna Tigers,Jaker Ali
Khulna Tigers,Tamim Iqbal
Khulna Tigers,Kamrul Islam Rabbi
Khulna Tigers,Ziaur Rahman
Khulna Tigers,Rahmanullah Gurbaz
Khulna Tigers,Musfik Hasan
Khulna Tigers,E Lewis
Khulna Tigers,Mohammad Nawaz
Khulna Tigers,Rubel Hossain
Khulna Tigers,Nasum Ahmed
Khulna Tigers,Mukidul Islam
Khulna Tigers,Najibullah Zadran
Khulna Tigers,Shafiul Islam
Khulna Tigers,Mahedi Hasan
Western Storm,J Roberts
Western Storm,MJ Robbins
Western Storm,NAJ Wraith
Western Storm,N Harvey
Western Storm,C Nicholas
Western Storm,I Thomson
Western Storm,L Filer
Western Storm,RH Priest
Western Storm,C O'Keefe
Western Storm,KL George
Western Storm,J Hazell
Western Storm,E Geach
Western Storm,R Odgers
Western Storm,IPC Patel
Western Storm,Sophia Smale
Western Storm,DR Gibson
Western Storm,E Corney
Western Storm,FR Davies
Western Storm,GM Hennessy
Western Storm,Jess Hazell
Western Storm,ND Dattani
Western Storm,C Skelton
Western Storm,FC Wilson
Western Storm,S Hutchins
Western Storm,FMK Morris
Western Storm,KA Jones
Western Storm,O Prendergast
Western Storm,IECM Wong
Western Storm,SR Taylor
Western Storm,AJ Macleod
Western Storm,PC Graham
Western Storm,HC Knight
Western Storm,JM Dibble
Western Storm,HR Huddleston
Western Storm,EM Edgcombe
Western Storm,P Cleary
Western Storm,SB Odedra
Western Storm,A Griffiths
Western Storm,SN Luff
Western Storm,DB Sharma
Western Storm,LA Parfitt
Western Storm,B Gammon
Western Storm,S Mandhana
Western Storm,GL Lane
Western Storm,E Anderson
Western Storm,A Shrubsole
Western Storm,L Lee
Western Storm,N Holland
Western Storm,A Wellington
Kandy Warriors,DAS Gunaratne
Kandy Warriors,N Vimukthi
Kandy Warriors,S Colombage
Kandy Warriors,Shiraz Ahmed
Kandy Warriors,TJ Moores
Kandy Warriors,K Lewis
Kandy Warriors,R Powell
Kandy Warriors,Ahmed Shehzad
Kandy Warriors,RS Bopara
Kandy Warriors,DC Thomas
Kandy Warriors,M Bhanuka
Kandy Warriors,KIC Asalanka
Kandy Warriors,Al-Amin Hossain
Kandy Warriors,Tillakaratne Sampath
Kandy Warriors,Ishan Jayaratne
Kandy Warriors,PHKD Mendis
Kandy Warriors,AK Perera
Kandy Warriors,CBRLS Kumara
Kandy Warriors,B Fernando
Gambia,Andre Jarju
Gambia,ML Bojang
Gambia,P Campbell
Gambia,A Conteh
Gambia,J Badjan
Gambia,F Campbell
Gambia,AM Rajpurohit
Gambia,Muhammed Manga
Gambia,P Faye
Gambia,Basiru Jaye
Gambia,F Thorpe
Gambia,Abubacarr Kuyateh
Gambia,O Touray
Gambia,M Dumbuya
Gambia,M Jobarteh
Gambia,Ismaila Tanba
Gambia,Mustapha Suwareh
Gambia,M Camara
Gambia,Ousman Bah
Gambia,G Riley
Gambia,Asim Ashraf
Gambia,Shan Siddiqui
Gambia,N Cherry
Gambia,B Jaye
Luxembourg,WJ Cope
Luxembourg,A Halbhavi
Luxembourg,M Cope
Luxembourg,A Nanda
Luxembourg,Atif Kamal
Luxembourg,M Dixit
Luxembourg,Khusboo Kandpal
Luxembourg,T Martin
Luxembourg,S Vats
Luxembourg,A Trivedi
Luxembourg,TC Barker
Luxembourg,Milad Momend
Luxembourg,PN Agarwal
Luxembourg,Mounica Chowdary
Luxembourg,R Vishwanath
Luxembourg,J Pant
Luxembourg,J Mees
Luxembourg,S Browne
Luxembourg,Sareer Shah
Luxembourg,E Jabarkhel
Luxembourg,Aanand Pandey
Luxembourg,Benjamin Embleton
Luxembourg,S Kushretha
Luxembourg,Anoop Orsu
Luxembourg,A Bhadauria
Luxembourg,Aarti Priya
Luxembourg,Shivani Sati
Luxembourg,P Neighbour
Luxembourg,A Manepalli
Luxembourg,V Vijh
Luxembourg,J Barker
Luxembourg,G Venkateswaran
Luxembourg,Divya Kandpal
Luxembourg,FC Ellingworth
Luxembourg,Vivek Dixit
Luxembourg,E Gebhard
Luxembourg,Jagrat Dubey
Luxembourg,GEM Brealey
Luxembourg,Mayank Nagayach
Luxembourg,T Whiteman
Luxembourg,P Malav
Luxembourg,Kamal Soukhiya
Luxembourg,R Heyns
Luxembourg,SH Lawlor
Luxembourg,Navneet Bamrah
Luxembourg,A Dhingra
Luxembourg,SKS Gill
Luxembourg,H Virdee
Luxembourg,Kerry Fraser
St Lucia Stars,Mohammad Sami
St Lucia Stars,OF Smith
St Lucia Stars,LMP Simmons
St Lucia Stars,TK Patel
St Lucia Stars,ADS Fletcher
St Lucia Stars,KAR Hodge
St Lucia Stars,DJG Sammy
St Lucia Stars,E Leie
St Lucia Stars,JD Ryder
St Lucia Stars,DA Warner
St Lucia Stars,KA Pollard
St Lucia Stars,OC McCoy
St Lucia Stars,MS Chapman
St Lucia Stars,SR Watson
St Lucia Stars,MJ McClenaghan
St Lucia Stars,JE Taylor
St Lucia Stars,Qais Ahmad
St Lucia Stars,RRS Cornwall
St Lucia Stars,C Lamont
St Lucia Stars,SW Ambris
St Lucia Stars,KOK Williams
St Lucia Stars,KR Mayers
St Lucia Stars,S Shillingford
St Lucia Stars,Kamran Akmal
St Lucia Stars,J Charles
St Lucia Stars,MN Samuels
St Lucia Stars,C Hemraj
Lightning,KE Bryce
Lightning,M Kelly
Lightning,B Ellis
Lightning,LG Kellogg
Lightning,AD Presland
Lightning,LF Higham
Lightning,GM Davies
Lightning,AJ Freeborn
Lightning,Y Graves
Lightning,E Claridge
Lightning,T Graves
Lightning,B Harmer
Lightning,J Groves
Lightning,S Pai
Lightning,SJ Bryce
Lightning,RA Fackrell
Lightning,P Cleary
Lightning,N Harman
Lightning,TT Beaumont
Lightning,GEB Boyce
Lightning,G Ballinger
Lightning,SB Odedra
Lightning,E Windsor
Lightning,KL Gordon
Lightning,ML Kirk
Lightning,S Munro
Lightning,Ilenia Sims
Central Sparks,E Jones
Central Sparks,EA Burns
Central Sparks,HL Baker
Central Sparks,ML Green
Central Sparks,M Kelly
Central Sparks,C Pavely
Central Sparks,AE Jones
Central Sparks,B Ellis
Central Sparks,KL George
Central Sparks,G Potts
Central Sparks,EA Russell
Central Sparks,GM Davies
Central Sparks,H Hardwick
Central Sparks,M Home
Central Sparks,AJ Freeborn
Central Sparks,C Brewer
Central Sparks,TF Brookes
Central Sparks,GA Basketter
Central Sparks,P Davies
Central Sparks,IECM Wong
Central Sparks,S Butler
Central Sparks,RA Fackrell
Central Sparks,D Perrin
Central Sparks,GK Davis
Central Sparks,CK Boycott
Central Sparks,EL Arlott
Central Sparks,S Glenn
Central Sparks,CAE Hill
Central Sparks,M Austin
Central Sparks,E Anderson
Central Sparks,A Campbell
Central Sparks,A Patel
Central Sparks,C Webb
Victoria,CP Tremain
Victoria,WJ Pucovski
Victoria,MW Harvey
Victoria,XA Crone
Victoria,SB Harper
Victoria,D Warren
Victoria,F O'Neill
Victoria,RJ Quiney
Victoria,T Murphy
Victoria,OJ Peake
Victoria,JL Pattinson
Victoria,Z Evans
Victoria,AP Chandrasinghe
Victoria,TF Rogers
Victoria,JA Prestwidge
Victoria,CL White
Victoria,TJ Dean
Victoria,W Sutherland
Victoria,J Brown
Victoria,MW Short
Victoria,J Merlo
Victoria,BD Macdonald
Victoria,W Parker
Victoria,C Stow
Victoria,EM Vines
Victoria,C Kellaway
Victoria,PM Siddle
Victoria,JM Holland
Victoria,SE Gotch
Victoria,DT Christian
Victoria,J Seymour
Victoria,MS Harris
Victoria,SM Elliott
Victoria,M Perry
Victoria,BL Couch
Victoria,SM Boland
Victoria,GJ Maxwell
Victoria,DJ Brasher
Victoria,HTRY Thornton
Victoria,DJM Moody
Victoria,AJ Finch
Victoria,AL Fekete
Victoria,J Fraser-McGurk
Victoria,HT Dixon
Victoria,NJ Maddinson
Victoria,TJ O'Donnell
Victoria,A Anlezark
Victoria,PSP Handscomb
Victoria,Fawad Ahmed
Victoria,CL McClure
Victoria,RP Kellepotha
San Francisco Unicorns,Hassan Khan
San Francisco Unicorns,Shadab Khan
San Francisco Unicorns,XC Bartlett
San Francisco Unicorns,C le Roux
San Francisco Unicorns,R Shepherd
San Francisco Unicorns,JP Inglis
San Francisco Unicorns,PJ Cummins
San Francisco Unicorns,LE Plunkett
San Francisco Unicorns,K Gore
San Francisco Unicorns,MS Wade
San Francisco Unicorns,Tajinder Singh
San Francisco Unicorns,BG Lister
San Francisco Unicorns,FH Allen
San Francisco Unicorns,MW Short
San Francisco Unicorns,CJ Anderson
San Francisco Unicorns,SE Rutherford
San Francisco Unicorns,SP Krishnamurthi
San Francisco Unicorns,Haris Rauf
San Francisco Unicorns,Abrar Ahmed
San Francisco Unicorns,BL Couch
San Francisco Unicorns,Chaitanya Bishnoi
San Francisco Unicorns,JN Hamilton
San Francisco Unicorns,J Drysdale
San Francisco Unicorns,MJ Henry
San Francisco Unicorns,AJ Finch
San Francisco Unicorns,Hammad Azam
San Francisco Unicorns,J Fraser-McGurk
San Francisco Unicorns,TL Seifert
San Francisco Unicorns,C Connolly
San Francisco Unicorns,MP Stoinis
Washington Freedom,GD Phillips
Washington Freedom,MW Forde
Washington Freedom,AJ Tye
Washington Freedom,MR Adair
Washington Freedom,Mukhtar Ahmed
Washington Freedom,AA Paradkar
Washington Freedom,BKEL Milantha
Washington Freedom,JG Dill
Washington Freedom,MJ Owen
Washington Freedom,DL Piedt
Washington Freedom,MA Aponso
Washington Freedom,MS Chapman
Washington Freedom,SPD Smith
Washington Freedom,R Ravindra
Washington Freedom,AJ Hosein
Washington Freedom,MW Short
Washington Freedom,MC Henriques
Washington Freedom,A Nortje
Washington Freedom,Yasir Mohammad
Washington Freedom,J Edwards
Washington Freedom,Jasdeep Singh
Washington Freedom,AJ Pienaar
Washington Freedom,TM Head
Washington Freedom,GJ Maxwell
Washington Freedom,AGS Gous
Washington Freedom,M Jansen
Washington Freedom,SN Netravalkar
Washington Freedom,IG Holland
Washington Freedom,LH Ferguson
Washington Freedom,BV Sears
Dambulla Giants,YSD Seneveratne
Dambulla Giants,C Karunaratne
Dambulla Giants,J Little
Dambulla Giants,Sohaib Maqsood
Dambulla Giants,N Dickwella
Dambulla Giants,MD Shanaka
Dambulla Giants,DS Weerakkody
Dambulla Giants,M de Lange
Dambulla Giants,N Pradeep
Dambulla Giants,MNK Fernando
Dambulla Giants,SMLD Samarakoon
Dambulla Giants,LU Igalagamage
Dambulla Giants,EMDY Munaweera
Dambulla Giants,RTM Mendis
Dambulla Giants,Imran Tahir
Dambulla Giants,PD Salt
Dambulla Giants,KTH Ratnayake
Dambulla Giants,S Jayathilake
Dambulla Giants,J Liyanage
Dambulla Giants,Najibullah Zadran
Fiji,PV Vuniwaqa
Fiji,L Samani
Fiji,R Muriyalo
Fiji,P Dakainivanua
Fiji,DS Maraiwai
Fiji,SM Tupou
Fiji,J Cama
Fiji,C Veretaki
Fiji,MB Gauna
Fiji,M Rodan
Fiji,L Rika
Fiji,KV Vakuruivalu
Fiji,MSC Erasito
Fiji,AISD Kainoco
Fiji,J Rokoro
Fiji,V Manakiwai
Fiji,S Draunivudi
Fiji,S Weleilakeba
Fiji,J Kida
Fiji,T Tavo
Fiji,JMV Junior
Fiji,JQK Moala
Fiji,A Sokovagone
Fiji,M Ratuki
Fiji,T Talemaitoga
Fiji,AK Gonerara
Fiji,KSB Tavo
Fiji,LE Lomani
Fiji,M Vua
Fiji,S Tabuisulu
Fiji,Kunaal Kumar
Fiji,J Batinibulu
Fiji,S Ravoka
Fiji,S Tuitoga
Fiji,S Sigaiwasa
Fiji,P Cabebula
Fiji,T Saville
Fiji,M Tilau
Fiji,M Biu
Fiji,J Baleicikoibia
Fiji,S Delai
Fiji,KM Amoe
Fiji,S Dokosobau
Fiji,A Tagilala
Fiji,Riyad Khan
Fiji,DR Tawake
Fiji,L Vuadreu
Fiji,R Lesuma
Fiji,A Levaci
Fiji,Kau Qalo
Fiji,M Vuruna
Fiji,S Lomani
Fiji,V Yabaki
Fiji,E Laini
Fiji,V Manakitoga
Fiji,M Beitaki
Fiji,ST Yalimaiwai
Fiji,TS Waqavakatoga
Fiji,S Vuni
Fiji,N Acawei
Fiji,AR Poulter
Fiji,Imran Khan
Fiji,JF Rika
Fiji,AZ Shah
Fiji,J Veikauyaki
Fiji,I Waqavakatoga
Fiji,MT Waqanisau
Fiji,J Valenikuila
Fiji,S Kijiana
Fiji,G Smith
Fiji,P Kotoisuva
Fiji,W Ofamoli
Fiji,L Vua
Fiji,S Lote
Thunder,DL Collins
Thunder,E Jones
Thunder,G Voll
Thunder,Olivia Thomas
Thunder,L Delany
Thunder,L Marshall
Thunder,S Morris
Thunder,KM Mack
Thunder,L Heap
Thunder,TG Norris
Thunder,KL Cross
Thunder,AE Dyson
Thunder,ND Dattani
Thunder,EL Lamb
Thunder,M Gaur
Thunder,E Threlkeld
Thunder,S Smale
Thunder,FMK Morris
Thunder,DJS Dottin
Thunder,O Bell
Thunder,PC Graham
Thunder,D Mullan
Thunder,S Pai
Thunder,S Butler
Thunder,GM Johnson
Thunder,L Jackson
Thunder,HE Jones
Thunder,A Hartley
Thunder,GEB Boyce
Thunder,P Cleary
Thunder,N Brown
Thunder,R Duckworth
Thunder,A Clarke
Thunder,A Lister
Thunder,DEM Carter
Thunder,S Ecclestone
Thunder,S Turner
Cumilla Warriors,MD Shanaka
Cumilla Warriors,Robiul Islam Robi
Cumilla Warriors,DJ Malan
Cumilla Warriors,Yasir Ali Chowdhury
Cumilla Warriors,Al-Amin Hossain
Cumilla Warriors,Sumon Khan
Cumilla Warriors,Abu Hider
Cumilla Warriors,S van Zyl
Cumilla Warriors,Ifran Hossain
Cumilla Warriors,Sabbir Rahman
Cumilla Warriors,Mujeeb Ur Rahman
Cumilla Warriors,WU Tharanga
Cumilla Warriors,Soumya Sarkar
Cumilla Warriors,Mahidul Islam Ankon
Cumilla Warriors,D Wiese
Cumilla Warriors,PBB Rajapaksa
Cumilla Warriors,Sunzamul Islam
Cumilla Warriors,Fardeen Hasan
Galle Marvels,N Dickwella
Galle Marvels,AD Hales
Galle Marvels,SSD Arachchige
Galle Marvels,TL Seifert
Galle Marvels,NGRP Jayasuriya
Galle Marvels,M Tharupathi
Galle Marvels,S Rajapaksa
Galle Marvels,J Liyanage
Galle Marvels,I Udana
Galle Marvels,JDF Vandersay
Galle Marvels,D Pretorius
Galle Marvels,M Theekshana
Galle Marvels,PBB Rajapaksa
Galle Marvels,Zahoor Khan
Galle Marvels,K Nadeeshan
Paarl Royals,E Jones
Paarl Royals,SR Hain
Paarl Royals,Dayyaan Galiem
Paarl Royals,JE Root
Paarl Royals,C Bosch
Paarl Royals,BC Fortuin
Paarl Royals,EJG Morgan
Paarl Royals,Sikandar Raza
Paarl Royals,GC Viljoen
Paarl Royals,DN Wellalage
Paarl Royals,M Van Buuren
Paarl Royals,T Shamsi
Paarl Royals,Waqar Salamkheil
Paarl Royals,R Powell
Paarl Royals,OEG Baartman
Paarl Royals,MJ Owen
Paarl Royals,DJ Vilas
Paarl Royals,OC McCoy
Paarl Royals,LG Pretorius
Paarl Royals,K Lion-Cachet
Paarl Royals,AM Tribe
Paarl Royals,KT Maphaka
Paarl Royals,PR Stirling
Paarl Royals,Mujeeb Ur Rahman
Paarl Royals,JJ Roy
Paarl Royals,DA Miller
Paarl Royals,AL Phehlukwayo
Paarl Royals,KJ Dudgeon
Paarl Royals,E Malinga
Paarl Royals,JA Turner
Paarl Royals,D Potgieter
Paarl Royals,KD Karthik
Paarl Royals,D Marais
Paarl Royals,FD Adams
Paarl Royals,WJ Lubbe
Paarl Royals,K Verreynne
Paarl Royals,N Peter
Paarl Royals,FA Allen
Paarl Royals,VS Halambage
Paarl Royals,I Manack
Paarl Royals,RR Simmonds
Paarl Royals,JC Buttler
Paarl Royals,RA Herman
Paarl Royals,Codi Yusuf
Paarl Royals,L Ngidi
Paarl Royals,DW Lawrence
Paarl Royals,N Mokoena
Andhra,Bandaru Ayyappa
Andhra,M Pranith
Andhra,GH Vihari
Andhra,S Ashish
Andhra,SK Ismail
Andhra,K V Sasikanth
Andhra,Girinath Reddy
Andhra,Y Prithvi Raj
Andhra,BA Bhatt
Andhra,K Saiteja
Andhra,Lalith Mohan
Andhra,Cheepurapalli Stephen
Andhra,Lekhaz Reddy
Andhra,Ajay Kumar
Andhra,Karthik Raman
Andhra,SK Rasheed
Andhra,Ashwin Hebbar
Andhra,Jyothi Sai Krishna
Andhra,Dasari Swaroop Kumar
Andhra,Nithish Kumar Reddy
Andhra,Ahitesh Varma
Andhra,Prashanth Kumar
Andhra,Sirla Srinivas
Andhra,Koripalli Sreekanth
Andhra,Karan Shinde
Andhra,KS Bharat
Andhra,D Siva Kumar
Andhra,RK Bhui
Andhra,AM Reddy
Andhra,Shoaib Mohammed Khan
Andhra,AT Rayudu
Andhra,Chintapalli Kranthi Kumar
Andhra,KV Sharma
Andhra,S Akhil
Andhra,T Vijay
Andhra,Y Sandeep
Andhra,Manish Golamaru
Andhra,DB Ravi Teja
Andhra,Bodavarapu Sudhakar
Andhra,Harishankar Reddy
Andhra,Pinninit Tapaswi
Andhra,A G Pradeep
Andhra,M Dheeraj Kumar
Andhra,Naren Reddy
Costa Rica,WM Delgado
Costa Rica,A Cespedes
Costa Rica,SB Martinez
Costa Rica,MPA Miranda
Costa Rica,AS Alvarez
Costa Rica,D Ganesh
Costa Rica,JR Lucky
Costa Rica,YC Latouche
Costa Rica,G Murali
Costa Rica,SRE Lara
Costa Rica,J Cutinho
Costa Rica,OF Rios
Costa Rica,MJV Villalobos
Costa Rica,T Amresh
Costa Rica,S Ravikumar
Costa Rica,EFB Estrada
Costa Rica,PV Naringrekar
Costa Rica,RR Saun
Costa Rica,ARH Patel
Costa Rica,S Wankhade
Costa Rica,JM Obando
Costa Rica,AB Martinez
Costa Rica,JC Molina
Costa Rica,YT Lewis
Costa Rica,S Kommula
Costa Rica,SU Halarnkar
Costa Rica,K Shivam
Costa Rica,ADP Diaz
Costa Rica,TV Badri Narayanan
Costa Rica,IL Parks
Costa Rica,S Murari
Costa Rica,S Pillai
Costa Rica,Ashar Abbas
Costa Rica,KO Altamirano
Costa Rica,G Singhdeo
Costa Rica,D Rawat
Costa Rica,YJC Altamirano
Costa Rica,DG Perez
Costa Rica,YP Molina
Costa Rica,O Sam Arthur
Costa Rica,APS Sanchez
Costa Rica,Imran Ahmed Kaneez
Velocity,SD Bahadur
Velocity,Manali Dakshini
Velocity,DN Wyatt
Velocity,YH Bhatia
Velocity,L Wolvaardt
Velocity,M Raj
Velocity,S Luus
Velocity,A Khaka
Velocity,KL Cross
Velocity,LM Kasperek
Velocity,V Krishnamurthy
Velocity,MD Sonawane
Velocity,DP Vaidya
Velocity,AC Kerr
Velocity,Shafali Verma
Velocity,S Pandey
Velocity,S Rana
Velocity,HK Matthews
Velocity,Jahanara Alam
Velocity,SD Pradhan
Velocity,Komal Zanzad
Velocity,DB Sharma
Velocity,RP Yadav
Velocity,N Chantam
Velocity,S Verma
Velocity,E Bisht
Velocity,KP Navgire
Trailblazers,NM Parween
Trailblazers,D Hazell
Trailblazers,Salma Khatun
Trailblazers,RM Ghosh
Trailblazers,BS Fulmali
Trailblazers,SC Selman
Trailblazers,Renuka Singh
Trailblazers,SW Bates
Trailblazers,A Reddy
Trailblazers,JI Rodrigues
Trailblazers,D Hemalatha
Trailblazers,BL Mooney
Trailblazers,Sharmin Akhter
Trailblazers,Poonam Yadav
Trailblazers,DJS Dottin
Trailblazers,SR Taylor
Trailblazers,S Pandey
Trailblazers,RS Gayakwad
Trailblazers,H Deol
Trailblazers,HK Matthews
Trailblazers,S Meghana
Trailblazers,RV Kalpana
Trailblazers,DB Sharma
Trailblazers,AJ Healy
Trailblazers,S Mandhana
Trailblazers,LMM Tahuhu
Trailblazers,N Chantam
Trailblazers,SIR Dunkley
Trailblazers,J Goswami
Trailblazers,S Ecclestone
Trailblazers,E Bisht
Rajshahi Royals,Mohammad Irfan
Rajshahi Royals,AD Russell
Rajshahi Royals,Farhad Reza
Rajshahi Royals,Irfan Sukkur
Rajshahi Royals,Alok Kapali
Rajshahi Royals,Abu Jayed
Rajshahi Royals,Liton Das
Rajshahi Royals,Hazratullah
Rajshahi Royals,Shoaib Malik
Rajshahi Royals,Minhajul Abedin Afridi
Rajshahi Royals,RS Bopara
Rajshahi Royals,Kamrul Islam Rabbi
Rajshahi Royals,Taijul Islam
Rajshahi Royals,Afif Hossain
Rajshahi Royals,Mohammad Nawaz
Rajshahi Royals,Nahidul Islam
Tshwane Spartans,RK Kleinveldt
Tshwane Spartans,PWA Mulder
Tshwane Spartans,C Bosch
Tshwane Spartans,SC Williams
Tshwane Spartans,EJG Morgan
Tshwane Spartans,Sikandar Raza
Tshwane Spartans,D Elgar
Tshwane Spartans,RE van der Merwe
Tshwane Spartans,Waqar Salamkheil
Tshwane Spartans,L Sipamla
Tshwane Spartans,PJ van Biljon
Tshwane Spartans,D Wiese
Tshwane Spartans,TB de Bruyn
Tshwane Spartans,M Morkel
Tshwane Spartans,ACR Birch
Tshwane Spartans,H Klaasen
Tshwane Spartans,T de Zorzi
Tshwane Spartans,TK Curran
Tshwane Spartans,S von Berg
Tshwane Spartans,GL Cloete
Tshwane Spartans,EL Hawken
Tshwane Spartans,AB de Villiers
Tshwane Spartans,R Frylinck
Tshwane Spartans,BMAJ Mendis
Tshwane Spartans,I Manack
Tshwane Spartans,D Ferreira
Tshwane Spartans,L Ngidi
Tshwane Spartans,VB van Jaarsveld
Tshwane Spartans,AP Agathangelou
Tshwane Spartans,RR Rossouw
Nelson Mandela Bay Giants,JT Smuts
Nelson Mandela Bay Giants,SSB Magala
Nelson Mandela Bay Giants,BM Duckett
Nelson Mandela Bay Giants,D Matthews
Nelson Mandela Bay Giants,C le Roux
Nelson Mandela Bay Giants,RN ten Doeschate
Nelson Mandela Bay Giants,CH Morris
Nelson Mandela Bay Giants,HG Kuhn
Nelson Mandela Bay Giants,N Burger
Nelson Mandela Bay Giants,C Jonker
Nelson Mandela Bay Giants,O Nyaku
Nelson Mandela Bay Giants,CJ Dala
Nelson Mandela Bay Giants,JJ Roy
Nelson Mandela Bay Giants,RS Second
Nelson Mandela Bay Giants,R McLaren
Nelson Mandela Bay Giants,GM Thomson
Nelson Mandela Bay Giants,BE Hendricks
Nelson Mandela Bay Giants,MP Breetzke
Nelson Mandela Bay Giants,Imran Tahir
Nelson Mandela Bay Giants,F Behardien
Nelson Mandela Bay Giants,LB Williams
Nelson Mandela Bay Giants,WJ Lubbe
Nelson Mandela Bay Giants,BR Dunk
Nelson Mandela Bay Giants,M Marais
Nelson Mandela Bay Giants,M Nabe
Nelson Mandela Bay Giants,A Mnyaka
Nelson Mandela Bay Giants,AM Phangiso
Gujarat Lions,S Ladda
Gujarat Lions,Basil Thampi
Gujarat Lions,PV Tambe
Gujarat Lions,SK Raina
Gujarat Lions,AJ Tye
Gujarat Lions,ER Dwivedi
Gujarat Lions,NB Singh
Gujarat Lions,S Kaushik
Gujarat Lions,DW Steyn
Gujarat Lions,SB Jakati
Gujarat Lions,JJ Roy
Gujarat Lions,AD Nath
Gujarat Lions,PJ Sangwan
Gujarat Lions,KD Karthik
Gujarat Lions,DR Smith
Gujarat Lions,Tejas Baroka
Gujarat Lions,IK Pathan
Gujarat Lions,JP Faulkner
Gujarat Lions,P Kumar
Gujarat Lions,DJ Bravo
Gujarat Lions,AJ Finch
Gujarat Lions,SS Agarwal
Gujarat Lions,Ishan Kishan
Gujarat Lions,Ankit Soni
Gujarat Lions,BB McCullum
Gujarat Lions,RA Jadeja
Gujarat Lions,DS Kulkarni
Gujarat Lions,MS Gony
Gujarat Lions,MM Patel
Duronto Rajshahi,Mohammad Sami
Duronto Rajshahi,Abul Hasan
Duronto Rajshahi,I Udana
Duronto Rajshahi,Mizanur Rahman
Duronto Rajshahi,Soumya Sarkar
Duronto Rajshahi,Monir Hossain
Duronto Rajshahi,Naeem Islam
Duronto Rajshahi,Rizwan Cheema
Duronto Rajshahi,CK Coventry
Duronto Rajshahi,Tamim Iqbal
Duronto Rajshahi,Muktar Ali
Duronto Rajshahi,Ziaur Rahman
Duronto Rajshahi,Shahzaib Hasan
Duronto Rajshahi,CK Kapugedera
Duronto Rajshahi,Fawad Alam
Duronto Rajshahi,Khalid Latif
Duronto Rajshahi,EMDY Munaweera
Duronto Rajshahi,Farhad Hossain
Duronto Rajshahi,Syed Rasel
Duronto Rajshahi,BM Edmondson
Duronto Rajshahi,Junaid Siddique
Duronto Rajshahi,Naeem Islam Jr.
Duronto Rajshahi,SM Ervine
Duronto Rajshahi,Taijul Islam
Duronto Rajshahi,SM Katich
Duronto Rajshahi,MM Ali
Duronto Rajshahi,Saqlain Sajib
Duronto Rajshahi,Mushfiqur Rahim
Duronto Rajshahi,Qaisar Abbas
Duronto Rajshahi,Jahurul Islam
Duronto Rajshahi,Sabbir Rahman
Duronto Rajshahi,Abdul Razzaq
Duronto Rajshahi,MN Samuels
Khulna Royal Bengals,AD Russell
Khulna Royal Bengals,NJ O'Brien
Khulna Royal Bengals,HH Gibbs
Khulna Royal Bengals,Mizanur Rahman
Khulna Royal Bengals,Samiullah Shenwari
Khulna Royal Bengals,Abdur Razzak
Khulna Royal Bengals,Shahadat Hossain
Khulna Royal Bengals,Nasir Hossain
Khulna Royal Bengals,AR Adams
Khulna Royal Bengals,K Santokie
Khulna Royal Bengals,Saghir Hossain
Khulna Royal Bengals,Shahriar Nafees
Khulna Royal Bengals,Noor Hossain
Khulna Royal Bengals,MH Wessels
Khulna Royal Bengals,Asif Ahmed
Khulna Royal Bengals,Mohammad Mithun
Khulna Royal Bengals,Sunzamul Islam
Khulna Royal Bengals,Farhad Reza
Khulna Royal Bengals,TR Birt
Khulna Royal Bengals,DR Smith
Khulna Royal Bengals,ST Jayasuriya
Khulna Royal Bengals,Nazimuddin
Khulna Royal Bengals,S Badree
Khulna Royal Bengals,J Mubarak
Khulna Royal Bengals,Shakib Al Hasan
Khulna Royal Bengals,Nazmul Hossain Milon
Khulna Royal Bengals,Dolar Mahmud
Khulna Royal Bengals,Nabil Samad
Khulna Royal Bengals,DJ Harris
Khulna Royal Bengals,Marshall Ayub
Khulna Royal Bengals,Shapoor Zadran
Khulna Royal Bengals,Shafiul Islam
Khulna Royal Bengals,S Chanderpaul
Khulna Royal Bengals,L Vincent
UP Warriorz,S Sehrawat
UP Warriorz,Simran Shaikh
UP Warriorz,G Voll
UP Warriorz,CR Knott
UP Warriorz,AC Jayangani
UP Warriorz,A King
UP Warriorz,AE Jones
UP Warriorz,PG Chopra
UP Warriorz,CA Henry
UP Warriorz,K Anjali Sarvani
UP Warriorz,SZ Thakor
UP Warriorz,SV Yashasri
UP Warriorz,U Chetry
UP Warriorz,S Ismail
UP Warriorz,PN Khemnar
UP Warriorz,SR Giri
UP Warriorz,P Litchfield
UP Warriorz,DP Vaidya
UP Warriorz,DJS Dottin
UP Warriorz,S Asha
UP Warriorz,S Pandey
UP Warriorz,RS Gayakwad
UP Warriorz,H Deol
UP Warriorz,GM Harris
UP Warriorz,D Vrinda
UP Warriorz,K Goud
UP Warriorz,G Sultana
UP Warriorz,DB Sharma
UP Warriorz,MM Lanning
UP Warriorz,TM McGrath
UP Warriorz,AJ Healy
UP Warriorz,CL Tryon
UP Warriorz,S Ecclestone
UP Warriorz,KP Navgire
Meghalaya,R Sanjay Yadav
Meghalaya,Y Nagar
Meghalaya,Rajesh Tati
Meghalaya,Gurinder Singh
Meghalaya,Chengkam Sangma
Meghalaya,Amiangshu Sen
Meghalaya,SB Kurkalang
Meghalaya,Rohit Shah
Meghalaya,Himan Phukan
Meghalaya,Larry Sangma
Meghalaya,W Nongkhlaw
Meghalaya,Kishan Lyngdoh
Meghalaya,BB Dey
Meghalaya,Akash Choudhary
Meghalaya,Anish Charak
Meghalaya,Yogesh Tiwari
Meghalaya,Punit Bisht
Meghalaya,RD Hynniewta
Meghalaya,L Chetri
Meghalaya,A Singhania
Meghalaya,Swarajeet Das
Meghalaya,DB Ravi Teja
Meghalaya,MR Shylla
Meghalaya,ABB Sangma
Meghalaya,Mark Ingty
Meghalaya,Chirag Khurana
Meghalaya,Nakul Verma
Meghalaya,S Mylliempdah
Meghalaya,RB Bishnoi Jr
Meghalaya,RR Biswa
Meghalaya,Lakhan Singh
Meghalaya,Abhay Negi
Meghalaya,Kilco R Marak
Meghalaya,JJ Lamare
Meghalaya,Neetesh Sharma
Meghalaya,Ram Gurung
Meghalaya,Dippu Sangma
Dambulla Aura,PM Liyanagamage
Dambulla Aura,MW Forde
Dambulla Aura,Sikandar Raza
Dambulla Aura,TB Abell
Dambulla Aura,H Kerr
Dambulla Aura,MADI Hemantha
Dambulla Aura,Noor Ahmad
Dambulla Aura,LEK Edirisinghe
Dambulla Aura,MD Shanaka
Dambulla Aura,PC de Silva
Dambulla Aura,BKG Mendis
Dambulla Aura,DS Thilakaratne
Dambulla Aura,P Jayawickrama
Dambulla Aura,BR McDermott
Dambulla Aura,WIA Fernando
Dambulla Aura,LD Madushanka
Dambulla Aura,PBB Rajapaksa
Dambulla Aura,Hasan Ali
Dambulla Aura,S Samarawickrama
Dambulla Aura,PA van Meekeren
Dambulla Aura,RTM Mendis
Dambulla Aura,KKV Perera
Dambulla Aura,RS Fernando
Dambulla Aura,KTH Ratnayake
Dambulla Aura,C Wickramasinghe
Dambulla Aura,L Croospulle
Dambulla Aura,S Jayathilake
Dambulla Aura,S Daniel
Dambulla Aura,MDKJ Perera
Dambulla Aura,J Liyanage
Dambulla Aura,AI Ross
Dambulla Aura,CBRLS Kumara
Dambulla Aura,JM Cox
Dambulla Aura,B Fernando
Dambulla Aura,Shahnawaz Dhani
Dambulla Aura,DM de Silva
Turkey,Shamsullah Ehsan
Turkey,Murat Yilmaz
Turkey,K Canavarci
Turkey,Suzan Turan
Turkey,BC Sahin
Turkey,Abdullah Khan Lodhi
Turkey,Mustafa Balkis
Turkey,H Kavasoglu
Turkey,Cihan Altun
Turkey,R Nath
Turkey,T Ulutuna
Turkey,Ilyas Ataullah
Turkey,E Kuyumcu
Turkey,Ezgi Nur Kilic
Turkey,Serdar Burak Emir
Turkey,HO Karaduman
Turkey,Muhammed Turkmen
Turkey,D Tekyildirim
Turkey,E Yaver
Turkey,Murat Ipek
Turkey,ZB Ender
Turkey,Ilyas Cetin
Turkey,I Elec
Turkey,GG Alta
Turkey,Muhammad Fahad
Turkey,H Okcu
Turkey,M Bayram
Turkey,H Celik
Turkey,S Yildirim
Turkey,M Ozturk
Turkey,S Ozkunduz
Turkey,YP Karadogan
Turkey,T Turan
Turkey,G Cengiz
Turkey,D Mutu
Turkey,Ibrahim Altinoluk
Turkey,Hasan Yanar
Turkey,B Taylan
Turkey,Rumeysa Alp
Turkey,A Turkmen
Turkey,Rabia Sahan
Turkey,M Sert
Turkey,R Cenik
Turkey,Mustafa Atmaca
Turkey,G Keles
Turkey,G Ayan
Turkey,Zafer Durmaz
Turkey,Hasan Cakir
Turkey,Ibrahim Kursad Dalyan
Turkey,C Bayraktar
Turkey,Z Akpinar
Turkey,Muhammet Kursat
Turkey,O Essiz
Turkey,Muhammet Bicer
Greece,A Manousis
Greece,N Dolianiti
Greece,A Manatos
Greece,S Siriotis
Greece,ST Varzakakou
Greece,ES Grammenou
Greece,AS Mehmi
Greece,A Kourkoulou
Greece,C Kanta
Greece,T Parisi-mesimeri
Greece,N Katechis
Greece,A Argyropoulou
Greece,M Polimeri
Greece,T Zotos
Greece,Muhammad Tahir
Greece,K Tereza
Greece,GC Galanis
Greece,A Gasteratos
Greece,T Skordili
Greece,P Magafas
Greece,Alexandros Karvelas
Greece,V Moulinou
Greece,E Tzanavari
Greece,S Georgota
Greece,S Bogdos
Greece,Ali Abdulla Popalzae
Greece,M Tornarou
Greece,A Gisdaki
Greece,Arsalan Ahmed
Greece,M Syrioti
Greece,E Kallous
Greece,A Savvani
Greece,S Gasteratos
Greece,NM Vitsou
Greece,Samader Shadab
Greece,T Koula
Greece,C Bogdanos
Greece,I Bardis
Greece,Sajid Khan Afridi
Greece,N Mourikis
Greece,Aslam Mohammad
Greece,Maria Penna
Greece,A Makri
Greece,Asrar Ahmed
Greece,Sinan Khan
Greece,S Vasilakis
Greece,Ali Muaaz
Greece,M Vervitsioti
Greece,G Fatouros
Greece,Syed Amanullah
Greece,A Paramythioti
Greece,DS Vlachopoulou
Ragama Cricket Club,K Dulanjana
Ragama Cricket Club,C Gomez
Ragama Cricket Club,S Bandara
Ragama Cricket Club,G Kotuwegoda
Ragama Cricket Club,R Jayasena
Ragama Cricket Club,GHV Dulsara
Ragama Cricket Club,H Rathnamudali
Ragama Cricket Club,HGKD Dhanushka
Ragama Cricket Club,Pulina Tharanga
Ragama Cricket Club,SMKS Senarathne
Ragama Cricket Club,S Gunathilaka
Ragama Cricket Club,KI Fernando
Ragama Cricket Club,E Malinga
Ragama Cricket Club,LN Malinga
Ragama Cricket Club,DT Hewathantri
Ragama Cricket Club,IAS Chathuranga
Ragama Cricket Club,R Gamage
Ragama Cricket Club,PWS Dulshan
Ragama Cricket Club,D Bandara
Ragama Cricket Club,RM Wijesiri
Ragama Cricket Club,LS Samarajeewa
Ragama Cricket Club,Y Liyanage
Ragama Cricket Club,J Liyanage
Ragama Cricket Club,Damitha Silva
Ragama Cricket Club,G Senhas
Ragama Cricket Club,B Fernando
Ragama Cricket Club,GSM Fernando
Ragama Cricket Club,RS Sembukuttige
Israel,R Schachat
Israel,Yair Nagavkar
Israel,E Solomon
Israel,L Kamarlekar
Israel,Emanuel Solomon
Israel,M Cohen
Israel,Yogev Nagavkar
Israel,SRM Arachichige
Israel,N Dokarker
Israel,D Massil
Israel,Y Razpurker
Israel,A Amado
Israel,M Hoffman
Israel,WSLK Narayana
Israel,J Evans
Israel,Aviel Warsulkar
Israel,Virendra Kumar
Israel,E Bhonkar
Israel,T Kahamker
Israel,Y Divekar
Israel,S Waskar
Israel,E Kahamker
Israel,PRPM Guruge
Israel,S Bangera
Israel,Niv Nagavkar
Israel,G Schachat
Israel,Elan Talker
Israel,E Samson
Israel,R Talkar
Israel,LSP Siriwardene
Suriname,J Perry
Suriname,SA Amirullah
Suriname,WA Haslim
Suriname,RJ Ramjiawan
Suriname,TA Dudnath
Suriname,GI Gokoel
Suriname,Vishaul Singh
Suriname,AAH Bhikari
Suriname,K Hardat
Suriname,T Ramautar
Suriname,M Boodram
Suriname,S Bharratt
Suriname,AK Gokoel
Suriname,HA Basropansingh
Suriname,MC Patandin
Suriname,V Hirlal
Suriname,XSD Smith
Suriname,G Singh
Suriname,S Ramjohn
Suriname,K Jaikaran
Suriname,YP Dayal
Suriname,M Balkaran
Suriname,BB Bailey
Suriname,V Shaw
Suriname,KN Singh
Suriname,SA Drepaul
Barmy Army,KK Gill
Barmy Army,Ruchitha Venkatesh
Barmy Army,DJS Dottin
Barmy Army,TG Norris
Barmy Army,RC Belbashi
Barmy Army,S Solman
Barmy Army,L Wolvaardt
Barmy Army,L Winfield-Hill
Barmy Army,Fatima Sana
Barmy Army,HC Knight
Barmy Army,Nigar Sultana
Barmy Army,H Ishimwe
Barmy Army,Rumana Ahmed
Barmy Army,KKN Egodage
Barmy Army,SA Campbelle
Barmy Army,RMAM Avery
Barmy Army,Iqra Sahar
Barmy Army,L Cardoso
Rajasthan,Manjeet Singh
Rajasthan,KS Rathore
Rajasthan,Shiva Chauhan
Rajasthan,KL Nagarkoti
Rajasthan,AR Lamba
Rajasthan,DH Yagnik
Rajasthan,KK Ahmed
Rajasthan,Pankaj Singh
Rajasthan,Suraj Ahuja
Rajasthan,R Bishnoi
Rajasthan,A Choudhary
Rajasthan,Shubham Kamal Sharma
Rajasthan,A Tomar
Rajasthan,MJ Suthar
Rajasthan,Tajinder Singh
Rajasthan,AL Menaria
Rajasthan,NB Singh
Rajasthan,Aditya Garhwal
Rajasthan,Samarpit Joshi
Rajasthan,Akash Singh
Rajasthan,Mohit Jain
Rajasthan,PR Yadav
Rajasthan,R Bhatia
Rajasthan,YB Kothari
Rajasthan,Tanveer Ul-Haq
Rajasthan,CP Singh
Rajasthan,Robin Bist
Rajasthan,ST Suwalka
Rajasthan,SS Dobal
Rajasthan,BS Sharma
Rajasthan,SF Khan
Rajasthan,RD Chahar
Rajasthan,Ankit Lamba
Rajasthan,MK Lomror
Rajasthan,Chetan Bist
Rajasthan,Arjit Gupta
Rajasthan,DJ Hooda
Rajasthan,Kukna Ajay Singh
Rajasthan,DL Chahar
Rajasthan,Ravi Bishnoi
Rajasthan,MN Singh
Boland,Z Abrahams
Boland,C Fortuin
Boland,GC Viljoen
Boland,SV Kitime
Boland,K Gumede
Boland,PJ Malan
Boland,M Copeland
Boland,C Jonker
Boland,B Capell
Boland,Siyabonga Mahima
Boland,A Gqamane
Boland,G Roelofsen
Boland,KJ Dudgeon
Boland,B Xenxe
Boland,GA Stuurman
Boland,ZC Qwabe
Boland,FD Adams
Boland,L Botha
Boland,H Hanabe
Boland,F Behardien
Boland,S von Berg
Boland,G Kaplan
Boland,JL du Plooy
Boland,I Manack
Boland,JN Malan
Boland,KD Petersen
Boland,C Tshiki
Boland,A Mnyaka
Boland,A Mgijima
Paarl Rocks,K Mungroo
Paarl Rocks,BC Fortuin
Paarl Rocks,E Bosch
Paarl Rocks,I Udana
Paarl Rocks,GC Viljoen
Paarl Rocks,T Shamsi
Paarl Rocks,D Paterson
Paarl Rocks,M Klinger
Paarl Rocks,F du Plessis
Paarl Rocks,BS Makhanya
Paarl Rocks,JM Vince
Paarl Rocks,D Wiese
Paarl Rocks,GM Thomson
Paarl Rocks,AK Markram
Paarl Rocks,H Davids
Paarl Rocks,M Mosehle
Paarl Rocks,PE Kruger
Paarl Rocks,FD Adams
Paarl Rocks,DJ Bravo
Paarl Rocks,K Verreynne
Paarl Rocks,CS Delport
Paarl Rocks,TL Moreki
Paarl Rocks,VB van Jaarsveld
Paarl Rocks,D Pretorius
North West,D Jansen
North West,TG Mokoena
North West,S Pillay
North West,WB Marshall
North West,K Mungroo
North West,S Muthusamy
North West,IHM Modimokoane
North West,C Seleka
North West,T Kumalo
North West,M Prince
North West,R Meyer
North West,GG Peters
North West,LM Zuma
North West,K Cotani
North West,C Classen
North West,A Cloete
North West,T Isaacs
North West,R van Tonder
North West,M Pretorius
North West,L Senokwane
North West,JN Diseko
North West,Z Pongolo
North West,B Xenxe
North West,L Schuld
North West,MC Kleinveldt
North West,R de Swardt
North West,D Potgieter
North West,H Coetzer
North West,NP Mvelase
North West,M Jansen
North West,LC Ngoepe
North West,WJ Lubbe
North West,EL Hawken
North West,JN Malan
North West,RA Herman
North West,NJ van den Bergh
North West,D Pretorius
North West,HG Kuhn
Trinidad & Tobago Red Steel,JN Mohammed
Trinidad & Tobago Red Steel,DPMD Jayawardene
Trinidad & Tobago Red Steel,ST Gabriel
Trinidad & Tobago Red Steel,J Botha
Trinidad & Tobago Red Steel,JC Guillen
Trinidad & Tobago Red Steel,K Lewis
Trinidad & Tobago Red Steel,DYA Davis
Trinidad & Tobago Red Steel,WKD Perkins
Trinidad & Tobago Red Steel,DE Johnson
Trinidad & Tobago Red Steel,SJ Benn
Trinidad & Tobago Red Steel,JPR Scantlebury-Searles
Trinidad & Tobago Red Steel,Y Cariah
Trinidad & Tobago Red Steel,JH Kallis
Trinidad & Tobago Red Steel,LRPL Taylor
Trinidad & Tobago Red Steel,Nasir Jamshed
Trinidad & Tobago Red Steel,AB Barath
Trinidad & Tobago Red Steel,DM Bravo
Trinidad & Tobago Red Steel,FH Edwards
Trinidad & Tobago Red Steel,E Lewis
Trinidad & Tobago Red Steel,DJ Bravo
Trinidad & Tobago Red Steel,CS Delport
Trinidad & Tobago Red Steel,S Badree
Trinidad & Tobago Red Steel,DJ Jacobs
Trinidad & Tobago Red Steel,N Pooran
Trinidad & Tobago Red Steel,M Deyal
Trinidad & Tobago Red Steel,Kamran Akmal
Trinidad & Tobago Red Steel,KK Cooper
Trinidad & Tobago Red Steel,KJ O'Brien
Trinidad & Tobago Red Steel,ML Cummins
Noakhali Express,Abu Hasim
Noakhali Express,Haider Ali
Noakhali Express,Rahmat Ali
Noakhali Express,Hassan Eisakhil
Noakhali Express,Shykat Ali
Noakhali Express,Ihsanullah
Noakhali Express,Sabbir Hossain
Noakhali Express,Soumya Sarkar
Noakhali Express,Mohammad Nabi
Noakhali Express,Mahidul Islam Ankon
Noakhali Express,Shahadat Hossain
Noakhali Express,Maaz Sadaqat
Noakhali Express,Jaker Ali
Noakhali Express,Rejaur Rahman
Noakhali Express,Musfik Hasan
Noakhali Express,Abu Jayed
Noakhali Express,Munim Shahriar
Noakhali Express,Hasan Mahmud
Noakhali Express,Bilal Sami
Noakhali Express,Zahir Khan
Noakhali Express,Habibur Rahman
Noakhali Express,Mehedi Hasan Rana
Karnataka,S Gopal
Karnataka,MS Bhandage
Karnataka,BR Sharath
Karnataka,P Dubey
Karnataka,MA Agarwal
Karnataka,Vasuki Koushik
Karnataka,MB Darshan
Karnataka,S Hegde
Karnataka,K Gowtham
Karnataka,KL Rahul
Karnataka,Aniruddha Joshi
Karnataka,D Padikkal
Karnataka,RG More
Karnataka,Rohan Kadam
Karnataka,A Manohar
Karnataka,LUVNITH SISODIA
Karnataka,S Aravind
Karnataka,Mohammed Taha
Karnataka,K L Shrijith
Karnataka,Pavan Deshpande
Karnataka,KC Cariappa
Karnataka,RV Uthappa
Karnataka,Prateek Jain
Karnataka,KK Nair
Karnataka,RA Patil
Karnataka,Ravikumar Samarth
Karnataka,CM Gautam
Karnataka,A Mithun
Karnataka,Vidyadhar Patil
Karnataka,R Vinay Kumar
Karnataka,Krishnamurthy Siddharth
Karnataka,J Suchith
Karnataka,STR Binny
Karnataka,M Prasidh Krishna
Karnataka,V Kaverappa
Karnataka,MK Pandey
Karnataka,Vijaykumar Vyshak
Karnataka,LR Chethan
Kandy Customs Cricket Club,S Fernando
Kandy Customs Cricket Club,S Rathnasuriya
Kandy Customs Cricket Club,Y Maddege
Kandy Customs Cricket Club,SU Ishak
Kandy Customs Cricket Club,KLVD Wijeratne
Kandy Customs Cricket Club,DMML Disanayaka
Kandy Customs Cricket Club,S Kosala
Kandy Customs Cricket Club,I Liyanage
Kandy Customs Cricket Club,RJI Udayanga
Kandy Customs Cricket Club,K Wijesiri
Kandy Customs Cricket Club,Asjath Khan
Kandy Customs Cricket Club,L Attanayake
Kandy Customs Cricket Club,N Dilshan
Kandy Customs Cricket Club,RP Thattil
Kandy Customs Cricket Club,R Samarahewa
Kandy Customs Cricket Club,WP de Silva
Kandy Customs Cricket Club,T Dickwella
Kandy Customs Cricket Club,RK Induwara
Kandy Customs Cricket Club,A Theekshana
Kandy Customs Cricket Club,TAN Suranga
Kandy Customs Cricket Club,BB Sanjeewa
Kandy Customs Cricket Club,S Pathirana
Kandy Customs Cricket Club,MSS Jayawickrama
Kandy Customs Cricket Club,S Jayawardena
Kandy Customs Cricket Club,Senash Fernando
Kandy Customs Cricket Club,S Manuranga
Kandy Customs Cricket Club,K Nanayakkara
Kandy Customs Cricket Club,YT Gunawardena
Kandy Customs Cricket Club,KDM Maduranga
Kandy Customs Cricket Club,SC Samarasinghe
Kandy Customs Cricket Club,WSA Appuhami
Kandy Customs Cricket Club,A Thilanchana
Kandy Customs Cricket Club,WA Dilshan
Kandy Customs Cricket Club,SSM Perera
Barbados,A Scantlebury
Barbados,A Williams
Barbados,AA Alleyne
Barbados,DJS Dottin
Barbados,Kycia A Knight
Barbados,KO Elliott
Barbados,SJ Bruce
Barbados,SC Selman
Barbados,SS Connell
Barbados,HK Matthews
Barbados,N Cumberbatch
Barbados,T Holder
Barbados,Shai Carrington
Barbados,S Carrington
Barbados,DGK Small
Barbados,Kyshona A Knight
Barbados,CO Taitt
Windward Islands,M Edward
Windward Islands,C Noel
Windward Islands,JM Joseph
Windward Islands,JB Nero
Windward Islands,ST Williams
Windward Islands,EG Turtin
Windward Islands,K Homer
Windward Islands,CP Jack
Windward Islands,NK Crafton
Windward Islands,Q Joseph
Windward Islands,A Edward
Windward Islands,ASS Fletcher
Windward Islands,AK Peters
Windward Islands,PS Etienne
Windward Islands,Z James
Windward Islands,SN Adams
Windward Islands,J Glasgow
Windward Islands,T Byron
Chile,Ignacio Lisboa
Chile,Emilia Toro
Chile,Simon Shalders
Chile,JA Miranda
Chile,Constanza Oyarce
Chile,YB Rodriguez
Chile,MBT Montero
Chile,NCC Perez
Chile,Camila Valdes
Chile,Guillermo Aburto
Chile,Nelson Jesus Navarrete Aburto
Chile,IIA Vildosola
Chile,Alex Carthew
Chile,Mario Ovalle
Chile,John Bartlett
Chile,Esperanza Rubio
Chile,Sofia Mardones
Chile,Florencia Martinez
Chile,Anthony Roe
Chile,Sofia Araya
Chile,Amit Uniyal
Chile,Yadhira Nunez
Chile,Jack Inglis
Chile,Maria Salazar
Chile,Edward Taylor
Chile,Benjamin Constanzo
Chile,Constanza Vergara
Chile,Alfredo Puentes
Chile,Franchesca Moya
Karnali Yaks,WG Bosisto
Karnali Yaks,UB Singh
Karnali Yaks,CAK Walton
Karnali Yaks,SM Dhakal
Karnali Yaks,UBS Thakuri
Karnali Yaks,S Dhawan
Karnali Yaks,Imran Sheikh
Karnali Yaks,Y Khatri
Karnali Yaks,MRJ Watt
Karnali Yaks,Priyank Panchal
Karnali Yaks,Rit Gautam
Karnali Yaks,BP Sharma
Karnali Yaks,Sompal Kami
Karnali Yaks,P Sarraf
Karnali Yaks,D Khanal
Karnali Yaks,JA Kolsawala
Karnali Yaks,MP O'Dowd
Karnali Yaks,B Karki
Karnali Yaks,D Rawat
Karnali Yaks,Deepak Dumre
Karnali Yaks,A Gharti
Karnali Yaks,Najibullah Zadran
Karnali Yaks,Babar Hayat
Karnali Yaks,Zeeshan Maqsood
Karnali Yaks,NK Yadav
Karnali Yaks,Gulsan Jha
Timor-Leste,EDS Pimheiro
Timor-Leste,RDS Morein
Timor-Leste,Raihan Hossain
Timor-Leste,Yahya Suhail
Timor-Leste,Tayyeb Javed
Timor-Leste,Nazmul Huda
Timor-Leste,D Mendonca
Timor-Leste,Arif Hosen
Timor-Leste,GF Cardos
Timor-Leste,Suhail Sattar
Timor-Leste,Rahat Kazi
Timor-Leste,Elias Tilman
Jamaica,CN Nation
Jamaica,TR Sanford
Jamaica,NA Waisome
Jamaica,CN Whyte
Jamaica,KA Cohen
Jamaica,JN Morgan
Jamaica,VN Watts
Jamaica,SR Taylor
Jamaica,NY McLean
Jamaica,K Ferron
Jamaica,RS Williams
Jamaica,C Howell
Jamaica,CA Henry
Jamaica,JE Walcott
Jamaica,J Brown
Trinidad and Tobago,F Walters
Trinidad and Tobago,MR Aguilleira
Trinidad and Tobago,LAGL Kirby
Trinidad and Tobago,R Vincent
Trinidad and Tobago,A Mohammed
Trinidad and Tobago,SACA King
Trinidad and Tobago,K Ragoobar
Trinidad and Tobago,S Lord
Trinidad and Tobago,AM Pereira
Trinidad and Tobago,R Boyce
Trinidad and Tobago,D Joseph
Trinidad and Tobago,C Isaac
Trinidad and Tobago,L Ramdeen
Trinidad and Tobago,K Ramharack
Trinidad and Tobago,S Soogrim
Trinidad and Tobago,KN Alexander
Trinidad and Tobago,B Cooper
Kathmandu Gorkhas,Sunny Patel
Kathmandu Gorkhas,Rashid Khan
Kathmandu Gorkhas,D Kandel
Kathmandu Gorkhas,A Tripathi
Kathmandu Gorkhas,JA Simpson
Kathmandu Gorkhas,Karan KC
Kathmandu Gorkhas,Shahab Alam
Kathmandu Gorkhas,MG Erasmus
Kathmandu Gorkhas,B Sharki
Kathmandu Gorkhas,Mohammad Aadil Alam
Kathmandu Gorkhas,R Vasconcelos
Kathmandu Gorkhas,Santosh Yadav
Kathmandu Gorkhas,BG Charlesworth
Kathmandu Gorkhas,P Shrestha
Kathmandu Gorkhas,Milind Kumar
Dambulla Sixers,MD Gunathilaka
Dambulla Sixers,Mustafizur Rahman
Dambulla Sixers,C Wickramasinghe
Dambulla Sixers,LU Igalagamage
Dambulla Sixers,GS Dinusha
Dambulla Sixers,N Pradeep
Dambulla Sixers,RR Hendricks
Dambulla Sixers,N Vimukthi
Dambulla Sixers,MDKJ Perera
Dambulla Sixers,N Thushara
Dambulla Sixers,MS Chapman
Dambulla Sixers,D Madushanka
Dambulla Sixers,MADI Hemantha
Dambulla Sixers,A Dananjaya
Dambulla Sixers,MNK Fernando
Dambulla Sixers,Towhid Hridoy
Dambulla Sixers,Mohammad Nabi
Dambulla Sixers,Ibrahim Zadran
Rising Pune Supergiant,MK Tiwary
Rising Pune Supergiant,SN Thakur
Rising Pune Supergiant,MA Agarwal
Rising Pune Supergiant,Washington Sundar
Rising Pune Supergiant,F du Plessis
Rising Pune Supergiant,SPD Smith
Rising Pune Supergiant,RA Tripathi
Rising Pune Supergiant,AM Rahane
Rising Pune Supergiant,R Bhatia
Rising Pune Supergiant,DT Christian
Rising Pune Supergiant,BA Stokes
Rising Pune Supergiant,Imran Tahir
Rising Pune Supergiant,MS Dhoni
Rising Pune Supergiant,Ankit Sharma
Rising Pune Supergiant,LH Ferguson
Rising Pune Supergiant,RD Chahar
Rising Pune Supergiant,A Zampa
Rising Pune Supergiant,AB Dinda
Rising Pune Supergiant,JD Unadkat
Rising Pune Supergiant,DL Chahar
Antigua Hawksbills,D Mohammed
Antigua Hawksbills,SE Thomas
Antigua Hawksbills,SS Cottrell
Antigua Hawksbills,CR Brathwaite
Antigua Hawksbills,RT Ponting
Antigua Hawksbills,DC Thomas
Antigua Hawksbills,KOA Powell
Antigua Hawksbills,DP Hyatt
Antigua Hawksbills,O Peters
Antigua Hawksbills,B Laughlin
Antigua Hawksbills,JM Kemp
Antigua Hawksbills,JJ Athanaze
Antigua Hawksbills,RRS Cornwall
Antigua Hawksbills,JN Hamilton
Antigua Hawksbills,BJ Rohrer
Antigua Hawksbills,DJ Hussey
Antigua Hawksbills,GC Tonge
Antigua Hawksbills,KAJ Roach
Antigua Hawksbills,A Martin
Antigua Hawksbills,BR Dunk
Antigua Hawksbills,GB Hogg
Antigua Hawksbills,J Charles
Antigua Hawksbills,ML Cummins
Antigua Hawksbills,MN Samuels
Dhaka Gladiators,Mashrafe Mortaza
Dhaka Gladiators,Shahid Afridi
Dhaka Gladiators,OA Shah
Dhaka Gladiators,Imran Nazir
Dhaka Gladiators,TM Dilshan
Dhaka Gladiators,Soumya Sarkar
Dhaka Gladiators,KS Lokuarachchi
Dhaka Gladiators,Dhiman Ghosh
Dhaka Gladiators,CH Gayle
Dhaka Gladiators,Mosharraf Hossain
Dhaka Gladiators,JJ Cobb
Dhaka Gladiators,AC Thomas
Dhaka Gladiators,CJ Liddle
Dhaka Gladiators,DI Stevens
Dhaka Gladiators,KA Pollard
Dhaka Gladiators,Elias Sunny
Dhaka Gladiators,Azhar Mahmood
Dhaka Gladiators,Saeed Ajmal
Dhaka Gladiators,Raqibul Hasan
Dhaka Gladiators,AN Kervezee
Dhaka Gladiators,Mahbubul Alam
Dhaka Gladiators,Anamul Haque
Dhaka Gladiators,Naved-ul-Hasan
Dhaka Gladiators,Aftab Ahmed
Dhaka Gladiators,Nazimuddin
Dhaka Gladiators,Mehrab Hossain jnr
Dhaka Gladiators,Saqlain Sajib
Dhaka Gladiators,Shakib Al Hasan
Dhaka Gladiators,LJ Wright
Dhaka Gladiators,Mohammad Ashraful
Dhaka Gladiators,Liton Das
Gujarat Giants,AB Sharma
Gujarat Giants,Ashwani Kumari
Gujarat Giants,DN Wyatt
Gujarat Giants,Simran Shaikh
Gujarat Giants,KE Bryce
Gujarat Giants,L Wolvaardt
Gujarat Giants,KS Gautam
Gujarat Giants,TN Pathan
Gujarat Giants,BS Fulmali
Gujarat Giants,SM Shakil
Gujarat Giants,Renuka Singh
Gujarat Giants,Priya Mishra
Gujarat Giants,A Sutherland
Gujarat Giants,DR Gibson
Gujarat Giants,Happy Kumari
Gujarat Giants,MS Kashyap
Gujarat Giants,P Litchfield
Gujarat Giants,D Hemalatha
Gujarat Giants,V Krishnamurthy
Gujarat Giants,KJ Garth
Gujarat Giants,BL Mooney
Gujarat Giants,M Joshi
Gujarat Giants,SFM Devine
Gujarat Giants,SG Satghare
Gujarat Giants,Shivani Singh
Gujarat Giants,TP Kanwar
Gujarat Giants,DJS Dottin
Gujarat Giants,G Wareham
Gujarat Giants,MC Patel
Gujarat Giants,A Soni
Gujarat Giants,A Gardner
Gujarat Giants,RS Gayakwad
Gujarat Giants,S Rana
Gujarat Giants,H Deol
Gujarat Giants,S Meghana
Gujarat Giants,KS Ahuja
Gujarat Giants,Meghna Singh
Gujarat Giants,LMM Tahuhu
Gujarat Giants,S Verma
Gujarat Giants,SIR Dunkley
Himachal Pradesh,Digvijay Rangi
Himachal Pradesh,Akash Vasisht
Himachal Pradesh,Pankaj Jaswal
Himachal Pradesh,Kanwar Abhinay
Himachal Pradesh,P Chopra
Himachal Pradesh,R Dhawan
Himachal Pradesh,N A Sharma
Himachal Pradesh,EC Sen
Himachal Pradesh,AKS Bains
Himachal Pradesh,Abhimanyu Rana
Himachal Pradesh,Sidharth Sharma
Himachal Pradesh,Nikhil Gangta
Himachal Pradesh,Mayank Dagar
Himachal Pradesh,SL Verma
Himachal Pradesh,VG Arora
Supernovas,DN Wyatt
Supernovas,HASD Siriwardene
Supernovas,M Raj
Supernovas,AC Jayangani
Supernovas,AA Patil
Supernovas,SC Selman
Supernovas,A King
Supernovas,S Luus
Supernovas,ML Schutt
Supernovas,EA Perry
Supernovas,P Vastrakar
Supernovas,A Khaka
Supernovas,MR Meshram
Supernovas,JI Rodrigues
Supernovas,V Krishnamurthy
Supernovas,T Bhatia
Supernovas,SFM Devine
Supernovas,M Joshi
Supernovas,Poonam Yadav
Supernovas,PS Punia
Supernovas,H Kaur
Supernovas,DJS Dottin
Supernovas,RS Gayakwad
Supernovas,H Deol
Supernovas,R Kanojiya
Supernovas,Meghna Singh
Supernovas,NR Sciver
Supernovas,LMM Tahuhu
Supernovas,RP Yadav
Supernovas,MM Lanning
Supernovas,V Chandu
Supernovas,S Ecclestone
Nagaland,YV Takawale
Nagaland,Sedezhalie Rupero
Nagaland,Rahul Sharma
Nagaland,Merenka Jamir
Nagaland,Joshua Ozukum
Nagaland,Moakumzuk Tzudir
Nagaland,SS Mundhe
Nagaland,Manjinder Singh
Nagaland,KB Pawan
Nagaland,Oren Ngullie
Nagaland,Nitesh Lohchab
Nagaland,Hem Chetri
Nagaland,AN Longchar
Nagaland,K Tewatiya
Nagaland,Chopise Hopongkyu
Nagaland,Rachit Bhatia
Nagaland,Toni Chishi
Nagaland,Inakato Zhimomi
Nagaland,Akash Singh
Nagaland,Rohit Jhanjhariya
Nagaland,P Suyal
Nagaland,Sumit Kumar
Nagaland,Imliwati Lemtur
Nagaland,Nzanthung Mozhui
Nagaland,Rongsen Jonathan
Nagaland,Hokaito Zhimomi
Nagaland,AJ Kaushik
Nagaland,Kiran Reddy
Nagaland,Nagaho Chishi
Nagaland,Gaurav
Nagaland,AA Kazi
Nagaland,Dhavanath
Nagaland,RS Jaganath Sinivas
Nagaland,Mughavi Wotsa
Nagaland,Temjentoshi Jamir
Nagaland,Bhavik Patel
Nagaland,AN Ahmed
Nagaland,Tejosel Yiethun
Nagaland,Chetan Bist
Nagaland,Khrievitso Kense
Nagaland,Tahmeed Rahman
Nagaland,SC Jingru
Nagaland,STR Binny
Nagaland,Paras Sehrawat
Nagaland,Aditya
Sinhalese Sports Club,PM Liyanagamage
Sinhalese Sports Club,MD Gunathilaka
Sinhalese Sports Club,Krishan Sanjula
Sinhalese Sports Club,NGRP Jayasuriya
Sinhalese Sports Club,D Kalupahana
Sinhalese Sports Club,S Malshan
Sinhalese Sports Club,MD Shanaka
Sinhalese Sports Club,N Jayathilake
Sinhalese Sports Club,MNK Fernando
Sinhalese Sports Club,WIA Fernando
Sinhalese Sports Club,DM Sarathchandra
Sinhalese Sports Club,KIC Asalanka
Sinhalese Sports Club,AS Hasaranga
Sinhalese Sports Club,MALR Manasinghe
Sinhalese Sports Club,ND Perera
Sinhalese Sports Club,G Balasooriya
Sinhalese Sports Club,MFM Akmal
Sinhalese Sports Club,FDM Karunaratne
Sinhalese Sports Club,NT Gamage
Sinhalese Sports Club,CAK Rajitha
Sinhalese Sports Club,K Nadeeshan
Sinhalese Sports Club,C Wickramasinghe
Sinhalese Sports Club,S Rajapaksa
Sinhalese Sports Club,S Daniel
Sinhalese Sports Club,R Somarathne
Sylhet Thunder,Nazmul Islam
Sylhet Thunder,Nayeem Hasan
Sylhet Thunder,ADS Fletcher
Sylhet Thunder,Monir Hossain
Sylhet Thunder,Sohag Gazi
Sylhet Thunder,K Santokie
Sylhet Thunder,Abdul Mazid
Sylhet Thunder,Mohammad Mithun
Sylhet Thunder,SE Rutherford
Sylhet Thunder,Ebadat Hossain
Sylhet Thunder,Mosaddek Hossain
Sylhet Thunder,Shafiqullah
Sylhet Thunder,Delwar Hossain
Sylhet Thunder,BMAJ Mendis
Sylhet Thunder,Rony Talukdar
Sylhet Thunder,Nazmul Hossain Milon
Sylhet Thunder,Naveen-ul-Haq
Sylhet Thunder,Rubel Mia
Sylhet Thunder,J Charles
Mali,M Samake
Mali,N Traore
Mali,MS Diawara
Mali,B Coulibaly
Mali,L Sanogo
Mali,D Berthe
Mali,Y Konate
Mali,A Nimaga
Mali,S Kagnassy
Mali,CA Keita
Mali,A Kone
Mali,A Sangare
Mali,D Traore
Mali,MT Diaby
Mali,TM Macalou
Mali,Mohamed Coulibaly
Mali,Z Makadji
Mali,M Malle
Mali,M Coulibaly
Mali,Y Sangare
Mali,AD Fofana
Mali,Mohamed Fadiga
Mali,O Sow
Mali,L Berthe
Mali,M Sidibe
Mali,MS Diakite
Mali,S Kamate
Mali,R Cisse
Mali,SG Diaby
Mali,T Konate
Durban Heat,WB Marshall
Durban Heat,AD Hales
Durban Heat,Rashid Khan
Durban Heat,MN van Wyk
Durban Heat,B Mavuta
Durban Heat,MP Siboto
Durban Heat,KJ Abbott
Durban Heat,M de Lange
Durban Heat,DJ Vilas
Durban Heat,RS Bopara
Durban Heat,DA Miller
Durban Heat,HM Amla
Durban Heat,AL Phehlukwayo
Durban Heat,O Cele
Durban Heat,P Subrayen
Durban Heat,SJ Erwee
Durban Heat,H Klaasen
Durban Heat,M Jansen
Durban Heat,WJ Lubbe
Durban Heat,S von Berg
Durban Heat,DM Dupavillon
Durban Heat,JA Morkel
Durban Heat,K Zondo
Durban Heat,VD Philander
Durban Heat,KA Maharaj
Durban Heat,T Bavuma
Durban Heat,T Bokako
Western Province,SV Kitime
Western Province,EM Moore
Western Province,JA Bird
Western Province,D Paterson
Western Province,BD Walters
Western Province,N Burger
Western Province,O Nyaku
Western Province,DJ Vilas
Western Province,KI Simmonds
Western Province,J Dawood
Western Province,J James
Western Province,GF Linde
Western Province,EJ Cunningham
Western Province,BE Hendricks
Western Province,M Mpongwana
Western Province,WD Parnell
Western Province,O Whitehead
Western Province,T de Zorzi
Western Province,G Kaplan
Western Province,K Verreynne
Western Province,Abdullah Bayoumy
Western Province,TL Moreki
Western Province,W Bedja
Western Province,D Smith
Western Province,DG Bedingham
Western Province,RE Levi
Western Province,MY Vallie
Western Province,L Tywaku
Western Province,M Nabe
Western Province,A Mgijima
Chitwan Rhinos,Hassan Eisakhil
Chitwan Rhinos,Basil Hameed
Chitwan Rhinos,B Rawal
Chitwan Rhinos,Deepak Bohara
Chitwan Rhinos,S Karki
Chitwan Rhinos,SA Zaib
Chitwan Rhinos,R Dhakal
Chitwan Rhinos,DJ Malan
Chitwan Rhinos,KS Airee
Chitwan Rhinos,AS Routela
Chitwan Rhinos,AR Ramjani
Chitwan Rhinos,B Acharya
Chitwan Rhinos,RS Bopara
Chitwan Rhinos,JN Loftie-Eaton
Chitwan Rhinos,LM Benkenstein
Chitwan Rhinos,R Kumar
Chitwan Rhinos,A Saud
Chitwan Rhinos,Sohail Tanvir
Chitwan Rhinos,Nar Sarki
Chitwan Rhinos,D Khanal
Chitwan Rhinos,Saugat Dhakal
Chitwan Rhinos,Gautam KC
Chitwan Rhinos,GLS Scrimshaw
Chitwan Rhinos,Kushal Malla
Chitwan Rhinos,S Vesawkar
Chattogram Royals,Aamer Jamal
Chattogram Royals,Shoriful Islam
Chattogram Royals,Mohammad Naim
Chattogram Royals,Hassan Nawaz
Chattogram Royals,Mohammad Haris
Chattogram Royals,Abu Hider
Chattogram Royals,Arafat Sunny
Chattogram Royals,Mahmudul Hasan Joy
Chattogram Royals,Masood Gurbaz
Chattogram Royals,Zahiduzzaman
Chattogram Royals,Ziaur Rahman
Chattogram Royals,Tanvir Islam
Chattogram Royals,Mahfijul Islam
Chattogram Royals,Shadman Islam
Chattogram Royals,Mirza Tahir Baig
Chattogram Royals,AM Rossington
Chattogram Royals,Asif Ali
Chattogram Royals,Mukidul Islam
Chattogram Royals,Mahedi Hasan
Chattogram Royals,Mirza Baig
Rawalpindiz,DJ Mitchell
Rawalpindiz,Naseem Shah
Rawalpindiz,Asif Afridi
Rawalpindiz,UT Khawaja
Rawalpindiz,Razaullah
Rawalpindiz,Mohammad Amir
Rawalpindiz,CE McConchie
Rawalpindiz,Amad Butt
Rawalpindiz,Mubasir Khan
Rawalpindiz,D Forrester
Rawalpindiz,SW Billings
Rawalpindiz,Abdullah Fazal
Rawalpindiz,Saad Masood
Rawalpindiz,Jalat Khan
Rawalpindiz,Yasir Khan
Rawalpindiz,Rishad Hossain
Rawalpindiz,Mohammad Amir Khan
Rawalpindiz,Shahzaib Khan
Rawalpindiz,BV Sears
Rawalpindiz,Mohammad Rizwan
Rawalpindiz,Kamran Ghulam
Slovenia,KK Sharma
Slovenia,Muhammad Siddiqui
Slovenia,Mazhar Khan
Slovenia,Junaed Mullah
Slovenia,Saeed Waqar Ali
Slovenia,NL Ujawe
Slovenia,S Koppolu
Slovenia,Tarun Sharma
Slovenia,Waqar Khan
Slovenia,Rasheed Ali Mamadkhel
Slovenia,Izaz Ali
Slovenia,Ramanjot Singh
Slovenia,MH Oman
Slovenia,Shahid Arshad
Slovenia,DK Pallekonda
Slovenia,Ayyaz Qureshi
Slovenia,Merwais Shinwari
Slovenia,BS Sandhu
Slovenia,P Pustoslemsek
Slovenia,Haris Karim
Slovenia,Rizwan Zahoor
Slovenia,D Matla
Slovenia,J Mikulic
Slovenia,Awais Ikram
Slovenia,Dayal Joy
Slovenia,Taher Muhammad
Slovenia,OJR Groves
Negombo Cricket Club,P Ushettige
Negombo Cricket Club,MS Silva
Negombo Cricket Club,PSU Fernando
Negombo Cricket Club,Kaveen Fernando
Negombo Cricket Club,K Wanniarachchi
Negombo Cricket Club,D Sandaruwan
Negombo Cricket Club,RAKA Ranasinghe
Negombo Cricket Club,SADU Indrasiri
Negombo Cricket Club,WRC Fernando
Negombo Cricket Club,H Hiruna
Negombo Cricket Club,SSL Vithanage
Negombo Cricket Club,K Sathsara
Negombo Cricket Club,HHD Sandaruwan
Negombo Cricket Club,HS Liyanage
Negombo Cricket Club,EMDY Munaweera
Negombo Cricket Club,CT Sandaruwan
Negombo Cricket Club,U Lakshan
Negombo Cricket Club,AJADDLA Jayasinghe
Negombo Cricket Club,P Maduwantha
Negombo Cricket Club,GWR Lakmal
Negombo Cricket Club,TAM Siriwardana
Negombo Cricket Club,MS Warnapura
Negombo Cricket Club,S Samarasinghe
Negombo Cricket Club,KN Peiris
Negombo Cricket Club,Pasindu Lakshanka
Negombo Cricket Club,NW Imeshan
Africa XI,JA Rudolph
Africa XI,JL Ontong
Africa XI,J Botha
Africa XI,MV Boucher
Africa XI,SO Tikolo
Africa XI,GC Smith
Africa XI,HH Dippenaar
Africa XI,PJ Ongondo
Africa XI,SM Pollock
Africa XI,DW Steyn
Africa XI,JH Kallis
Africa XI,N Boje
Africa XI,LE Bosman
Africa XI,M Morkel
Africa XI,M Zondeki
Africa XI,JM Kemp
Africa XI,V Sibanda
Africa XI,E Chigumbura
Africa XI,AB de Villiers
Africa XI,HH Streak
Africa XI,JA Morkel
Africa XI,AG Prince
Africa XI,T Taibu
Africa XI,TM Odoyo
Asia XI,Mashrafe Mortaza
Asia XI,DPMD Jayawardene
Asia XI,Shahid Afridi
Asia XI,Inzamam-ul-Haq
Asia XI,Mohammad Yousuf
Asia XI,A Kumble
Asia XI,WU Tharanga
Asia XI,Yuvraj Singh
Asia XI,Harbhajan Singh
Asia XI,SC Ganguly
Asia XI,M Muralitharan
Asia XI,Mohammad Asif
Asia XI,KC Sangakkara
Asia XI,Yousuf Youhana
Asia XI,Shoaib Akhtar
Asia XI,ST Jayasuriya
Asia XI,MS Dhoni
Asia XI,A Nehra
Asia XI,Mohammad Rafique
Asia XI,Z Khan
Asia XI,CRD Fernando
Asia XI,Mohammad Ashraful
Asia XI,V Sehwag
Asia XI,Abdul Razzaq
B-Love Kandy,Aamer Jamal
B-Love Kandy,LD Chandimal
B-Love Kandy,I Udana
B-Love Kandy,Mohammad Haris
B-Love Kandy,PC de Silva
B-Love Kandy,PTM Dabare
B-Love Kandy,N Pradeep
B-Love Kandy,Fakhar Zaman
B-Love Kandy,PVD Chameera
B-Love Kandy,Mujeeb Ur Rahman
B-Love Kandy,LD Madushanka
B-Love Kandy,SSD Arachchige
B-Love Kandy,Sarfraz Ahmed
B-Love Kandy,Mohammad Hasnain
B-Love Kandy,PWH de Silva
B-Love Kandy,PHKD Mendis
B-Love Kandy,KNA Bandara
B-Love Kandy,Asif Ali
B-Love Kandy,AD Mathews
Turks and Caicos Island,A Kuthalingham
Turks and Caicos Island,K Jack
Turks and Caicos Island,S Vithayathil
Turks and Caicos Island,E Henry
Turks and Caicos Island,M Turner
Turks and Caicos Island,M Smith
Turks and Caicos Island,G Bruno
Turks and Caicos Island,G Campbell
Turks and Caicos Island,D Hardware
Turks and Caicos Island,I Ganness
Turks and Caicos Island,A McKnight
Turks and Caicos Island,G Kuthalingham
Turks and Caicos Island,D Bourne
Turks and Caicos Island,D St Ange
Turks and Caicos Island,R Johnson
Turks and Caicos Island,J Daley
Turks and Caicos Island,S Hunter
Kathmandu Gurkhas,Rashid Khan
Kathmandu Gurkhas,NA Sowter
Kathmandu Gurkhas,DA Douthwaite
Kathmandu Gurkhas,SS Eskinazi
Kathmandu Gurkhas,Karan KC
Kathmandu Gurkhas,Shahab Alam
Kathmandu Gurkhas,R Rijal
Kathmandu Gurkhas,MG Erasmus
Kathmandu Gurkhas,B Sharki
Kathmandu Gurkhas,S Maharjan
Kathmandu Gurkhas,M Levitt
Kathmandu Gurkhas,D Kandel
Kathmandu Gurkhas,P Shrestha
Kathmandu Gurkhas,Shankar Rana
Ivory Coast,QF Djakaridja
Ivory Coast,LKW Ezechiel
Ivory Coast,KY Wilfried
Ivory Coast,O Issouf
Ivory Coast,K Nagnama
Ivory Coast,MC Alex
Ivory Coast,PK Dimitri
Ivory Coast,OK Mohamed
Ivory Coast,DKJ Claude
Ivory Coast,KMA Aziz
Ivory Coast,M Ibrahim
Ivory Coast,AK Roger
Ivory Coast,D Issiaka
Tornadoes,Aliya Riaz
Tornadoes,KJ Martin
Tornadoes,M Bibi
Tornadoes,D van Niekerk
Tornadoes,A Dowse
Tornadoes,Diana Baig
Tornadoes,SR Taylor
Tornadoes,M Musonda
Tornadoes,NT Miles
Tornadoes,AM Zepeda
Tornadoes,D Saxena
Tornadoes,S Luus
Tornadoes,SL Kalis
Tornadoes,SFM Devine
Tornadoes,SR Magar
Tornadoes,WA Duraisingam
Tornadoes,C Sutthiruang
Warriors (FairBreak),KE Bryce
Warriors (FairBreak),G Redmayne
Warriors (FairBreak),Bella Poon
Warriors (FairBreak),Yasmeen Khan
Warriors (FairBreak),SS Connell
Warriors (FairBreak),JO Alumbro
Warriors (FairBreak),C Raack
Warriors (FairBreak),HK Matthews
Warriors (FairBreak),ER Oza
Warriors (FairBreak),M Martinez
Warriors (FairBreak),KDU Prabodhani
Warriors (FairBreak),M du Preez
Warriors (FairBreak),S Mosweu
Warriors (FairBreak),Shanzeen Shahzad
Warriors (FairBreak),S Sriharsha
Sylhet Sunrisers,Nazmul Islam
Sylhet Sunrisers,Alok Kapali
Sylhet Sunrisers,LMP Simmons
Sylhet Sunrisers,Mizanur Rahman
Sylhet Sunrisers,Shiraz Ahmed
Sylhet Sunrisers,Shafiul Hayet
Sylhet Sunrisers,Alauddin Babu
Sylhet Sunrisers,Jubair Hossain
Sylhet Sunrisers,Sohag Gazi
Sylhet Sunrisers,Muktar Ali
Sylhet Sunrisers,RS Bopara
Sylhet Sunrisers,Mohammad Mithun
Sylhet Sunrisers,Nadif Chowdhury
Sylhet Sunrisers,Sunzamul Islam
Sylhet Sunrisers,Anamul Haque
Sylhet Sunrisers,Mosaddek Hossain
Sylhet Sunrisers,CA Ingram
Sylhet Sunrisers,Aks Swadhin
Sylhet Sunrisers,KOK Williams
Sylhet Sunrisers,Taskin Ahmed
Sylhet Super Stars,Nazmul Islam
Sylhet Super Stars,Shahid Afridi
Sylhet Super Stars,OA Shah
Sylhet Super Stars,Abdur Razzak
Sylhet Super Stars,JJ Cobb
Sylhet Super Stars,Nurul Hasan
Sylhet Super Stars,BAW Mendis
Sylhet Super Stars,RS Bopara
Sylhet Super Stars,Mohammad Shahid
Sylhet Super Stars,EMDY Munaweera
Sylhet Super Stars,Junaid Siddique
Sylhet Super Stars,Sohail Tanvir
Sylhet Super Stars,FH Edwards
Sylhet Super Stars,Mushfiqur Rahim
Sylhet Super Stars,Hammad Azam
Sylhet Super Stars,Rubel Hossain
Sylhet Super Stars,Nazmul Hossain Milon
Sylhet Super Stars,Subashis Roy
Sylhet Super Stars,Nasum Ahmed
Sylhet Super Stars,GSNFG Jayasuriya
Sylhet Super Stars,Mominul Haque
KwaZulu-Natal Inland,A Mhletywa
KwaZulu-Natal Inland,M Khumalo
KwaZulu-Natal Inland,T Kumalo
KwaZulu-Natal Inland,MJ Nofal
KwaZulu-Natal Inland,D Ridgaard
KwaZulu-Natal Inland,S Nhlebela
KwaZulu-Natal Inland,MN Erlank
KwaZulu-Natal Inland,CD Shekleton
KwaZulu-Natal Inland,KJ Dudgeon
KwaZulu-Natal Inland,M Budaza
KwaZulu-Natal Inland,CS Delport
Iran,Nader Zahadiafzal
Iran,Naiem Bameri
Iran,Emran Shahbakhsh
Iran,Mehran Siasar
Iran,Masood Jayezeh
Iran,Arshad Mazarzei
Iran,Navid Abdollahpour
Iran,Navid Balouch
Iran,Yousef Shadzehisarjou
Iran,DK Dahani
Iran,Ali Mohammadipour
